transaction_id,user_id,amount,timestamp,merchant,category,location
TXN_000798,USER_016,2428.515553581319,2025-11-10 04:48:00,Target,Food,"Beijing, CN"
TXN_001879,USER_018,622.35,2025-11-10 06:30:00,Whole Foods,Shopping,"Lyon, FR"
TXN_000756,USER_007,8.65,2025-11-10 07:20:00,Google Play,Fuel,"Amsterdam, NL"
TXN_000693,USER_047,114.12,2025-11-10 07:32:00,Whole Foods,Healthcare,"Amsterdam, NL"
TXN_000455,USER_017,23.09,2025-11-10 07:35:00,Shell Gas,Other,"Lyon, FR"
TXN_000871,USER_035,44.54,2025-11-10 08:28:00,Target,Entertainment,"New York, US"
TXN_000699,USER_007,37.18,2025-11-10 09:51:00,Steam,Subscription,"Madrid, ES"
TXN_001905,USER_048,7.26,2025-11-10 10:07:00,Walmart,Other,"Brussels, BE"
TXN_000685,USER_031,106.88,2025-11-10 10:09:00,CVS,Entertainment,"Marseille, FR"
TXN_FRAUD_7_0,USER_031,439.50059965052935,2025-11-10 10:09:00,CVS,Entertainment,"Marseille, FR"
TXN_FRAUD_7_1,USER_031,446.70900338484904,2025-11-10 10:14:00,CVS,Entertainment,"Marseille, FR"
TXN_FRAUD_7_2,USER_031,427.6041809897103,2025-11-10 10:19:00,CVS,Entertainment,"Marseille, FR"
TXN_001698,USER_014,55.32,2025-11-10 13:00:00,Steam,Food,"London, UK"
TXN_000834,USER_032,318.6,2025-11-10 13:21:00,Walmart,Fuel,"Madrid, ES"
TXN_001737,USER_015,8.51,2025-11-10 14:28:00,Uber,Entertainment,"Rome, IT"
TXN_000939,USER_013,51.78,2025-11-10 14:33:00,Amazon,Other,"Brussels, BE"
TXN_001173,USER_013,38.28,2025-11-10 15:55:00,Amazon,Subscription,"Lyon, FR"
TXN_000275,USER_008,11.6,2025-11-10 16:19:00,PayPal,Transport,"Marseille, FR"
TXN_000190,USER_018,18.67,2025-11-10 19:06:00,Spotify,Other,"Amsterdam, NL"
TXN_001320,USER_027,36.34,2025-11-10 19:23:00,Uber,Entertainment,"Lyon, FR"
TXN_001812,USER_043,2604.197265411787,2025-11-11 01:31:00,Netflix,Transport,"Beijing, CN"
TXN_000506,USER_041,54.07,2025-11-11 03:32:00,McDonalds,Food,"Lagos, NG"
TXN_001832,USER_046,15.75,2025-11-11 04:02:00,Amazon,Other,"Lyon, FR"
TXN_001998,USER_048,37.08,2025-11-11 07:15:00,Hotels.com,Utilities,"London, UK"
TXN_FRAUD_19_0,USER_048,121.63333803833055,2025-11-11 07:15:00,Hotels.com,Utilities,"London, UK"
TXN_FRAUD_19_1,USER_048,142.4039324007848,2025-11-11 07:20:00,Hotels.com,Utilities,"London, UK"
TXN_001908,USER_026,87.26,2025-11-11 07:22:00,Airbnb,Travel,"Marseille, FR"
TXN_FRAUD_19_2,USER_048,332.642829638035,2025-11-11 07:25:00,Hotels.com,Utilities,"London, UK"
TXN_001230,USER_038,49.74,2025-11-11 07:27:00,Delta Airlines,Healthcare,"Marseille, FR"
TXN_001624,USER_023,4383.1711405323595,2025-11-11 07:40:00,Netflix,Fuel,"Amsterdam, NL"
TXN_001132,USER_027,33.73,2025-11-11 07:47:00,Netflix,Healthcare,"New York, US"
TXN_001724,USER_007,14.43,2025-11-11 08:26:00,Target,Other,"New York, US"
TXN_000607,USER_037,16.34,2025-11-11 08:27:00,McDonalds,Subscription,"Berlin, DE"
TXN_000616,USER_034,15.17,2025-11-11 10:11:00,Apple Store,Transport,"Madrid, ES"
TXN_000432,USER_003,70.78,2025-11-11 11:07:00,Whole Foods,Other,"Lyon, FR"
TXN_001249,USER_050,54.1,2025-11-11 11:18:00,Airbnb,Fuel,"Rome, IT"
TXN_001201,USER_008,33.27,2025-11-11 12:27:00,Hertz,Fuel,"Lyon, FR"
TXN_001039,USER_021,6.08,2025-11-11 13:58:00,Netflix,Other,"Lyon, FR"
TXN_000845,USER_028,21.77,2025-11-11 14:21:00,BestBuy,Shopping,"Madrid, ES"
TXN_001272,USER_044,3742.891811912977,2025-11-11 14:41:00,Target,Shopping,"Madrid, ES"
TXN_001256,USER_017,104.51,2025-11-11 15:35:00,BestBuy,Other,"Marseille, FR"
TXN_000546,USER_007,8.91,2025-11-11 16:54:00,Netflix,Entertainment,"Brussels, BE"
TXN_001744,USER_013,30.03,2025-11-12 02:59:00,Netflix,Food,"Paris, FR"
TXN_001930,USER_015,35.97,2025-11-12 03:25:00,Whole Foods,Other,"Rome, IT"
TXN_001662,USER_033,60.8,2025-11-12 04:55:00,Hertz,Transport,"Paris, FR"
TXN_000736,USER_024,47.08,2025-11-12 05:09:00,Spotify,Utilities,"London, UK"
TXN_000112,USER_045,274.66,2025-11-12 05:42:00,Whole Foods,Healthcare,"Rome, IT"
TXN_001604,USER_004,21.36,2025-11-12 06:10:00,Netflix,Travel,"Marseille, FR"
TXN_001419,USER_009,1.32,2025-11-12 06:18:00,Google Play,Utilities,"Berlin, DE"
TXN_000465,USER_040,17.8,2025-11-12 07:03:00,Shell Gas,Food,"Lyon, FR"
TXN_001665,USER_032,39.59,2025-11-12 07:09:00,PayPal,Transport,"Madrid, ES"
TXN_001810,USER_011,12.71,2025-11-12 08:26:00,BestBuy,Transport,"London, UK"
TXN_001830,USER_022,4.92,2025-11-12 09:26:00,Whole Foods,Subscription,"Madrid, ES"
TXN_001703,USER_044,21.06,2025-11-12 09:32:00,Hertz,Other,"London, UK"
TXN_000877,USER_021,36.45,2025-11-12 10:12:00,BestBuy,Fuel,"Paris, FR"
TXN_000280,USER_026,6.88,2025-11-12 12:08:00,McDonalds,Other,"Rome, IT"
TXN_000406,USER_031,218.02,2025-11-12 14:11:00,Apple Store,Food,"Madrid, ES"
TXN_001470,USER_011,31.08,2025-11-12 14:22:00,Apple Store,Shopping,"Rome, IT"
TXN_001695,USER_015,25.54,2025-11-12 14:36:00,Netflix,Travel,"New York, US"
TXN_001368,USER_005,23.96,2025-11-12 14:43:00,Uber,Fuel,"Berlin, DE"
TXN_000031,USER_032,25.83,2025-11-12 15:55:00,Google Play,Utilities,"New York, US"
TXN_001587,USER_028,61.81,2025-11-12 15:55:00,McDonalds,Transport,"Rome, IT"
TXN_000751,USER_033,95.05,2025-11-12 17:43:00,Amazon,Subscription,"Marseille, FR"
TXN_001238,USER_042,16.16,2025-11-12 17:57:00,Hotels.com,Healthcare,"Marseille, FR"
TXN_001076,USER_021,8.11,2025-11-12 20:37:00,Netflix,Fuel,"Brussels, BE"
TXN_000966,USER_038,1781.7720257057338,2025-11-13 01:18:00,BestBuy,Utilities,"Moscow, RU"
TXN_001401,USER_015,23.64,2025-11-13 04:38:00,Amazon,Transport,"London, UK"
TXN_001530,USER_010,86.4,2025-11-13 06:06:00,Netflix,Entertainment,"Amsterdam, NL"
TXN_000668,USER_032,53.59,2025-11-13 06:12:00,PayPal,Transport,"Berlin, DE"
TXN_000380,USER_041,28.32,2025-11-13 06:19:00,Hertz,Utilities,"London, UK"
TXN_000378,USER_003,34.33,2025-11-13 06:53:00,Walmart,Other,"London, UK"
TXN_000524,USER_007,242.78,2025-11-13 06:53:00,Google Play,Fuel,"Lyon, FR"
TXN_001897,USER_046,64.81,2025-11-13 06:58:00,Apple Store,Healthcare,"London, UK"
TXN_001179,USER_040,108.46,2025-11-13 08:41:00,McDonalds,Entertainment,"Berlin, DE"
TXN_001786,USER_032,63.52,2025-11-13 11:59:00,Shell Gas,Food,"Madrid, ES"
TXN_001379,USER_008,14.31,2025-11-13 14:13:00,Hotels.com,Transport,"Rome, IT"
TXN_000712,USER_007,66.61,2025-11-13 15:01:00,McDonalds,Utilities,"Lyon, FR"
TXN_000240,USER_043,2.45,2025-11-13 15:56:00,Amazon,Travel,"New York, US"
TXN_000881,USER_043,112.28,2025-11-13 17:18:00,McDonalds,Fuel,"New York, US"
TXN_001298,USER_013,34.74,2025-11-13 17:34:00,Whole Foods,Entertainment,"Rome, IT"
TXN_001670,USER_012,66.6,2025-11-13 18:33:00,Walmart,Utilities,"Madrid, ES"
TXN_001213,USER_032,63.97,2025-11-13 19:52:00,Hotels.com,Food,"Berlin, DE"
TXN_000822,USER_027,189.76,2025-11-13 22:23:00,Hertz,Shopping,"Lagos, NG"
TXN_000003,USER_028,46.29,2025-11-14 02:49:00,Target,Entertainment,"New York, US"
TXN_001188,USER_046,35.23,2025-11-14 04:05:00,PayPal,Food,"Rome, IT"
TXN_000466,USER_039,16.14,2025-11-14 06:16:00,CVS,Shopping,"New York, US"
TXN_001945,USER_016,6.22,2025-11-14 08:00:00,Starbucks,Utilities,"New York, US"
TXN_001251,USER_011,21.34,2025-11-14 08:32:00,CVS,Utilities,"Amsterdam, NL"
TXN_000196,USER_032,32.93,2025-11-14 09:56:00,Delta Airlines,Other,"Berlin, DE"
TXN_000763,USER_048,46.61,2025-11-14 10:25:00,Whole Foods,Entertainment,"Berlin, DE"
TXN_001244,USER_024,357.83,2025-11-14 12:50:00,Whole Foods,Subscription,"Berlin, DE"
TXN_001457,USER_049,84.86,2025-11-14 13:15:00,BestBuy,Healthcare,"Rome, IT"
TXN_001194,USER_014,220.02,2025-11-14 14:17:00,Steam,Fuel,"Lyon, FR"
TXN_000430,USER_035,69.57,2025-11-14 14:46:00,McDonalds,Healthcare,"Marseille, FR"
TXN_000574,USER_019,28.99,2025-11-14 15:05:00,Uber,Fuel,"London, UK"
TXN_001425,USER_007,147.44,2025-11-14 15:38:00,Delta Airlines,Other,"Paris, FR"
TXN_001074,USER_001,46.35,2025-11-14 16:06:00,CVS,Shopping,"Brussels, BE"
TXN_001030,USER_045,59.53,2025-11-14 17:09:00,Target,Transport,"Paris, FR"
TXN_000401,USER_033,4.69,2025-11-14 22:50:00,Walmart,Transport,"Berlin, DE"
TXN_000341,USER_013,281.07,2025-11-14 23:08:00,Spotify,Fuel,"Madrid, ES"
TXN_000803,USER_007,48.99,2025-11-15 00:48:00,Starbucks,Transport,"Berlin, DE"
TXN_000338,USER_009,2805.3835799562303,2025-11-15 02:10:00,Hertz,Travel,"Moscow, RU"
TXN_001536,USER_046,18.51,2025-11-15 02:48:00,Netflix,Fuel,"Amsterdam, NL"
TXN_001301,USER_022,8.67,2025-11-15 05:13:00,BestBuy,Entertainment,"Brussels, BE"
TXN_001036,USER_041,7.71,2025-11-15 05:35:00,Hertz,Fuel,"Lyon, FR"
TXN_000783,USER_005,46.41,2025-11-15 06:07:00,Spotify,Subscription,"Brussels, BE"
TXN_000811,USER_029,291.1,2025-11-15 07:52:00,Netflix,Travel,"Paris, FR"
TXN_000724,USER_009,68.0,2025-11-15 08:15:00,Target,Healthcare,"New York, US"
TXN_000086,USER_017,138.22,2025-11-15 08:33:00,PayPal,Shopping,"Brussels, BE"
TXN_000509,USER_018,18.61,2025-11-15 08:47:00,Target,Utilities,"Brussels, BE"
TXN_000935,USER_024,82.79,2025-11-15 10:32:00,Delta Airlines,Healthcare,"New York, US"
TXN_000508,USER_034,40.84,2025-11-15 13:02:00,Shell Gas,Other,"Rome, IT"
TXN_000467,USER_048,18.26,2025-11-15 16:13:00,Airbnb,Entertainment,"Brussels, BE"
TXN_001310,USER_049,27.61,2025-11-15 16:25:00,McDonalds,Travel,"Lyon, FR"
TXN_001099,USER_029,76.44,2025-11-15 16:47:00,Uber,Entertainment,"Berlin, DE"
TXN_001086,USER_034,25.91,2025-11-15 17:08:00,Hertz,Other,"Marseille, FR"
TXN_000909,USER_015,7.67,2025-11-15 18:30:00,Shell Gas,Fuel,"Berlin, DE"
TXN_001046,USER_017,18.71,2025-11-15 19:19:00,Airbnb,Fuel,"London, UK"
TXN_000577,USER_035,5.08,2025-11-15 20:36:00,Airbnb,Fuel,"New York, US"
TXN_000744,USER_030,15.59,2025-11-16 03:46:00,Google Play,Entertainment,"London, UK"
TXN_001609,USER_046,35.43,2025-11-16 03:47:00,Airbnb,Subscription,"Lyon, FR"
TXN_001253,USER_037,33.56,2025-11-16 04:30:00,Spotify,Other,"Paris, FR"
TXN_000816,USER_040,10.89,2025-11-16 04:48:00,McDonalds,Fuel,"Rome, IT"
TXN_000048,USER_007,19.84,2025-11-16 06:29:00,Hertz,Shopping,"Lyon, FR"
TXN_000318,USER_017,2.28,2025-11-16 08:29:00,Hotels.com,Travel,"Brussels, BE"
TXN_001661,USER_037,57.98,2025-11-16 09:24:00,Delta Airlines,Entertainment,"Rome, IT"
TXN_000846,USER_010,45.33,2025-11-16 09:30:00,Walmart,Entertainment,"London, UK"
TXN_FRAUD_120_0,USER_006,497.70282417820624,2025-11-16 09:57:00,McDonalds,Other,"Paris, FR"
TXN_000268,USER_006,36.43,2025-11-16 09:57:00,McDonalds,Other,"Paris, FR"
TXN_FRAUD_120_1,USER_006,198.94174833992255,2025-11-16 10:02:00,McDonalds,Other,"Paris, FR"
TXN_FRAUD_120_2,USER_006,428.2437665139405,2025-11-16 10:07:00,McDonalds,Other,"Paris, FR"
TXN_000214,USER_044,194.8,2025-11-16 10:46:00,CVS,Subscription,"London, UK"
TXN_000709,USER_007,13.48,2025-11-16 11:13:00,Whole Foods,Fuel,"Rome, IT"
TXN_000409,USER_047,2673.567371854251,2025-11-16 11:25:00,Hotels.com,Transport,"Brussels, BE"
TXN_001205,USER_029,16.84,2025-11-16 11:56:00,Amazon,Subscription,"Paris, FR"
TXN_000978,USER_009,21.71,2025-11-16 13:21:00,PayPal,Subscription,"Brussels, BE"
TXN_000770,USER_031,86.44,2025-11-16 13:43:00,Whole Foods,Other,"Amsterdam, NL"
TXN_000069,USER_017,13.06,2025-11-16 13:53:00,PayPal,Utilities,"Paris, FR"
TXN_000343,USER_023,44.71,2025-11-16 15:43:00,Apple Store,Utilities,"Lyon, FR"
TXN_000667,USER_030,23.55,2025-11-16 15:58:00,Whole Foods,Healthcare,"Madrid, ES"
TXN_000710,USER_010,43.4,2025-11-16 16:11:00,Amazon,Healthcare,"Lyon, FR"
TXN_000789,USER_039,11.89,2025-11-16 16:30:00,BestBuy,Shopping,"Paris, FR"
TXN_001161,USER_006,11.54,2025-11-16 16:54:00,PayPal,Transport,"Marseille, FR"
TXN_001152,USER_012,22.55,2025-11-16 17:14:00,Spotify,Utilities,"Rome, IT"
TXN_001006,USER_036,17.27,2025-11-16 18:49:00,Steam,Fuel,"Lyon, FR"
TXN_000679,USER_048,143.96,2025-11-17 00:36:00,Uber,Other,"Madrid, ES"
TXN_001252,USER_017,56.41,2025-11-17 04:28:00,Hotels.com,Other,"Marseille, FR"
TXN_001788,USER_030,13.89,2025-11-17 07:11:00,Delta Airlines,Shopping,"Marseille, FR"
TXN_000717,USER_037,440.05,2025-11-17 08:57:00,BestBuy,Food,"Berlin, DE"
TXN_001231,USER_019,6.6,2025-11-17 09:11:00,Hertz,Shopping,"Paris, FR"
TXN_001115,USER_018,23.71,2025-11-17 09:28:00,Netflix,Healthcare,"Paris, FR"
TXN_001834,USER_006,46.05,2025-11-17 11:56:00,Google Play,Subscription,"London, UK"
TXN_000582,USER_014,7.36,2025-11-17 14:24:00,Google Play,Fuel,"London, UK"
TXN_000017,USER_050,9.72,2025-11-17 15:02:00,Walmart,Travel,"Madrid, ES"
TXN_000291,USER_038,13.89,2025-11-17 16:10:00,Delta Airlines,Food,"London, UK"
TXN_000111,USER_027,70.53,2025-11-17 18:01:00,PayPal,Healthcare,"Amsterdam, NL"
TXN_001982,USER_032,21.5,2025-11-17 18:10:00,Amazon,Other,"Rome, IT"
TXN_001719,USER_044,72.65,2025-11-17 18:23:00,Walmart,Utilities,"Madrid, ES"
TXN_000468,USER_014,27.07,2025-11-17 18:56:00,Delta Airlines,Utilities,"New York, US"
TXN_000663,USER_001,177.13,2025-11-17 19:41:00,Uber,Transport,"New York, US"
TXN_000449,USER_008,143.71,2025-11-17 21:41:00,Hertz,Fuel,"New York, US"
TXN_000367,USER_006,723.36,2025-11-18 01:07:00,Steam,Subscription,"Brussels, BE"
TXN_001123,USER_021,8.79,2025-11-18 04:23:00,Hertz,Food,"Marseille, FR"
TXN_001290,USER_026,30.27,2025-11-18 06:22:00,Uber,Shopping,"Madrid, ES"
TXN_001299,USER_025,44.36,2025-11-18 06:38:00,Hertz,Utilities,"Rome, IT"
TXN_001675,USER_027,6.05,2025-11-18 07:18:00,Amazon,Healthcare,"New York, US"
TXN_000056,USER_012,50.13,2025-11-18 07:26:00,Target,Entertainment,"Madrid, ES"
TXN_000018,USER_018,27.27,2025-11-18 11:01:00,Whole Foods,Travel,"New York, US"
TXN_001513,USER_033,125.91,2025-11-18 11:10:00,PayPal,Other,"Lagos, NG"
TXN_001717,USER_045,25.06,2025-11-18 12:38:00,Starbucks,Shopping,"Rome, IT"
TXN_001053,USER_047,5.22,2025-11-18 13:30:00,Hertz,Healthcare,"New York, US"
TXN_000726,USER_047,21.68,2025-11-18 14:53:00,Steam,Fuel,"Madrid, ES"
TXN_001684,USER_037,6.95,2025-11-18 16:07:00,Target,Healthcare,"Lyon, FR"
TXN_001488,USER_021,12.51,2025-11-18 16:28:00,Shell Gas,Healthcare,"London, UK"
TXN_000892,USER_040,30.86,2025-11-18 16:45:00,Shell Gas,Travel,"Rome, IT"
TXN_001842,USER_032,88.56,2025-11-18 17:00:00,Walmart,Transport,"New York, US"
TXN_000290,USER_029,29.91,2025-11-18 17:18:00,Airbnb,Utilities,"London, UK"
TXN_000665,USER_017,58.34,2025-11-19 01:49:00,Target,Entertainment,"Rome, IT"
TXN_000604,USER_031,17.1,2025-11-19 03:02:00,Steam,Food,"Lyon, FR"
TXN_000541,USER_025,1911.2229611356506,2025-11-19 03:16:00,CVS,Subscription,"Moscow, RU"
TXN_001328,USER_008,53.26,2025-11-19 04:45:00,Uber,Subscription,"Amsterdam, NL"
TXN_000361,USER_009,12.69,2025-11-19 06:16:00,McDonalds,Subscription,"Lyon, FR"
TXN_000356,USER_029,27.69,2025-11-19 06:24:00,Starbucks,Fuel,"Berlin, DE"
TXN_001454,USER_007,62.46,2025-11-19 06:30:00,Delta Airlines,Subscription,"Rome, IT"
TXN_000062,USER_007,4.45,2025-11-19 08:22:00,Shell Gas,Fuel,"London, UK"
TXN_001204,USER_011,15.78,2025-11-19 10:07:00,CVS,Travel,"Brussels, BE"
TXN_001552,USER_027,27.66,2025-11-19 12:03:00,Hotels.com,Food,"Berlin, DE"
TXN_001917,USER_026,177.77,2025-11-19 12:21:00,Spotify,Utilities,"New York, US"
TXN_000072,USER_008,176.05,2025-11-19 12:44:00,Starbucks,Fuel,"Paris, FR"
TXN_000688,USER_024,17.44,2025-11-19 13:11:00,Steam,Other,"Lyon, FR"
TXN_001303,USER_015,15.19,2025-11-19 13:50:00,Starbucks,Subscription,"Paris, FR"
TXN_000696,USER_048,7.54,2025-11-19 14:03:00,Google Play,Travel,"Marseille, FR"
TXN_000632,USER_041,65.62,2025-11-19 16:19:00,Airbnb,Fuel,"Berlin, DE"
TXN_001950,USER_014,6.86,2025-11-19 16:28:00,Netflix,Entertainment,"Berlin, DE"
TXN_000039,USER_001,199.24,2025-11-19 16:33:00,Walmart,Entertainment,"Lyon, FR"
TXN_000618,USER_050,11.02,2025-11-19 16:49:00,Whole Foods,Food,"Paris, FR"
TXN_000061,USER_049,32.39,2025-11-19 18:48:00,Airbnb,Other,"Amsterdam, NL"
TXN_000167,USER_010,3.88,2025-11-19 20:51:00,McDonalds,Utilities,"Amsterdam, NL"
TXN_001157,USER_029,2609.838999671608,2025-11-20 05:26:00,CVS,Shopping,"New York, US"
TXN_000058,USER_040,27.13,2025-11-20 08:14:00,Whole Foods,Other,"Brussels, BE"
TXN_001775,USER_022,59.04,2025-11-20 09:08:00,Shell Gas,Healthcare,"Madrid, ES"
TXN_001999,USER_032,164.73,2025-11-20 09:36:00,PayPal,Entertainment,"Amsterdam, NL"
TXN_001639,USER_027,4.58,2025-11-20 09:53:00,Walmart,Healthcare,"Marseille, FR"
TXN_001949,USER_030,11.28,2025-11-20 10:04:00,PayPal,Transport,"Brussels, BE"
TXN_000297,USER_022,19.1,2025-11-20 11:20:00,McDonalds,Shopping,"New York, US"
TXN_000269,USER_044,12.52,2025-11-20 12:05:00,Airbnb,Healthcare,"Rome, IT"
TXN_001576,USER_003,73.18,2025-11-20 12:14:00,Spotify,Travel,"Amsterdam, NL"
TXN_000206,USER_012,308.57,2025-11-20 14:27:00,Steam,Other,"New York, US"
TXN_001511,USER_018,64.71,2025-11-20 14:40:00,Hotels.com,Subscription,"Madrid, ES"
TXN_000550,USER_027,32.23,2025-11-20 14:55:00,Starbucks,Travel,"London, UK"
TXN_001000,USER_005,120.47,2025-11-20 14:58:00,Apple Store,Entertainment,"Berlin, DE"
TXN_001363,USER_006,39.85,2025-11-20 15:13:00,McDonalds,Utilities,"Lyon, FR"
TXN_001100,USER_010,136.86,2025-11-20 15:55:00,Walmart,Entertainment,"Amsterdam, NL"
TXN_000305,USER_046,3534.627248789151,2025-11-20 16:07:00,Hertz,Healthcare,"Berlin, DE"
TXN_001495,USER_004,164.33,2025-11-20 16:08:00,CVS,Utilities,"Lyon, FR"
TXN_001716,USER_008,46.01,2025-11-20 16:51:00,Walmart,Healthcare,"Berlin, DE"
TXN_000346,USER_018,37.34,2025-11-20 18:34:00,PayPal,Food,"Madrid, ES"
TXN_000479,USER_024,4.06,2025-11-21 04:22:00,Shell Gas,Shopping,"London, UK"
TXN_000254,USER_005,16.93,2025-11-21 04:41:00,Target,Food,"Madrid, ES"
TXN_000658,USER_008,4.93,2025-11-21 04:58:00,Spotify,Other,"Paris, FR"
TXN_000185,USER_027,69.17,2025-11-21 05:02:00,BestBuy,Subscription,"Lyon, FR"
TXN_001549,USER_023,21.0,2025-11-21 06:01:00,Spotify,Transport,"Marseille, FR"
TXN_001955,USER_041,16.17,2025-11-21 06:11:00,Apple Store,Utilities,"Marseille, FR"
TXN_000777,USER_032,74.91,2025-11-21 07:56:00,CVS,Healthcare,"Madrid, ES"
TXN_000957,USER_011,41.9,2025-11-21 08:05:00,Steam,Travel,"Madrid, ES"
TXN_001864,USER_050,8.09,2025-11-21 09:29:00,Steam,Healthcare,"Amsterdam, NL"
TXN_000321,USER_028,96.63,2025-11-21 09:46:00,Uber,Subscription,"Berlin, DE"
TXN_001429,USER_002,49.43,2025-11-21 09:57:00,Netflix,Other,"Berlin, DE"
TXN_000143,USER_002,13.78,2025-11-21 10:06:00,Uber,Healthcare,"New York, US"
TXN_001843,USER_009,80.97,2025-11-21 10:59:00,Whole Foods,Fuel,"New York, US"
TXN_000666,USER_009,39.14,2025-11-21 13:45:00,Apple Store,Food,"Paris, FR"
TXN_001509,USER_020,30.59,2025-11-21 13:47:00,Uber,Utilities,"New York, US"
TXN_001275,USER_040,65.51,2025-11-21 15:51:00,CVS,Entertainment,"Amsterdam, NL"
TXN_001028,USER_015,8.9,2025-11-21 15:57:00,Amazon,Subscription,"New York, US"
TXN_001395,USER_039,20.75,2025-11-21 16:57:00,Shell Gas,Utilities,"Rome, IT"
TXN_001586,USER_013,12.01,2025-11-21 17:07:00,Airbnb,Transport,"Rome, IT"
TXN_000438,USER_021,30.07,2025-11-21 17:13:00,BestBuy,Transport,"Marseille, FR"
TXN_001247,USER_040,180.05,2025-11-21 18:03:00,Hotels.com,Food,"Brussels, BE"
TXN_000202,USER_048,107.79,2025-11-21 21:15:00,BestBuy,Food,"Rome, IT"
TXN_000697,USER_041,76.25,2025-11-21 21:40:00,Apple Store,Subscription,"Paris, FR"
TXN_000387,USER_010,4.46,2025-11-21 22:51:00,Spotify,Healthcare,"Amsterdam, NL"
TXN_001667,USER_008,55.04,2025-11-22 01:22:00,McDonalds,Utilities,"Lagos, NG"
TXN_000043,USER_007,6.03,2025-11-22 01:30:00,PayPal,Travel,"Madrid, ES"
TXN_000651,USER_038,26.4,2025-11-22 03:20:00,Starbucks,Healthcare,"Lyon, FR"
TXN_001313,USER_009,63.39,2025-11-22 03:38:00,CVS,Healthcare,"Marseille, FR"
TXN_000678,USER_011,57.07,2025-11-22 04:03:00,Uber,Utilities,"Brussels, BE"
TXN_001960,USER_039,21.34,2025-11-22 04:45:00,Walmart,Transport,"Berlin, DE"
TXN_001767,USER_015,217.32,2025-11-22 04:55:00,Target,Travel,"Paris, FR"
TXN_001321,USER_034,203.63,2025-11-22 05:27:00,Google Play,Fuel,"Brussels, BE"
TXN_000595,USER_003,2.68,2025-11-22 06:28:00,Airbnb,Shopping,"Lyon, FR"
TXN_000701,USER_025,10.09,2025-11-22 06:41:00,Hotels.com,Other,"New York, US"
TXN_000008,USER_025,103.59,2025-11-22 07:10:00,Google Play,Other,"London, UK"
TXN_FRAUD_243_0,USER_016,242.92316161480528,2025-11-22 07:17:00,BestBuy,Transport,"Lyon, FR"
TXN_000662,USER_016,10.75,2025-11-22 07:17:00,BestBuy,Transport,"Lyon, FR"
TXN_FRAUD_243_1,USER_016,346.27870718754764,2025-11-22 07:22:00,BestBuy,Transport,"Lyon, FR"
TXN_FRAUD_243_2,USER_016,147.34038818029612,2025-11-22 07:27:00,BestBuy,Transport,"Lyon, FR"
TXN_000324,USER_021,65.54,2025-11-22 08:41:00,Apple Store,Transport,"Marseille, FR"
TXN_000766,USER_019,8.63,2025-11-22 10:18:00,Starbucks,Utilities,"Brussels, BE"
TXN_001534,USER_005,36.22,2025-11-22 10:23:00,Walmart,Shopping,"Berlin, DE"
TXN_000800,USER_047,12.47,2025-11-22 10:45:00,Netflix,Entertainment,"Rome, IT"
TXN_000890,USER_017,36.18,2025-11-22 11:00:00,Whole Foods,Subscription,"Berlin, DE"
TXN_001720,USER_026,2339.4921029622005,2025-11-22 11:27:00,PayPal,Entertainment,"Amsterdam, NL"
TXN_000426,USER_004,101.03,2025-11-22 13:14:00,Apple Store,Subscription,"Lyon, FR"
TXN_000228,USER_008,62.97,2025-11-22 14:03:00,Hertz,Transport,"Madrid, ES"
TXN_001474,USER_032,69.51,2025-11-22 14:32:00,Shell Gas,Travel,"Rome, IT"
TXN_001613,USER_047,44.66,2025-11-22 14:57:00,Google Play,Travel,"Marseille, FR"
TXN_000501,USER_007,45.6,2025-11-22 16:21:00,Starbucks,Entertainment,"New York, US"
TXN_000730,USER_038,23.1,2025-11-22 16:47:00,BestBuy,Other,"Lyon, FR"
TXN_000601,USER_046,51.17,2025-11-22 16:48:00,Shell Gas,Subscription,"Lyon, FR"
TXN_000827,USER_008,4.31,2025-11-22 17:36:00,Uber,Shopping,"Berlin, DE"
TXN_001933,USER_009,18.44,2025-11-22 19:08:00,Target,Fuel,"Marseille, FR"
TXN_001416,USER_011,12.84,2025-11-23 05:01:00,Starbucks,Fuel,"New York, US"
TXN_000554,USER_042,13.76,2025-11-23 05:31:00,McDonalds,Entertainment,"Brussels, BE"
TXN_000849,USER_029,6.09,2025-11-23 06:27:00,Hertz,Entertainment,"Brussels, BE"
TXN_000002,USER_009,48.55,2025-11-23 06:31:00,Hertz,Food,"Amsterdam, NL"
TXN_001590,USER_001,63.23,2025-11-23 07:28:00,PayPal,Healthcare,"Rome, IT"
TXN_001957,USER_025,139.94,2025-11-23 10:38:00,BestBuy,Transport,"Brussels, BE"
TXN_001554,USER_038,9.25,2025-11-23 11:41:00,Apple Store,Transport,"Paris, FR"
TXN_000962,USER_033,15.26,2025-11-23 12:23:00,Target,Fuel,"London, UK"
TXN_001820,USER_033,7.43,2025-11-23 12:40:00,Apple Store,Travel,"Brussels, BE"
TXN_001067,USER_048,19.35,2025-11-23 13:37:00,Whole Foods,Travel,"Rome, IT"
TXN_001443,USER_044,155.6,2025-11-23 15:13:00,Airbnb,Fuel,"Lyon, FR"
TXN_000578,USER_028,365.8,2025-11-23 15:35:00,Uber,Utilities,"Paris, FR"
TXN_001501,USER_010,276.59,2025-11-23 15:59:00,Shell Gas,Utilities,"Rome, IT"
TXN_001989,USER_018,214.98,2025-11-23 16:16:00,Airbnb,Transport,"Marseille, FR"
TXN_000974,USER_050,71.54,2025-11-23 16:55:00,Target,Subscription,"Amsterdam, NL"
TXN_001611,USER_033,5.14,2025-11-23 16:58:00,BestBuy,Entertainment,"Berlin, DE"
TXN_000521,USER_024,25.36,2025-11-23 18:53:00,Amazon,Utilities,"Rome, IT"
TXN_001435,USER_044,41.67,2025-11-23 18:59:00,Google Play,Healthcare,"Madrid, ES"
TXN_000394,USER_001,17.22,2025-11-23 19:15:00,Starbucks,Utilities,"Berlin, DE"
TXN_001216,USER_046,65.79,2025-11-23 20:08:00,Hertz,Food,"London, UK"
TXN_000713,USER_031,9.16,2025-11-24 01:07:00,Steam,Subscription,"Rome, IT"
TXN_001330,USER_050,41.38,2025-11-24 04:08:00,Uber,Food,"New York, US"
TXN_001632,USER_033,7.13,2025-11-24 04:34:00,Walmart,Travel,"London, UK"
TXN_000963,USER_022,3.45,2025-11-24 04:39:00,Delta Airlines,Utilities,"Brussels, BE"
TXN_000615,USER_025,46.15,2025-11-24 05:03:00,Hotels.com,Other,"Lyon, FR"
TXN_000790,USER_045,50.96,2025-11-24 08:14:00,Airbnb,Healthcare,"Lyon, FR"
TXN_000001,USER_041,8.72,2025-11-24 08:49:00,Netflix,Entertainment,"New York, US"
TXN_001647,USER_027,23.95,2025-11-24 08:55:00,Google Play,Other,"London, UK"
TXN_000125,USER_043,3.87,2025-11-24 10:24:00,Shell Gas,Subscription,"London, UK"
TXN_001323,USER_013,8.76,2025-11-24 10:38:00,Starbucks,Subscription,"Rome, IT"
TXN_000451,USER_029,99.86,2025-11-24 11:31:00,Shell Gas,Other,"Rome, IT"
TXN_000843,USER_046,41.59,2025-11-24 13:36:00,Google Play,Fuel,"Lagos, NG"
TXN_000566,USER_020,454.41,2025-11-24 14:59:00,Google Play,Transport,"Brussels, BE"
TXN_000561,USER_030,16.52,2025-11-24 15:04:00,Hotels.com,Fuel,"Berlin, DE"
TXN_001024,USER_019,79.77,2025-11-24 15:28:00,Airbnb,Other,"Rome, IT"
TXN_000166,USER_028,14.12,2025-11-24 16:22:00,Uber,Transport,"London, UK"
TXN_001383,USER_045,14.39,2025-11-24 16:34:00,Hotels.com,Shopping,"Marseille, FR"
TXN_001929,USER_008,63.84,2025-11-24 16:53:00,BestBuy,Subscription,"Brussels, BE"
TXN_001497,USER_016,119.78,2025-11-24 17:24:00,Delta Airlines,Food,"Brussels, BE"
TXN_001418,USER_045,7.09,2025-11-24 18:14:00,Airbnb,Food,"Lyon, FR"
TXN_000919,USER_022,45.52,2025-11-24 19:18:00,Hotels.com,Subscription,"New York, US"
TXN_001940,USER_006,37.43,2025-11-24 22:20:00,Spotify,Travel,"Brussels, BE"
TXN_001645,USER_034,70.99,2025-11-24 22:32:00,Shell Gas,Subscription,"Rome, IT"
TXN_001276,USER_041,37.58,2025-11-25 02:33:00,BestBuy,Food,"Amsterdam, NL"
TXN_000483,USER_048,1726.6544533304993,2025-11-25 03:35:00,Hotels.com,Entertainment,"Beijing, CN"
TXN_000831,USER_013,472.06,2025-11-25 03:47:00,Steam,Entertainment,"Rome, IT"
TXN_001938,USER_021,38.75,2025-11-25 04:50:00,Starbucks,Other,"New York, US"
TXN_000089,USER_043,43.45,2025-11-25 06:34:00,Spotify,Fuel,"London, UK"
TXN_001406,USER_045,16.26,2025-11-25 07:11:00,Delta Airlines,Other,"Paris, FR"
TXN_001672,USER_025,56.87,2025-11-25 07:51:00,Shell Gas,Entertainment,"Amsterdam, NL"
TXN_000821,USER_021,46.23,2025-11-25 08:19:00,Amazon,Food,"Madrid, ES"
TXN_001822,USER_028,46.74,2025-11-25 09:02:00,Shell Gas,Food,"Berlin, DE"
TXN_000234,USER_013,40.42,2025-11-25 09:42:00,Airbnb,Food,"New York, US"
TXN_000157,USER_016,75.51,2025-11-25 10:23:00,PayPal,Other,"Amsterdam, NL"
TXN_001450,USER_007,54.47,2025-11-25 16:04:00,Hotels.com,Subscription,"New York, US"
TXN_000223,USER_035,204.28,2025-11-25 16:17:00,Google Play,Utilities,"Amsterdam, NL"
TXN_001426,USER_031,38.8,2025-11-25 16:46:00,Netflix,Shopping,"Lyon, FR"
TXN_000037,USER_029,9.53,2025-11-25 17:03:00,Uber,Food,"Berlin, DE"
TXN_000610,USER_009,57.0,2025-11-25 17:25:00,Steam,Travel,"Madrid, ES"
TXN_001361,USER_034,6.17,2025-11-25 18:18:00,Hertz,Fuel,"Lagos, NG"
TXN_001200,USER_043,27.47,2025-11-25 19:05:00,Starbucks,Transport,"London, UK"
TXN_000594,USER_037,23.88,2025-11-26 04:24:00,Hotels.com,Travel,"Paris, FR"
TXN_000857,USER_017,42.39,2025-11-26 04:58:00,Whole Foods,Utilities,"Paris, FR"
TXN_001166,USER_031,8.49,2025-11-26 05:55:00,Netflix,Travel,"Brussels, BE"
TXN_001947,USER_018,69.75,2025-11-26 06:34:00,CVS,Healthcare,"Lyon, FR"
TXN_000236,USER_016,94.95,2025-11-26 06:38:00,Whole Foods,Entertainment,"Lyon, FR"
TXN_000371,USER_050,8.06,2025-11-26 09:15:00,Delta Airlines,Shopping,"Lyon, FR"
TXN_000929,USER_025,27.15,2025-11-26 09:54:00,Amazon,Entertainment,"Brussels, BE"
TXN_000370,USER_023,1.36,2025-11-26 10:44:00,Hertz,Other,"Marseille, FR"
TXN_000597,USER_045,72.15,2025-11-26 10:44:00,Spotify,Transport,"London, UK"
TXN_001126,USER_007,171.34,2025-11-26 10:59:00,Amazon,Other,"Amsterdam, NL"
TXN_000586,USER_045,23.34,2025-11-26 11:03:00,Starbucks,Travel,"New York, US"
TXN_000810,USER_044,120.36,2025-11-26 11:18:00,Hotels.com,Food,"Madrid, ES"
TXN_001748,USER_010,30.29,2025-11-26 12:38:00,Shell Gas,Entertainment,"Brussels, BE"
TXN_001528,USER_025,27.69,2025-11-26 13:15:00,Shell Gas,Other,"New York, US"
TXN_001423,USER_014,8.88,2025-11-26 13:53:00,PayPal,Food,"Lyon, FR"
TXN_000921,USER_003,7.95,2025-11-26 14:24:00,Whole Foods,Transport,"Marseille, FR"
TXN_001725,USER_037,166.67,2025-11-26 14:28:00,Delta Airlines,Utilities,"Berlin, DE"
TXN_000933,USER_043,2545.254872163142,2025-11-26 15:45:00,CVS,Fuel,"Paris, FR"
TXN_000836,USER_012,89.43,2025-11-26 15:54:00,Steam,Other,"Amsterdam, NL"
TXN_000891,USER_023,15.23,2025-11-26 16:30:00,Uber,Food,"Lagos, NG"
TXN_000807,USER_008,34.35,2025-11-26 16:32:00,Walmart,Transport,"Lyon, FR"
TXN_001120,USER_035,49.5,2025-11-26 17:01:00,Starbucks,Other,"Brussels, BE"
TXN_000239,USER_010,42.1,2025-11-26 18:22:00,Netflix,Transport,"Lyon, FR"
TXN_000461,USER_034,529.36,2025-11-26 19:34:00,Uber,Shopping,"Paris, FR"
TXN_000060,USER_026,178.53,2025-11-26 20:30:00,Spotify,Subscription,"Berlin, DE"
TXN_001745,USER_044,14.7,2025-11-26 23:12:00,BestBuy,Travel,"New York, US"
TXN_001239,USER_006,5.3,2025-11-27 05:29:00,PayPal,Subscription,"Amsterdam, NL"
TXN_000022,USER_015,138.71,2025-11-27 06:20:00,Hotels.com,Food,"Paris, FR"
TXN_001117,USER_043,36.4,2025-11-27 06:53:00,Steam,Fuel,"Amsterdam, NL"
TXN_001493,USER_018,7.83,2025-11-27 07:49:00,Netflix,Utilities,"Brussels, BE"
TXN_000937,USER_028,29.26,2025-11-27 08:04:00,Hotels.com,Entertainment,"Lyon, FR"
TXN_000427,USER_044,6.8,2025-11-27 08:48:00,Hertz,Transport,"Madrid, ES"
TXN_000611,USER_021,2.66,2025-11-27 10:03:00,Netflix,Food,"New York, US"
TXN_000773,USER_010,25.16,2025-11-27 11:00:00,Apple Store,Healthcare,"Amsterdam, NL"
TXN_000414,USER_046,4.04,2025-11-27 11:21:00,Shell Gas,Fuel,"Berlin, DE"
TXN_001583,USER_009,3612.166084140187,2025-11-27 11:48:00,Shell Gas,Food,"Paris, FR"
TXN_000274,USER_014,98.76,2025-11-27 14:36:00,Netflix,Utilities,"Berlin, DE"
TXN_001460,USER_028,7.69,2025-11-27 15:07:00,Steam,Subscription,"Lyon, FR"
TXN_000458,USER_050,7.78,2025-11-27 15:37:00,PayPal,Travel,"Lagos, NG"
TXN_001451,USER_041,8.39,2025-11-27 15:49:00,BestBuy,Shopping,"Lyon, FR"
TXN_000839,USER_029,1.19,2025-11-27 15:56:00,PayPal,Other,"Brussels, BE"
TXN_001131,USER_031,15.62,2025-11-27 15:58:00,Shell Gas,Entertainment,"Lagos, NG"
TXN_000628,USER_046,24.46,2025-11-27 16:32:00,Amazon,Transport,"Rome, IT"
TXN_001519,USER_048,62.03,2025-11-27 17:04:00,McDonalds,Other,"Berlin, DE"
TXN_000896,USER_024,37.11,2025-11-27 17:31:00,Apple Store,Subscription,"Rome, IT"
TXN_000606,USER_050,9.56,2025-11-27 18:29:00,Starbucks,Food,"Brussels, BE"
TXN_000227,USER_008,6.41,2025-11-27 18:50:00,Walmart,Utilities,"Rome, IT"
TXN_001727,USER_016,36.17,2025-11-27 21:39:00,Walmart,Shopping,"Marseille, FR"
TXN_001444,USER_008,105.81,2025-11-27 22:13:00,Steam,Other,"Lyon, FR"
TXN_000265,USER_005,91.99,2025-11-28 01:35:00,Amazon,Food,"Brussels, BE"
TXN_000774,USER_030,36.89,2025-11-28 04:08:00,McDonalds,Food,"Rome, IT"
TXN_000725,USER_041,7.96,2025-11-28 04:41:00,CVS,Utilities,"Berlin, DE"
TXN_000421,USER_023,41.09,2025-11-28 05:06:00,Walmart,Utilities,"Lyon, FR"
TXN_000476,USER_046,66.72,2025-11-28 05:39:00,Airbnb,Shopping,"Brussels, BE"
TXN_001921,USER_019,17.8,2025-11-28 06:01:00,Shell Gas,Entertainment,"Paris, FR"
TXN_000400,USER_049,37.37,2025-11-28 07:00:00,CVS,Fuel,"Madrid, ES"
TXN_001910,USER_019,141.18,2025-11-28 08:35:00,Walmart,Other,"Berlin, DE"
TXN_001585,USER_042,38.07,2025-11-28 09:29:00,Uber,Healthcare,"Brussels, BE"
TXN_000238,USER_022,187.39,2025-11-28 10:38:00,CVS,Shopping,"London, UK"
TXN_001211,USER_015,14.01,2025-11-28 10:43:00,CVS,Utilities,"Berlin, DE"
TXN_000198,USER_047,83.52,2025-11-28 13:14:00,Starbucks,Food,"Rome, IT"
TXN_FRAUD_380_0,USER_047,190.35375690964136,2025-11-28 13:14:00,Starbucks,Food,"Rome, IT"
TXN_FRAUD_380_1,USER_047,451.59604157333814,2025-11-28 13:19:00,Starbucks,Food,"Rome, IT"
TXN_FRAUD_380_2,USER_047,253.89752294649566,2025-11-28 13:24:00,Starbucks,Food,"Rome, IT"
TXN_000907,USER_043,137.8,2025-11-28 13:35:00,Hotels.com,Travel,"Paris, FR"
TXN_001159,USER_012,212.21,2025-11-28 13:51:00,Google Play,Shopping,"Marseille, FR"
TXN_000884,USER_036,39.76,2025-11-28 14:55:00,Walmart,Shopping,"Amsterdam, NL"
TXN_001124,USER_021,84.66,2025-11-28 15:34:00,Amazon,Travel,"Madrid, ES"
TXN_001382,USER_043,9.52,2025-11-28 17:39:00,Whole Foods,Subscription,"Berlin, DE"
TXN_000309,USER_009,59.48,2025-11-29 02:52:00,Spotify,Food,"Brussels, BE"
TXN_001181,USER_031,1659.6640987985081,2025-11-29 03:28:00,Airbnb,Fuel,"Beijing, CN"
TXN_001996,USER_009,42.1,2025-11-29 04:10:00,Delta Airlines,Shopping,"New York, US"
TXN_001851,USER_035,136.54,2025-11-29 04:23:00,McDonalds,Utilities,"Madrid, ES"
TXN_000186,USER_042,168.93,2025-11-29 05:19:00,Spotify,Fuel,"London, UK"
TXN_001380,USER_021,18.34,2025-11-29 05:48:00,Hertz,Fuel,"Berlin, DE"
TXN_000372,USER_034,42.29,2025-11-29 06:07:00,McDonalds,Transport,"Berlin, DE"
TXN_001854,USER_013,32.35,2025-11-29 07:46:00,Shell Gas,Shopping,"Paris, FR"
TXN_001026,USER_002,91.35,2025-11-29 09:51:00,Hertz,Shopping,"Marseille, FR"
TXN_001608,USER_018,95.97,2025-11-29 11:42:00,Delta Airlines,Other,"Lyon, FR"
TXN_001288,USER_018,102.01,2025-11-29 12:32:00,Apple Store,Healthcare,"Amsterdam, NL"
TXN_000259,USER_014,91.98,2025-11-29 14:30:00,Hotels.com,Entertainment,"Lyon, FR"
TXN_000156,USER_010,153.95,2025-11-29 14:39:00,Whole Foods,Utilities,"Lyon, FR"
TXN_000230,USER_048,23.0,2025-11-29 14:44:00,PayPal,Food,"Rome, IT"
TXN_000623,USER_014,4366.568379152836,2025-11-29 15:22:00,Apple Store,Healthcare,"Amsterdam, NL"
TXN_001257,USER_038,10.56,2025-11-29 16:30:00,Airbnb,Travel,"Marseille, FR"
TXN_000490,USER_019,78.1,2025-11-29 17:00:00,Apple Store,Entertainment,"Madrid, ES"
TXN_000109,USER_009,10.9,2025-11-29 17:02:00,Steam,Transport,"New York, US"
TXN_001952,USER_027,21.8,2025-11-29 17:08:00,PayPal,Healthcare,"Paris, FR"
TXN_001835,USER_013,16.87,2025-11-29 17:12:00,Shell Gas,Shopping,"New York, US"
TXN_000327,USER_014,18.45,2025-11-29 18:23:00,CVS,Fuel,"Madrid, ES"
TXN_000023,USER_008,43.05,2025-11-29 19:28:00,McDonalds,Healthcare,"Amsterdam, NL"
TXN_001736,USER_022,25.29,2025-11-29 22:54:00,Airbnb,Shopping,"Rome, IT"
TXN_000127,USER_050,11.34,2025-11-30 01:07:00,BestBuy,Other,"Paris, FR"
TXN_000741,USER_033,16.84,2025-11-30 02:52:00,Spotify,Fuel,"Madrid, ES"
TXN_000184,USER_046,86.88,2025-11-30 05:07:00,Hertz,Shopping,"Brussels, BE"
TXN_001517,USER_008,20.55,2025-11-30 06:03:00,Delta Airlines,Transport,"Amsterdam, NL"
TXN_000006,USER_049,17.63,2025-11-30 06:32:00,PayPal,Travel,"London, UK"
TXN_001407,USER_017,37.9,2025-11-30 07:25:00,Walmart,Transport,"Berlin, DE"
TXN_001324,USER_012,4.51,2025-11-30 07:30:00,Walmart,Shopping,"Berlin, DE"
TXN_000704,USER_025,22.92,2025-11-30 08:34:00,Target,Fuel,"Lyon, FR"
TXN_001939,USER_042,12.84,2025-11-30 08:53:00,Hertz,Utilities,"Paris, FR"
TXN_001646,USER_003,8.66,2025-11-30 09:23:00,Google Play,Food,"Amsterdam, NL"
TXN_001920,USER_042,43.9,2025-11-30 10:24:00,Starbucks,Subscription,"Rome, IT"
TXN_000317,USER_027,14.71,2025-11-30 10:40:00,Shell Gas,Other,"Marseille, FR"
TXN_000749,USER_004,18.02,2025-11-30 10:42:00,Whole Foods,Entertainment,"New York, US"
TXN_000064,USER_019,19.7,2025-11-30 11:16:00,Hertz,Utilities,"Amsterdam, NL"
TXN_001280,USER_017,10.51,2025-11-30 11:37:00,Target,Utilities,"Paris, FR"
TXN_001561,USER_014,128.43,2025-11-30 13:12:00,Steam,Utilities,"Marseille, FR"
TXN_001338,USER_039,46.16,2025-11-30 13:38:00,CVS,Transport,"Amsterdam, NL"
TXN_001858,USER_037,170.61,2025-11-30 14:00:00,PayPal,Utilities,"Berlin, DE"
TXN_000920,USER_038,31.37,2025-11-30 14:29:00,PayPal,Shopping,"New York, US"
TXN_000105,USER_029,28.53,2025-11-30 14:35:00,Hotels.com,Subscription,"London, UK"
TXN_001327,USER_012,36.79,2025-11-30 14:38:00,Amazon,Subscription,"Brussels, BE"
TXN_000435,USER_022,56.6,2025-11-30 15:34:00,Airbnb,Utilities,"Marseille, FR"
TXN_001049,USER_036,3.8,2025-11-30 15:52:00,Delta Airlines,Transport,"Rome, IT"
TXN_000847,USER_049,139.54,2025-11-30 17:06:00,Netflix,Transport,"Paris, FR"
TXN_000027,USER_028,6.58,2025-11-30 17:17:00,Amazon,Utilities,"Brussels, BE"
TXN_001430,USER_023,23.17,2025-11-30 17:42:00,Delta Airlines,Other,"New York, US"
TXN_000320,USER_049,33.76,2025-11-30 18:05:00,Airbnb,Fuel,"Marseille, FR"
TXN_000015,USER_041,16.11,2025-12-01 03:22:00,Uber,Transport,"Lagos, NG"
TXN_001923,USER_044,46.69,2025-12-01 03:47:00,Walmart,Food,"Berlin, DE"
TXN_000573,USER_032,122.64,2025-12-01 03:53:00,Whole Foods,Shopping,"New York, US"
TXN_001364,USER_007,258.35,2025-12-01 04:05:00,BestBuy,Transport,"Rome, IT"
TXN_000817,USER_032,155.33,2025-12-01 04:52:00,Hotels.com,Travel,"New York, US"
TXN_000376,USER_042,30.46,2025-12-01 06:25:00,Whole Foods,Transport,"Marseille, FR"
TXN_000706,USER_042,6.12,2025-12-01 06:26:00,PayPal,Transport,"Paris, FR"
TXN_001445,USER_048,25.77,2025-12-01 06:52:00,Google Play,Entertainment,"Berlin, DE"
TXN_001754,USER_005,72.68,2025-12-01 07:20:00,Steam,Fuel,"Berlin, DE"
TXN_001306,USER_040,15.37,2025-12-01 07:41:00,Whole Foods,Food,"Lyon, FR"
TXN_001312,USER_036,15.05,2025-12-01 08:16:00,Uber,Other,"Paris, FR"
TXN_000095,USER_048,83.43,2025-12-01 08:30:00,Target,Utilities,"Brussels, BE"
TXN_000220,USER_018,46.27,2025-12-01 10:04:00,Hotels.com,Utilities,"Berlin, DE"
TXN_001525,USER_024,4.11,2025-12-01 13:24:00,BestBuy,Shopping,"Brussels, BE"
TXN_001896,USER_014,55.71,2025-12-01 16:36:00,Target,Food,"Madrid, ES"
TXN_001711,USER_013,171.48,2025-12-01 18:09:00,Spotify,Food,"Lyon, FR"
TXN_001337,USER_027,25.59,2025-12-01 19:36:00,Apple Store,Entertainment,"London, UK"
TXN_000174,USER_049,92.27,2025-12-01 23:18:00,Delta Airlines,Subscription,"London, UK"
TXN_000752,USER_042,82.65,2025-12-01 23:26:00,Amazon,Entertainment,"London, UK"
TXN_000970,USER_036,4867.408765096398,2025-12-02 01:18:00,Apple Store,Travel,"New York, US"
TXN_001190,USER_020,16.16,2025-12-02 04:55:00,Google Play,Shopping,"New York, US"
TXN_001403,USER_027,37.6,2025-12-02 05:19:00,Uber,Shopping,"Lyon, FR"
TXN_000472,USER_048,21.08,2025-12-02 07:28:00,PayPal,Fuel,"Rome, IT"
TXN_001813,USER_023,324.37,2025-12-02 08:01:00,Walmart,Fuel,"New York, US"
TXN_000733,USER_003,60.9,2025-12-02 09:05:00,Steam,Transport,"Amsterdam, NL"
TXN_000898,USER_007,61.17,2025-12-02 10:29:00,CVS,Food,"London, UK"
TXN_001924,USER_031,1.65,2025-12-02 10:51:00,BestBuy,Fuel,"Berlin, DE"
TXN_000680,USER_023,232.31,2025-12-02 11:59:00,Uber,Other,"Berlin, DE"
TXN_000028,USER_049,11.51,2025-12-02 12:20:00,BestBuy,Utilities,"Brussels, BE"
TXN_000953,USER_004,44.86,2025-12-02 12:28:00,Hotels.com,Subscription,"Paris, FR"
TXN_001743,USER_017,21.53,2025-12-02 13:09:00,Hertz,Entertainment,"Marseille, FR"
TXN_001823,USER_021,21.05,2025-12-02 14:48:00,Steam,Travel,"Paris, FR"
TXN_000101,USER_015,881.22,2025-12-02 16:39:00,Delta Airlines,Subscription,"Paris, FR"
TXN_001283,USER_026,122.11,2025-12-02 18:29:00,Hotels.com,Food,"Marseille, FR"
TXN_000686,USER_022,124.57,2025-12-02 21:46:00,Apple Store,Shopping,"Paris, FR"
TXN_000805,USER_022,29.57,2025-12-03 01:55:00,Steam,Healthcare,"Rome, IT"
TXN_001187,USER_025,63.09,2025-12-03 03:26:00,BestBuy,Utilities,"Berlin, DE"
TXN_000887,USER_011,19.34,2025-12-03 06:02:00,CVS,Utilities,"New York, US"
TXN_000312,USER_011,67.09,2025-12-03 06:41:00,CVS,Transport,"Rome, IT"
TXN_000767,USER_049,29.78,2025-12-03 07:31:00,Apple Store,Food,"New York, US"
TXN_001172,USER_032,42.93,2025-12-03 08:44:00,CVS,Entertainment,"London, UK"
TXN_000358,USER_002,27.42,2025-12-03 09:19:00,Delta Airlines,Healthcare,"Brussels, BE"
TXN_000888,USER_008,369.45,2025-12-03 09:30:00,Whole Foods,Shopping,"Brussels, BE"
TXN_000345,USER_022,41.29,2025-12-03 10:19:00,Hotels.com,Travel,"Brussels, BE"
TXN_000347,USER_039,696.75,2025-12-03 10:22:00,Spotify,Travel,"Lyon, FR"
TXN_001651,USER_014,43.61,2025-12-03 10:40:00,Hotels.com,Shopping,"Lyon, FR"
TXN_000119,USER_030,185.83,2025-12-03 10:51:00,Netflix,Healthcare,"Berlin, DE"
TXN_001566,USER_040,18.19,2025-12-03 11:15:00,PayPal,Food,"Paris, FR"
TXN_001578,USER_022,53.65,2025-12-03 12:01:00,McDonalds,Food,"Amsterdam, NL"
TXN_000154,USER_022,35.63,2025-12-03 12:51:00,Netflix,Subscription,"Lyon, FR"
TXN_000669,USER_014,131.54,2025-12-03 13:05:00,Netflix,Subscription,"Marseille, FR"
TXN_000263,USER_002,15.61,2025-12-03 13:05:00,Spotify,Travel,"Berlin, DE"
TXN_000861,USER_015,53.22,2025-12-03 13:21:00,Target,Fuel,"Marseille, FR"
TXN_001984,USER_047,30.75,2025-12-03 14:13:00,Google Play,Shopping,"Lyon, FR"
TXN_000984,USER_024,1.85,2025-12-03 14:19:00,PayPal,Entertainment,"Madrid, ES"
TXN_000694,USER_003,37.72,2025-12-03 14:26:00,Apple Store,Other,"New York, US"
TXN_001212,USER_026,39.98,2025-12-03 14:32:00,Apple Store,Travel,"Rome, IT"
TXN_001278,USER_045,85.76,2025-12-03 15:04:00,Spotify,Subscription,"Lyon, FR"
TXN_000264,USER_001,2.39,2025-12-03 15:43:00,Starbucks,Other,"Madrid, ES"
TXN_000568,USER_028,17.55,2025-12-03 16:19:00,Hertz,Transport,"Brussels, BE"
TXN_001888,USER_043,175.72,2025-12-04 03:48:00,Apple Store,Shopping,"Berlin, DE"
TXN_000091,USER_009,40.85,2025-12-04 05:14:00,Steam,Transport,"Amsterdam, NL"
TXN_001192,USER_010,180.48,2025-12-04 06:09:00,Hotels.com,Fuel,"London, UK"
TXN_000571,USER_009,4103.434862132148,2025-12-04 07:40:00,Steam,Fuel,"Brussels, BE"
TXN_001545,USER_004,9.8,2025-12-04 07:57:00,Walmart,Entertainment,"Marseille, FR"
TXN_000315,USER_031,23.94,2025-12-04 08:11:00,Whole Foods,Subscription,"Rome, IT"
TXN_001821,USER_041,13.3,2025-12-04 08:27:00,Shell Gas,Fuel,"Madrid, ES"
TXN_001783,USER_025,3.66,2025-12-04 09:18:00,BestBuy,Travel,"Amsterdam, NL"
TXN_001045,USER_029,33.33,2025-12-04 10:49:00,Steam,Travel,"Marseille, FR"
TXN_000147,USER_008,7.0,2025-12-04 11:08:00,BestBuy,Fuel,"Lagos, NG"
TXN_000464,USER_018,231.67,2025-12-04 11:47:00,BestBuy,Shopping,"Madrid, ES"
TXN_001892,USER_039,8.34,2025-12-04 13:33:00,Starbucks,Fuel,"Amsterdam, NL"
TXN_000141,USER_034,52.08,2025-12-04 13:53:00,Uber,Healthcare,"Rome, IT"
TXN_001584,USER_045,10.02,2025-12-04 16:42:00,Amazon,Entertainment,"Rome, IT"
TXN_001709,USER_026,50.62,2025-12-04 19:09:00,Target,Other,"Paris, FR"
TXN_001845,USER_011,19.08,2025-12-05 00:03:00,PayPal,Transport,"Amsterdam, NL"
TXN_001228,USER_029,11.62,2025-12-05 01:01:00,Apple Store,Utilities,"Amsterdam, NL"
TXN_001742,USER_002,29.15,2025-12-05 02:00:00,Spotify,Transport,"New York, US"
TXN_001758,USER_015,13.07,2025-12-05 03:16:00,Uber,Healthcare,"New York, US"
TXN_001111,USER_012,27.29,2025-12-05 03:20:00,Airbnb,Fuel,"Paris, FR"
TXN_000029,USER_039,66.59,2025-12-05 04:57:00,Google Play,Transport,"Brussels, BE"
TXN_000795,USER_032,42.63,2025-12-05 05:26:00,Shell Gas,Utilities,"Brussels, BE"
TXN_001523,USER_030,4.55,2025-12-05 06:04:00,McDonalds,Shopping,"Madrid, ES"
TXN_001768,USER_035,11.81,2025-12-05 06:09:00,Shell Gas,Travel,"London, UK"
TXN_001733,USER_013,199.4,2025-12-05 06:28:00,Shell Gas,Food,"Berlin, DE"
TXN_000779,USER_035,46.48,2025-12-05 06:34:00,Google Play,Shopping,"Berlin, DE"
TXN_001614,USER_008,11.33,2025-12-05 07:16:00,PayPal,Shopping,"New York, US"
TXN_000374,USER_017,62.38,2025-12-05 07:28:00,Hertz,Utilities,"Marseille, FR"
TXN_001176,USER_041,41.71,2025-12-05 07:32:00,Spotify,Utilities,"Lyon, FR"
TXN_001817,USER_016,72.47,2025-12-05 07:53:00,Amazon,Healthcare,"Paris, FR"
TXN_001335,USER_018,72.73,2025-12-05 08:09:00,Starbucks,Shopping,"Amsterdam, NL"
TXN_000644,USER_032,32.33,2025-12-05 08:34:00,Hertz,Entertainment,"Marseille, FR"
TXN_000743,USER_013,47.61,2025-12-05 08:41:00,Walmart,Entertainment,"Paris, FR"
TXN_001874,USER_012,104.79,2025-12-05 08:51:00,McDonalds,Entertainment,"London, UK"
TXN_000988,USER_025,26.54,2025-12-05 08:57:00,Starbucks,Subscription,"Paris, FR"
TXN_001146,USER_038,39.16,2025-12-05 09:44:00,Airbnb,Food,"London, UK"
TXN_001121,USER_044,457.14,2025-12-05 11:43:00,Starbucks,Utilities,"Brussels, BE"
TXN_000211,USER_020,3.34,2025-12-05 13:12:00,Hotels.com,Food,"New York, US"
TXN_001520,USER_019,163.54,2025-12-05 14:53:00,PayPal,Travel,"Marseille, FR"
TXN_001057,USER_003,25.46,2025-12-05 15:54:00,Hotels.com,Entertainment,"Lyon, FR"
TXN_000531,USER_040,77.42,2025-12-05 17:17:00,BestBuy,Transport,"London, UK"
TXN_001627,USER_050,49.28,2025-12-05 19:44:00,Spotify,Food,"Paris, FR"
TXN_001602,USER_012,6.16,2025-12-05 20:58:00,CVS,Subscription,"Lyon, FR"
TXN_001527,USER_046,12.57,2025-12-06 01:00:00,Netflix,Utilities,"Rome, IT"
TXN_FRAUD_540_0,USER_014,284.1553543333418,2025-12-06 04:22:00,Delta Airlines,Utilities,"Brussels, BE"
TXN_001103,USER_014,4.63,2025-12-06 04:22:00,Delta Airlines,Utilities,"Brussels, BE"
TXN_FRAUD_540_1,USER_014,434.10093442592677,2025-12-06 04:27:00,Delta Airlines,Utilities,"Brussels, BE"
TXN_FRAUD_540_2,USER_014,320.6001549119341,2025-12-06 04:32:00,Delta Airlines,Utilities,"Brussels, BE"
TXN_FRAUD_541_0,USER_019,245.43045842813234,2025-12-06 06:15:00,Netflix,Travel,"Amsterdam, NL"
TXN_001325,USER_019,4.07,2025-12-06 06:15:00,Netflix,Travel,"Amsterdam, NL"
TXN_FRAUD_541_1,USER_019,477.1994988650814,2025-12-06 06:20:00,Netflix,Travel,"Amsterdam, NL"
TXN_FRAUD_541_2,USER_019,384.6342397274798,2025-12-06 06:25:00,Netflix,Travel,"Amsterdam, NL"
TXN_000014,USER_023,17.84,2025-12-06 06:30:00,Netflix,Food,"Amsterdam, NL"
TXN_000379,USER_042,37.28,2025-12-06 07:37:00,Whole Foods,Healthcare,"Amsterdam, NL"
TXN_000841,USER_013,12.04,2025-12-06 08:27:00,Spotify,Travel,"Marseille, FR"
TXN_001365,USER_010,39.83,2025-12-06 09:21:00,Amazon,Utilities,"Madrid, ES"
TXN_001869,USER_048,26.64,2025-12-06 09:47:00,Steam,Utilities,"Paris, FR"
TXN_001601,USER_040,339.35,2025-12-06 11:06:00,Target,Subscription,"Marseille, FR"
TXN_001663,USER_018,9.64,2025-12-06 13:03:00,Whole Foods,Subscription,"Lyon, FR"
TXN_001791,USER_009,232.27,2025-12-06 13:07:00,PayPal,Subscription,"Marseille, FR"
TXN_000484,USER_046,11.65,2025-12-06 13:13:00,Uber,Fuel,"Berlin, DE"
TXN_000093,USER_019,79.95,2025-12-06 14:15:00,Whole Foods,Other,"Berlin, DE"
TXN_000698,USER_017,342.36,2025-12-06 15:03:00,Target,Travel,"London, UK"
TXN_000657,USER_023,16.05,2025-12-06 15:16:00,Spotify,Subscription,"London, UK"
TXN_001787,USER_019,73.42,2025-12-06 16:02:00,Spotify,Fuel,"Lyon, FR"
TXN_001174,USER_048,212.11,2025-12-06 20:39:00,CVS,Healthcare,"Madrid, ES"
TXN_001824,USER_025,46.16,2025-12-06 22:17:00,Uber,Food,"London, UK"
TXN_001333,USER_010,138.09,2025-12-06 23:47:00,CVS,Subscription,"Marseille, FR"
TXN_000559,USER_046,291.31,2025-12-07 01:01:00,Netflix,Food,"Amsterdam, NL"
TXN_000608,USER_047,33.49,2025-12-07 06:28:00,Starbucks,Healthcare,"Amsterdam, NL"
TXN_001629,USER_019,108.8,2025-12-07 06:53:00,Delta Airlines,Fuel,"London, UK"
TXN_001738,USER_040,50.06,2025-12-07 07:03:00,Hotels.com,Travel,"Madrid, ES"
TXN_000864,USER_019,11.35,2025-12-07 07:36:00,CVS,Fuel,"Rome, IT"
TXN_000053,USER_019,24.34,2025-12-07 07:51:00,Whole Foods,Fuel,"Paris, FR"
TXN_001156,USER_016,226.49,2025-12-07 08:25:00,Hotels.com,Subscription,"Madrid, ES"
TXN_000007,USER_010,1.44,2025-12-07 08:36:00,Apple Store,Food,"Lyon, FR"
TXN_001064,USER_005,545.11,2025-12-07 09:21:00,BestBuy,Food,"New York, US"
TXN_001640,USER_031,33.51,2025-12-07 10:16:00,Target,Travel,"Brussels, BE"
TXN_000148,USER_013,29.19,2025-12-07 10:35:00,Hotels.com,Utilities,"Amsterdam, NL"
TXN_000992,USER_004,14.83,2025-12-07 11:40:00,Netflix,Subscription,"Lyon, FR"
TXN_001432,USER_034,14.33,2025-12-07 16:33:00,Shell Gas,Utilities,"Marseille, FR"
TXN_000161,USER_041,15.69,2025-12-07 17:04:00,Target,Transport,"New York, US"
TXN_000619,USER_017,31.91,2025-12-07 18:50:00,Walmart,Healthcare,"Brussels, BE"
TXN_000863,USER_015,10.26,2025-12-07 19:30:00,Apple Store,Travel,"Berlin, DE"
TXN_000005,USER_027,16.49,2025-12-08 00:16:00,Whole Foods,Utilities,"Paris, FR"
TXN_000418,USER_020,5.35,2025-12-08 03:07:00,Spotify,Entertainment,"Rome, IT"
TXN_000244,USER_033,86.12,2025-12-08 07:27:00,Walmart,Fuel,"London, UK"
TXN_001385,USER_040,37.32,2025-12-08 08:16:00,Google Play,Food,"Berlin, DE"
TXN_000825,USER_004,12.42,2025-12-08 08:42:00,Airbnb,Travel,"Brussels, BE"
TXN_000750,USER_042,8.12,2025-12-08 09:31:00,Shell Gas,Utilities,"Madrid, ES"
TXN_000158,USER_040,36.06,2025-12-08 09:37:00,Delta Airlines,Healthcare,"Rome, IT"
TXN_001909,USER_019,48.96,2025-12-08 10:19:00,Airbnb,Transport,"Amsterdam, NL"
TXN_001478,USER_026,185.25,2025-12-08 10:27:00,Target,Other,"Lyon, FR"
TXN_001089,USER_006,346.71,2025-12-08 14:15:00,Spotify,Healthcare,"Marseille, FR"
TXN_000768,USER_023,100.04,2025-12-08 14:35:00,Spotify,Healthcare,"Lagos, NG"
TXN_000373,USER_046,27.66,2025-12-08 17:10:00,Delta Airlines,Utilities,"Lyon, FR"
TXN_000504,USER_045,5.87,2025-12-08 18:07:00,Target,Shopping,"Lyon, FR"
TXN_000914,USER_025,17.83,2025-12-08 18:21:00,Steam,Travel,"Berlin, DE"
TXN_001710,USER_048,24.36,2025-12-08 18:32:00,PayPal,Food,"New York, US"
TXN_000764,USER_047,42.46,2025-12-08 19:31:00,Hertz,Subscription,"Berlin, DE"
TXN_001914,USER_047,269.37,2025-12-08 19:32:00,Walmart,Transport,"Rome, IT"
TXN_000150,USER_019,162.05,2025-12-09 02:11:00,McDonalds,Utilities,"Paris, FR"
TXN_FRAUD_591_0,USER_019,108.41892156052654,2025-12-09 02:11:00,McDonalds,Utilities,"Paris, FR"
TXN_FRAUD_591_1,USER_019,165.16745950357034,2025-12-09 02:16:00,McDonalds,Utilities,"Paris, FR"
TXN_FRAUD_591_2,USER_019,171.09370773285386,2025-12-09 02:21:00,McDonalds,Utilities,"Paris, FR"
TXN_001702,USER_037,155.08,2025-12-09 04:44:00,Delta Airlines,Utilities,"New York, US"
TXN_000080,USER_020,27.3,2025-12-09 05:02:00,Amazon,Entertainment,"Madrid, ES"
TXN_000556,USER_030,69.96,2025-12-09 06:39:00,Steam,Transport,"Marseille, FR"
TXN_000165,USER_044,64.21,2025-12-09 07:47:00,Netflix,Other,"New York, US"
TXN_000684,USER_004,13.11,2025-12-09 09:26:00,Uber,Shopping,"Brussels, BE"
TXN_000496,USER_041,53.54,2025-12-09 10:52:00,Starbucks,Shopping,"New York, US"
TXN_001128,USER_015,96.34,2025-12-09 11:31:00,Amazon,Travel,"Lyon, FR"
TXN_000012,USER_006,67.85,2025-12-09 11:43:00,BestBuy,Healthcare,"London, UK"
TXN_001773,USER_026,61.55,2025-12-09 14:02:00,Shell Gas,Subscription,"New York, US"
TXN_001339,USER_036,11.73,2025-12-09 14:53:00,PayPal,Fuel,"Rome, IT"
TXN_001008,USER_020,15.84,2025-12-09 15:03:00,Spotify,Subscription,"Marseille, FR"
TXN_001598,USER_029,13.74,2025-12-09 18:20:00,Uber,Other,"Berlin, DE"
TXN_000215,USER_050,30.32,2025-12-09 18:26:00,Google Play,Entertainment,"New York, US"
TXN_000194,USER_025,217.9,2025-12-09 18:42:00,PayPal,Shopping,"Berlin, DE"
TXN_000786,USER_002,34.69,2025-12-09 19:02:00,Starbucks,Entertainment,"Paris, FR"
TXN_000463,USER_025,134.36,2025-12-09 21:03:00,Airbnb,Travel,"Marseille, FR"
TXN_000850,USER_025,8.09,2025-12-10 00:20:00,Spotify,Shopping,"Madrid, ES"
TXN_001673,USER_038,38.68,2025-12-10 03:19:00,Delta Airlines,Fuel,"Madrid, ES"
TXN_001490,USER_026,18.09,2025-12-10 04:55:00,Starbucks,Entertainment,"Paris, FR"
TXN_000983,USER_017,24.34,2025-12-10 05:05:00,Hotels.com,Other,"Berlin, DE"
TXN_000440,USER_025,60.42,2025-12-10 05:16:00,Netflix,Travel,"London, UK"
TXN_000032,USER_004,15.67,2025-12-10 05:44:00,Whole Foods,Food,"Lyon, FR"
TXN_001969,USER_005,723.35,2025-12-10 05:53:00,McDonalds,Other,"Paris, FR"
TXN_000337,USER_023,40.64,2025-12-10 06:34:00,BestBuy,Other,"Berlin, DE"
TXN_001833,USER_020,31.89,2025-12-10 06:35:00,PayPal,Entertainment,"Amsterdam, NL"
TXN_001375,USER_011,14.46,2025-12-10 07:55:00,Walmart,Travel,"Amsterdam, NL"
TXN_000331,USER_037,155.15,2025-12-10 08:33:00,Starbucks,Utilities,"Madrid, ES"
TXN_000760,USER_049,31.56,2025-12-10 08:45:00,Walmart,Other,"Madrid, ES"
TXN_000625,USER_047,13.12,2025-12-10 08:51:00,Uber,Food,"Madrid, ES"
TXN_001926,USER_008,41.55,2025-12-10 11:13:00,Hotels.com,Utilities,"Amsterdam, NL"
TXN_000580,USER_050,16.65,2025-12-10 13:01:00,Whole Foods,Travel,"Amsterdam, NL"
TXN_000142,USER_036,240.24,2025-12-10 13:32:00,Hotels.com,Subscription,"Rome, IT"
TXN_000648,USER_034,66.06,2025-12-10 15:14:00,Hotels.com,Shopping,"Marseille, FR"
TXN_001004,USER_047,26.63,2025-12-10 15:30:00,Netflix,Food,"New York, US"
TXN_001560,USER_012,2.04,2025-12-10 15:37:00,Steam,Food,"Paris, FR"
TXN_001499,USER_006,235.27,2025-12-10 17:26:00,BestBuy,Travel,"Berlin, DE"
TXN_000972,USER_016,34.58,2025-12-10 17:43:00,Netflix,Entertainment,"New York, US"
TXN_000049,USER_049,60.45,2025-12-10 17:58:00,PayPal,Subscription,"Rome, IT"
TXN_001233,USER_002,37.36,2025-12-10 18:15:00,Whole Foods,Healthcare,"Berlin, DE"
TXN_000107,USER_041,19.24,2025-12-10 19:05:00,Airbnb,Food,"London, UK"
TXN_000838,USER_045,15.19,2025-12-11 00:05:00,Steam,Travel,"London, UK"
TXN_000075,USER_044,256.7,2025-12-11 02:30:00,BestBuy,Travel,"Brussels, BE"
TXN_001637,USER_034,8.9,2025-12-11 02:54:00,Apple Store,Fuel,"Amsterdam, NL"
TXN_001040,USER_026,142.02,2025-12-11 03:48:00,Walmart,Other,"Rome, IT"
TXN_000136,USER_021,4.47,2025-12-11 04:41:00,Target,Utilities,"Rome, IT"
TXN_001839,USER_022,11.02,2025-12-11 05:01:00,Hertz,Shopping,"New York, US"
TXN_001965,USER_046,171.01,2025-12-11 05:31:00,CVS,Healthcare,"Rome, IT"
TXN_000078,USER_043,7.63,2025-12-11 06:05:00,McDonalds,Food,"Madrid, ES"
TXN_001953,USER_039,5.3,2025-12-11 06:52:00,Netflix,Food,"Brussels, BE"
TXN_001468,USER_043,67.77,2025-12-11 07:03:00,Uber,Utilities,"Amsterdam, NL"
TXN_000447,USER_049,77.95,2025-12-11 07:31:00,CVS,Food,"Brussels, BE"
TXN_000965,USER_031,116.76,2025-12-11 08:36:00,Apple Store,Subscription,"Rome, IT"
TXN_001112,USER_003,14.13,2025-12-11 08:47:00,Delta Airlines,Utilities,"Berlin, DE"
TXN_001033,USER_050,222.02,2025-12-11 09:12:00,Airbnb,Entertainment,"Paris, FR"
TXN_000098,USER_003,39.45,2025-12-11 09:18:00,CVS,Food,"Rome, IT"
TXN_000544,USER_007,14.5,2025-12-11 11:30:00,Google Play,Transport,"Amsterdam, NL"
TXN_000102,USER_036,37.06,2025-12-11 11:46:00,BestBuy,Subscription,"Marseille, FR"
TXN_001860,USER_028,10.98,2025-12-11 12:03:00,Hotels.com,Shopping,"Berlin, DE"
TXN_000973,USER_013,45.52,2025-12-11 13:41:00,CVS,Travel,"Marseille, FR"
TXN_000100,USER_026,4290.3372682001545,2025-12-11 13:57:00,Amazon,Food,"Madrid, ES"
TXN_000020,USER_009,52.84,2025-12-11 14:35:00,Hertz,Fuel,"London, UK"
TXN_000381,USER_031,21.74,2025-12-11 14:39:00,Steam,Utilities,"Rome, IT"
TXN_000491,USER_037,111.08,2025-12-11 15:19:00,Hertz,Travel,"London, UK"
TXN_001218,USER_040,7.45,2025-12-11 15:23:00,McDonalds,Subscription,"Madrid, ES"
TXN_000519,USER_019,127.26,2025-12-11 15:33:00,Target,Food,"London, UK"
TXN_001713,USER_017,360.62,2025-12-11 15:54:00,Hotels.com,Entertainment,"Berlin, DE"
TXN_001531,USER_029,27.12,2025-12-11 17:11:00,Whole Foods,Subscription,"Lyon, FR"
TXN_000388,USER_027,275.23,2025-12-11 17:43:00,McDonalds,Travel,"Amsterdam, NL"
TXN_001687,USER_018,49.57,2025-12-11 18:30:00,Apple Store,Travel,"New York, US"
TXN_001750,USER_041,101.63,2025-12-11 18:46:00,Walmart,Other,"Amsterdam, NL"
TXN_000106,USER_049,80.51,2025-12-11 19:41:00,Netflix,Fuel,"Rome, IT"
TXN_001898,USER_015,12.48,2025-12-12 02:30:00,Hotels.com,Food,"Marseille, FR"
TXN_001073,USER_048,21.45,2025-12-12 05:11:00,Airbnb,Subscription,"Madrid, ES"
TXN_000634,USER_011,24.2,2025-12-12 05:37:00,BestBuy,Other,"Lyon, FR"
TXN_001668,USER_012,402.19,2025-12-12 05:37:00,Target,Transport,"London, UK"
TXN_000336,USER_024,46.39,2025-12-12 08:35:00,Amazon,Travel,"Lyon, FR"
TXN_001286,USER_037,63.31,2025-12-12 08:37:00,Airbnb,Shopping,"Rome, IT"
TXN_001760,USER_024,14.72,2025-12-12 09:23:00,Target,Transport,"Lyon, FR"
TXN_001502,USER_027,18.35,2025-12-12 09:43:00,Whole Foods,Shopping,"Rome, IT"
TXN_000852,USER_001,3809.880549454613,2025-12-12 11:00:00,CVS,Subscription,"New York, US"
TXN_000478,USER_016,121.55,2025-12-12 12:01:00,Apple Store,Food,"Rome, IT"
TXN_001948,USER_036,115.38,2025-12-12 12:04:00,Steam,Transport,"Madrid, ES"
TXN_000994,USER_036,16.56,2025-12-12 12:10:00,Amazon,Healthcare,"Lyon, FR"
TXN_000208,USER_030,106.87,2025-12-12 13:30:00,Amazon,Subscription,"Lagos, NG"
TXN_000964,USER_037,23.21,2025-12-12 13:32:00,Airbnb,Healthcare,"Amsterdam, NL"
TXN_001032,USER_013,14.41,2025-12-12 13:40:00,Steam,Shopping,"Lyon, FR"
TXN_000875,USER_012,8.74,2025-12-12 15:23:00,Target,Other,"New York, US"
TXN_001255,USER_018,18.65,2025-12-12 15:56:00,CVS,Utilities,"Lagos, NG"
TXN_000216,USER_040,23.6,2025-12-12 16:31:00,Starbucks,Food,"Paris, FR"
TXN_000286,USER_010,17.22,2025-12-12 18:00:00,McDonalds,Other,"Marseille, FR"
TXN_000791,USER_036,16.22,2025-12-12 18:18:00,Starbucks,Entertainment,"Paris, FR"
TXN_FRAUD_682_0,USER_036,187.71183708452185,2025-12-12 18:18:00,Starbucks,Entertainment,"Paris, FR"
TXN_FRAUD_682_1,USER_036,486.09098577406945,2025-12-12 18:23:00,Starbucks,Entertainment,"Paris, FR"
TXN_FRAUD_682_2,USER_036,170.69409565921782,2025-12-12 18:28:00,Starbucks,Entertainment,"Paris, FR"
TXN_001866,USER_028,8.05,2025-12-12 18:32:00,Spotify,Fuel,"Brussels, BE"
TXN_001807,USER_001,231.98,2025-12-12 18:55:00,Starbucks,Travel,"Rome, IT"
TXN_001021,USER_015,4.32,2025-12-12 22:53:00,PayPal,Entertainment,"Brussels, BE"
TXN_000703,USER_021,221.44,2025-12-13 03:54:00,Target,Travel,"Marseille, FR"
TXN_001543,USER_040,4.29,2025-12-13 06:21:00,Apple Store,Healthcare,"Marseille, FR"
TXN_001285,USER_046,17.41,2025-12-13 06:54:00,Walmart,Food,"Lyon, FR"
TXN_000066,USER_009,24.27,2025-12-13 06:55:00,BestBuy,Fuel,"Marseille, FR"
TXN_001463,USER_026,91.91,2025-12-13 07:19:00,Whole Foods,Healthcare,"Amsterdam, NL"
TXN_000714,USER_043,11.39,2025-12-13 08:53:00,Hertz,Healthcare,"Marseille, FR"
TXN_001765,USER_015,254.1,2025-12-13 09:29:00,Target,Travel,"Lyon, FR"
TXN_000762,USER_019,19.42,2025-12-13 09:46:00,PayPal,Healthcare,"Madrid, ES"
TXN_001170,USER_021,33.72,2025-12-13 10:21:00,Whole Foods,Other,"Berlin, DE"
TXN_000059,USER_021,10.68,2025-12-13 11:01:00,Apple Store,Entertainment,"London, UK"
TXN_000579,USER_029,4.67,2025-12-13 11:10:00,Target,Subscription,"Lyon, FR"
TXN_000653,USER_019,11.65,2025-12-13 11:42:00,Apple Store,Healthcare,"Berlin, DE"
TXN_000486,USER_020,8.51,2025-12-13 12:11:00,Delta Airlines,Subscription,"Rome, IT"
TXN_000923,USER_011,284.72,2025-12-13 12:47:00,McDonalds,Fuel,"Madrid, ES"
TXN_001607,USER_032,33.97,2025-12-13 13:09:00,Google Play,Shopping,"Brussels, BE"
TXN_000359,USER_008,9.77,2025-12-13 13:37:00,Netflix,Subscription,"New York, US"
TXN_000769,USER_024,46.15,2025-12-13 14:25:00,Spotify,Subscription,"Lyon, FR"
TXN_000083,USER_008,170.15,2025-12-13 15:59:00,Whole Foods,Utilities,"Paris, FR"
TXN_001007,USER_007,39.4,2025-12-13 16:27:00,Starbucks,Food,"Madrid, ES"
TXN_000801,USER_019,96.19,2025-12-13 17:17:00,Walmart,Food,"Marseille, FR"
TXN_000489,USER_002,53.88,2025-12-13 17:23:00,Whole Foods,Other,"Madrid, ES"
TXN_000942,USER_017,62.12,2025-12-13 17:42:00,Hertz,Healthcare,"Amsterdam, NL"
TXN_001050,USER_019,21.63,2025-12-13 18:22:00,Google Play,Subscription,"Paris, FR"
TXN_001902,USER_015,29.96,2025-12-13 18:55:00,Spotify,Food,"Lyon, FR"
TXN_001352,USER_049,10.3,2025-12-14 04:32:00,CVS,Fuel,"Amsterdam, NL"
TXN_001011,USER_035,205.55,2025-12-14 05:23:00,Airbnb,Transport,"Brussels, BE"
TXN_000016,USER_025,103.23,2025-12-14 05:47:00,Hertz,Entertainment,"Berlin, DE"
TXN_001764,USER_021,27.02,2025-12-14 07:12:00,Amazon,Transport,"Rome, IT"
TXN_000026,USER_049,4.95,2025-12-14 07:37:00,Apple Store,Food,"London, UK"
TXN_000631,USER_028,116.32,2025-12-14 08:21:00,Target,Utilities,"Amsterdam, NL"
TXN_000108,USER_016,84.14,2025-12-14 09:09:00,Apple Store,Fuel,"Lyon, FR"
TXN_000630,USER_009,50.74,2025-12-14 09:34:00,BestBuy,Shopping,"Berlin, DE"
TXN_001881,USER_034,12.18,2025-12-14 09:47:00,Hotels.com,Subscription,"Berlin, DE"
TXN_001674,USER_008,23.06,2025-12-14 09:51:00,Apple Store,Subscription,"Brussels, BE"
TXN_001063,USER_040,25.88,2025-12-14 10:21:00,Walmart,Food,"London, UK"
TXN_000588,USER_041,118.5,2025-12-14 11:28:00,PayPal,Healthcare,"Rome, IT"
TXN_000182,USER_014,32.77,2025-12-14 12:23:00,Starbucks,Utilities,"Rome, IT"
TXN_000971,USER_037,13.73,2025-12-14 12:59:00,Shell Gas,Subscription,"New York, US"
TXN_001676,USER_002,72.52,2025-12-14 13:23:00,Whole Foods,Food,"New York, US"
TXN_001359,USER_023,54.03,2025-12-14 14:20:00,PayPal,Utilities,"Paris, FR"
TXN_000987,USER_047,29.18,2025-12-14 14:39:00,Uber,Fuel,"Madrid, ES"
TXN_001268,USER_042,7.86,2025-12-14 15:09:00,Netflix,Utilities,"Lyon, FR"
TXN_000115,USER_015,10.48,2025-12-14 15:15:00,Hotels.com,Shopping,"Madrid, ES"
TXN_000593,USER_032,5.12,2025-12-14 16:08:00,Spotify,Travel,"Brussels, BE"
TXN_001317,USER_041,23.26,2025-12-14 16:21:00,Airbnb,Healthcare,"New York, US"
TXN_000584,USER_037,14.55,2025-12-14 18:42:00,Delta Airlines,Food,"Marseille, FR"
TXN_000522,USER_024,8.36,2025-12-14 18:54:00,Starbucks,Food,"Marseille, FR"
TXN_000917,USER_042,41.67,2025-12-15 04:01:00,Starbucks,Transport,"Marseille, FR"
TXN_000818,USER_022,19.94,2025-12-15 05:51:00,Delta Airlines,Entertainment,"Brussels, BE"
TXN_001311,USER_008,291.78,2025-12-15 06:57:00,PayPal,Transport,"Berlin, DE"
TXN_000960,USER_023,17.6,2025-12-15 07:02:00,CVS,Entertainment,"Rome, IT"
TXN_000672,USER_006,14.28,2025-12-15 07:12:00,Starbucks,Healthcare,"New York, US"
TXN_001185,USER_010,246.11,2025-12-15 07:41:00,Amazon,Travel,"Madrid, ES"
TXN_001387,USER_015,116.6,2025-12-15 08:00:00,Amazon,Food,"Brussels, BE"
TXN_000776,USER_029,157.37,2025-12-15 08:01:00,McDonalds,Other,"Marseille, FR"
TXN_001246,USER_049,104.53,2025-12-15 08:17:00,Delta Airlines,Food,"Brussels, BE"
TXN_001158,USER_036,87.54,2025-12-15 08:27:00,Hertz,Entertainment,"Paris, FR"
TXN_000081,USER_022,21.58,2025-12-15 08:43:00,Target,Utilities,"Berlin, DE"
TXN_000590,USER_048,48.57,2025-12-15 09:32:00,Google Play,Subscription,"Rome, IT"
TXN_001116,USER_036,70.81,2025-12-15 11:02:00,Starbucks,Travel,"Madrid, ES"
TXN_000758,USER_022,4661.581399434034,2025-12-15 12:28:00,Apple Store,Utilities,"London, UK"
TXN_001404,USER_049,5.3,2025-12-15 13:19:00,Target,Other,"Berlin, DE"
TXN_001956,USER_015,4734.085783720334,2025-12-15 14:48:00,BestBuy,Healthcare,"New York, US"
TXN_000189,USER_005,132.32,2025-12-15 15:37:00,PayPal,Travel,"Brussels, BE"
TXN_001706,USER_027,23.32,2025-12-15 16:55:00,Delta Airlines,Subscription,"Rome, IT"
TXN_001336,USER_004,5.24,2025-12-15 16:56:00,BestBuy,Subscription,"Rome, IT"
TXN_000622,USER_010,35.91,2025-12-15 17:53:00,Spotify,Food,"Brussels, BE"
TXN_001658,USER_048,148.67,2025-12-15 18:29:00,Target,Transport,"Paris, FR"
TXN_000649,USER_046,24.45,2025-12-15 18:53:00,Walmart,Entertainment,"Brussels, BE"
TXN_000757,USER_039,10.04,2025-12-15 23:07:00,BestBuy,Subscription,"Lyon, FR"
TXN_000164,USER_015,66.52,2025-12-16 01:33:00,Spotify,Subscription,"Lyon, FR"
TXN_000868,USER_035,32.56,2025-12-16 02:49:00,Delta Airlines,Travel,"Brussels, BE"
TXN_001477,USER_014,2838.5854375845884,2025-12-16 03:04:00,Walmart,Utilities,"Moscow, RU"
TXN_001162,USER_044,6.08,2025-12-16 03:27:00,CVS,Other,"Brussels, BE"
TXN_000067,USER_018,49.79,2025-12-16 05:26:00,Shell Gas,Travel,"New York, US"
TXN_000325,USER_003,61.02,2025-12-16 05:46:00,Hotels.com,Transport,"Rome, IT"
TXN_001274,USER_047,52.44,2025-12-16 06:04:00,Shell Gas,Shopping,"Paris, FR"
TXN_001199,USER_013,8.96,2025-12-16 06:05:00,Hertz,Travel,"Rome, IT"
TXN_000433,USER_022,88.43,2025-12-16 07:17:00,Hertz,Fuel,"Rome, IT"
TXN_000880,USER_006,17.28,2025-12-16 07:36:00,Airbnb,Healthcare,"Madrid, ES"
TXN_000328,USER_008,53.76,2025-12-16 08:03:00,Spotify,Food,"Paris, FR"
TXN_001597,USER_011,15.07,2025-12-16 08:34:00,Shell Gas,Subscription,"Berlin, DE"
TXN_001838,USER_042,130.35,2025-12-16 08:36:00,Amazon,Entertainment,"Berlin, DE"
TXN_000500,USER_035,3087.1953269475953,2025-12-16 11:49:00,Delta Airlines,Healthcare,"Marseille, FR"
TXN_001991,USER_013,16.67,2025-12-16 11:50:00,Starbucks,Healthcare,"Madrid, ES"
TXN_001970,USER_006,6.49,2025-12-16 12:23:00,Hotels.com,Shopping,"Madrid, ES"
TXN_001415,USER_034,22.13,2025-12-16 13:11:00,Hotels.com,Healthcare,"Berlin, DE"
TXN_001027,USER_007,10.67,2025-12-16 14:05:00,Starbucks,Subscription,"Paris, FR"
TXN_000485,USER_050,162.17,2025-12-16 16:12:00,Airbnb,Fuel,"Berlin, DE"
TXN_001553,USER_002,4637.465050711347,2025-12-16 16:31:00,BestBuy,Healthcare,"Berlin, DE"
TXN_000316,USER_050,103.25,2025-12-16 16:37:00,Steam,Fuel,"Brussels, BE"
TXN_001101,USER_010,13.19,2025-12-16 16:48:00,Apple Store,Food,"London, UK"
TXN_000969,USER_016,79.93,2025-12-16 16:53:00,Steam,Travel,"Lyon, FR"
TXN_001373,USER_023,18.64,2025-12-16 18:17:00,McDonalds,Other,"Marseille, FR"
TXN_001106,USER_004,28.17,2025-12-16 19:00:00,CVS,Utilities,"Paris, FR"
TXN_000360,USER_040,61.56,2025-12-16 19:32:00,Hotels.com,Entertainment,"Lyon, FR"
TXN_001876,USER_006,13.0,2025-12-17 02:53:00,Steam,Food,"London, UK"
TXN_001612,USER_011,23.06,2025-12-17 03:33:00,Airbnb,Fuel,"Rome, IT"
TXN_001589,USER_013,21.48,2025-12-17 07:24:00,Steam,Shopping,"Berlin, DE"
TXN_001294,USER_049,57.15,2025-12-17 07:29:00,Shell Gas,Transport,"Brussels, BE"
TXN_FRAUD_785_0,USER_049,466.4937421657168,2025-12-17 07:29:00,Shell Gas,Transport,"Brussels, BE"
TXN_FRAUD_785_1,USER_049,364.69268610808996,2025-12-17 07:34:00,Shell Gas,Transport,"Brussels, BE"
TXN_FRAUD_785_2,USER_049,473.1527336400776,2025-12-17 07:39:00,Shell Gas,Transport,"Brussels, BE"
TXN_000218,USER_006,8.87,2025-12-17 09:08:00,PayPal,Transport,"New York, US"
TXN_000010,USER_036,13.59,2025-12-17 09:41:00,CVS,Travel,"Amsterdam, NL"
TXN_001571,USER_028,18.36,2025-12-17 10:24:00,Walmart,Fuel,"Lyon, FR"
TXN_000204,USER_004,35.35,2025-12-17 11:10:00,Google Play,Healthcare,"Marseille, FR"
TXN_000363,USER_035,14.69,2025-12-17 11:45:00,Spotify,Transport,"Marseille, FR"
TXN_000848,USER_045,3.24,2025-12-17 13:01:00,Hertz,Shopping,"Berlin, DE"
TXN_000802,USER_003,79.94,2025-12-17 14:11:00,Apple Store,Healthcare,"Lyon, FR"
TXN_001142,USER_028,12.43,2025-12-17 14:27:00,Walmart,Fuel,"Marseille, FR"
TXN_001455,USER_013,50.76,2025-12-17 17:30:00,Hotels.com,Subscription,"Brussels, BE"
TXN_000152,USER_036,554.24,2025-12-17 17:32:00,Starbucks,Subscription,"Lyon, FR"
TXN_001177,USER_020,107.45,2025-12-17 23:20:00,Hertz,Travel,"Paris, FR"
TXN_001826,USER_027,13.34,2025-12-17 23:37:00,CVS,Subscription,"Lyon, FR"
TXN_000553,USER_005,26.71,2025-12-18 00:50:00,BestBuy,Shopping,"Berlin, DE"
TXN_001481,USER_033,7.52,2025-12-18 02:15:00,Hertz,Travel,"New York, US"
TXN_000613,USER_043,10.74,2025-12-18 05:01:00,Delta Airlines,Other,"Brussels, BE"
TXN_001983,USER_022,11.36,2025-12-18 06:10:00,BestBuy,Shopping,"Berlin, DE"
TXN_001075,USER_009,28.52,2025-12-18 06:48:00,Spotify,Entertainment,"New York, US"
TXN_001649,USER_024,18.12,2025-12-18 07:06:00,Hotels.com,Shopping,"Marseille, FR"
TXN_000689,USER_022,8.84,2025-12-18 07:08:00,Starbucks,Transport,"Madrid, ES"
TXN_001979,USER_019,33.05,2025-12-18 07:18:00,Spotify,Utilities,"New York, US"
TXN_000210,USER_038,6.51,2025-12-18 08:28:00,PayPal,Utilities,"Rome, IT"
TXN_000528,USER_018,25.15,2025-12-18 09:05:00,Hotels.com,Transport,"Lagos, NG"
TXN_001718,USER_004,133.96,2025-12-18 09:27:00,PayPal,Food,"Lyon, FR"
TXN_001229,USER_044,12.74,2025-12-18 11:46:00,PayPal,Travel,"Lyon, FR"
TXN_000540,USER_041,32.55,2025-12-18 13:03:00,Netflix,Transport,"Madrid, ES"
TXN_001846,USER_016,4.11,2025-12-18 13:06:00,Whole Foods,Subscription,"New York, US"
TXN_001988,USER_024,41.34,2025-12-18 13:11:00,PayPal,Transport,"Brussels, BE"
TXN_000375,USER_041,21.45,2025-12-18 14:27:00,Hertz,Food,"Brussels, BE"
TXN_FRAUD_814_0,USER_026,270.43034279106627,2025-12-18 14:37:00,Spotify,Subscription,"Marseille, FR"
TXN_001141,USER_026,61.97,2025-12-18 14:37:00,Spotify,Subscription,"Marseille, FR"
TXN_FRAUD_814_1,USER_026,124.53988942463306,2025-12-18 14:42:00,Spotify,Subscription,"Marseille, FR"
TXN_FRAUD_814_2,USER_026,270.8291311379467,2025-12-18 14:47:00,Spotify,Subscription,"Marseille, FR"
TXN_000471,USER_027,50.02,2025-12-18 15:05:00,Walmart,Fuel,"Amsterdam, NL"
TXN_000092,USER_037,7.69,2025-12-18 15:13:00,Hertz,Shopping,"London, UK"
TXN_001125,USER_027,43.99,2025-12-18 16:16:00,Netflix,Transport,"New York, US"
TXN_000765,USER_033,130.42,2025-12-18 16:42:00,McDonalds,Fuel,"Marseille, FR"
TXN_000470,USER_016,8.1,2025-12-18 16:44:00,Starbucks,Fuel,"New York, US"
TXN_001164,USER_006,38.2,2025-12-18 17:08:00,Google Play,Healthcare,"Lyon, FR"
TXN_001562,USER_008,75.04,2025-12-18 17:19:00,PayPal,Utilities,"Amsterdam, NL"
TXN_001634,USER_029,7.38,2025-12-18 17:24:00,Amazon,Subscription,"Berlin, DE"
TXN_001636,USER_023,8.28,2025-12-18 18:06:00,Whole Foods,Transport,"Madrid, ES"
TXN_000159,USER_029,18.47,2025-12-18 19:43:00,Whole Foods,Healthcare,"London, UK"
TXN_001537,USER_025,49.98,2025-12-18 20:13:00,Google Play,Transport,"Brussels, BE"
TXN_001223,USER_012,69.56,2025-12-18 22:13:00,Target,Other,"Lyon, FR"
TXN_001491,USER_016,142.27,2025-12-19 00:17:00,Hotels.com,Fuel,"Madrid, ES"
TXN_001198,USER_049,3918.8460293741405,2025-12-19 03:28:00,Shell Gas,Travel,"New York, US"
TXN_000074,USER_003,100.26,2025-12-19 06:11:00,Walmart,Travel,"New York, US"
TXN_000407,USER_038,27.39,2025-12-19 06:38:00,Amazon,Other,"Rome, IT"
TXN_001208,USER_023,51.69,2025-12-19 07:09:00,Shell Gas,Fuel,"Lyon, FR"
TXN_001852,USER_030,509.83,2025-12-19 07:17:00,Spotify,Healthcare,"Brussels, BE"
TXN_001195,USER_001,71.25,2025-12-19 07:47:00,Walmart,Other,"Lyon, FR"
TXN_000753,USER_039,20.7,2025-12-19 09:33:00,Netflix,Healthcare,"Madrid, ES"
TXN_001392,USER_023,2.54,2025-12-19 11:16:00,Hertz,Food,"New York, US"
TXN_001653,USER_037,84.47,2025-12-19 11:24:00,Airbnb,Travel,"Madrid, ES"
TXN_001248,USER_038,20.36,2025-12-19 11:27:00,Walmart,Travel,"Brussels, BE"
TXN_000267,USER_024,10.31,2025-12-19 11:34:00,Apple Store,Other,"Amsterdam, NL"
TXN_FRAUD_838_0,USER_024,207.51740099167412,2025-12-19 11:34:00,Apple Store,Other,"Amsterdam, NL"
TXN_FRAUD_838_1,USER_024,332.6655198031683,2025-12-19 11:39:00,Apple Store,Other,"Amsterdam, NL"
TXN_FRAUD_838_2,USER_024,423.09318440622485,2025-12-19 11:44:00,Apple Store,Other,"Amsterdam, NL"
TXN_000641,USER_019,2.23,2025-12-19 13:08:00,Target,Fuel,"Rome, IT"
TXN_000097,USER_044,11.69,2025-12-19 14:02:00,Shell Gas,Transport,"Paris, FR"
TXN_000036,USER_046,11.27,2025-12-19 14:13:00,Google Play,Subscription,"Brussels, BE"
TXN_000258,USER_039,34.83,2025-12-19 16:10:00,BestBuy,Other,"Brussels, BE"
TXN_001815,USER_045,136.82,2025-12-19 16:16:00,Walmart,Other,"Paris, FR"
TXN_001958,USER_047,46.5,2025-12-19 16:25:00,Hotels.com,Food,"Brussels, BE"
TXN_FRAUD_845_0,USER_035,396.5168410838701,2025-12-19 19:59:00,Hotels.com,Shopping,"Lyon, FR"
TXN_000683,USER_035,54.46,2025-12-19 19:59:00,Hotels.com,Shopping,"Lyon, FR"
TXN_FRAUD_845_1,USER_035,244.55398542562725,2025-12-19 20:04:00,Hotels.com,Shopping,"Lyon, FR"
TXN_FRAUD_845_2,USER_035,411.52332302603446,2025-12-19 20:09:00,Hotels.com,Shopping,"Lyon, FR"
TXN_000676,USER_002,7.5,2025-12-20 06:26:00,Uber,Shopping,"London, UK"
TXN_000990,USER_047,2.77,2025-12-20 06:38:00,Hotels.com,Utilities,"London, UK"
TXN_001541,USER_008,4.15,2025-12-20 06:50:00,Starbucks,Subscription,"London, UK"
TXN_001136,USER_047,18.43,2025-12-20 08:13:00,CVS,Other,"Amsterdam, NL"
TXN_000412,USER_029,12.7,2025-12-20 08:14:00,Starbucks,Healthcare,"New York, US"
TXN_001686,USER_033,2.26,2025-12-20 08:44:00,Apple Store,Utilities,"Rome, IT"
TXN_000384,USER_021,44.85,2025-12-20 09:34:00,Google Play,Healthcare,"Marseille, FR"
TXN_000054,USER_048,21.3,2025-12-20 09:51:00,Walmart,Other,"Rome, IT"
TXN_000357,USER_026,86.95,2025-12-20 11:29:00,Netflix,Entertainment,"Lyon, FR"
TXN_000605,USER_007,28.3,2025-12-20 12:11:00,Spotify,Transport,"Madrid, ES"
TXN_000761,USER_043,2.09,2025-12-20 15:31:00,Starbucks,Shopping,"Rome, IT"
TXN_001671,USER_007,30.59,2025-12-20 15:57:00,PayPal,Travel,"London, UK"
TXN_000389,USER_047,7.46,2025-12-20 16:00:00,McDonalds,Subscription,"Brussels, BE"
TXN_000895,USER_001,5.84,2025-12-20 16:03:00,Uber,Healthcare,"London, UK"
TXN_000362,USER_044,27.18,2025-12-20 21:30:00,Google Play,Food,"Brussels, BE"
TXN_001329,USER_038,29.96,2025-12-21 04:14:00,Shell Gas,Travel,"New York, US"
TXN_001557,USER_029,3.45,2025-12-21 04:34:00,Whole Foods,Transport,"New York, US"
TXN_000171,USER_028,33.6,2025-12-21 05:26:00,Netflix,Shopping,"Lyon, FR"
TXN_000659,USER_014,10.35,2025-12-21 05:57:00,Target,Entertainment,"Berlin, DE"
TXN_001803,USER_033,36.27,2025-12-21 07:14:00,Airbnb,Transport,"London, UK"
TXN_000179,USER_017,140.6,2025-12-21 07:55:00,Steam,Fuel,"Paris, FR"
TXN_000727,USER_036,35.19,2025-12-21 08:42:00,Netflix,Fuel,"Rome, IT"
TXN_000439,USER_031,6.13,2025-12-21 08:47:00,Uber,Shopping,"London, UK"
TXN_000241,USER_038,107.54,2025-12-21 08:49:00,McDonalds,Utilities,"Paris, FR"
TXN_000348,USER_006,62.1,2025-12-21 09:30:00,Spotify,Utilities,"Rome, IT"
TXN_001412,USER_035,6.98,2025-12-21 09:43:00,Apple Store,Utilities,"London, UK"
TXN_000867,USER_044,17.61,2025-12-21 10:12:00,BestBuy,Healthcare,"London, UK"
TXN_000536,USER_016,59.72,2025-12-21 11:12:00,Netflix,Healthcare,"Berlin, DE"
TXN_001081,USER_047,861.9,2025-12-21 11:38:00,Hotels.com,Transport,"Rome, IT"
TXN_001055,USER_019,41.26,2025-12-21 12:14:00,Apple Store,Food,"Lyon, FR"
TXN_001439,USER_006,9.08,2025-12-21 12:19:00,BestBuy,Healthcare,"London, UK"
TXN_001889,USER_003,25.92,2025-12-21 12:31:00,Airbnb,Entertainment,"Amsterdam, NL"
TXN_001453,USER_044,13.95,2025-12-21 12:57:00,Spotify,Other,"Amsterdam, NL"
TXN_001514,USER_048,120.68,2025-12-21 14:17:00,Amazon,Shopping,"Marseille, FR"
TXN_000247,USER_006,28.57,2025-12-21 14:26:00,Starbucks,Food,"Marseille, FR"
TXN_000403,USER_009,18.86,2025-12-21 14:47:00,CVS,Travel,"Marseille, FR"
TXN_001841,USER_034,114.76,2025-12-21 14:59:00,Airbnb,Shopping,"Lyon, FR"
TXN_000911,USER_042,90.07,2025-12-21 15:54:00,Delta Airlines,Utilities,"London, UK"
TXN_001193,USER_050,6.97,2025-12-21 15:57:00,BestBuy,Fuel,"Marseille, FR"
TXN_001145,USER_027,19.58,2025-12-21 16:16:00,Amazon,Transport,"Rome, IT"
TXN_000193,USER_030,2.87,2025-12-21 16:43:00,Shell Gas,Entertainment,"Amsterdam, NL"
TXN_000516,USER_050,20.33,2025-12-21 20:49:00,Netflix,Subscription,"Rome, IT"
TXN_000993,USER_029,121.68,2025-12-21 22:04:00,Google Play,Travel,"Brussels, BE"
TXN_001396,USER_034,223.43,2025-12-22 00:52:00,Whole Foods,Healthcare,"Lyon, FR"
TXN_001357,USER_009,256.22,2025-12-22 03:03:00,Hertz,Food,"Rome, IT"
TXN_001175,USER_003,24.9,2025-12-22 05:10:00,Hertz,Entertainment,"Paris, FR"
TXN_001250,USER_037,6.75,2025-12-22 06:14:00,Google Play,Utilities,"London, UK"
TXN_000893,USER_029,14.14,2025-12-22 06:27:00,Spotify,Other,"Marseille, FR"
TXN_001992,USER_048,12.83,2025-12-22 06:45:00,Walmart,Transport,"New York, US"
TXN_000874,USER_030,16.04,2025-12-22 06:50:00,Target,Food,"Paris, FR"
TXN_000482,USER_014,32.79,2025-12-22 07:07:00,Amazon,Entertainment,"New York, US"
TXN_001628,USER_035,62.81,2025-12-22 07:12:00,Starbucks,Fuel,"Brussels, BE"
TXN_001714,USER_004,50.46,2025-12-22 10:21:00,Uber,Food,"Amsterdam, NL"
TXN_000040,USER_003,49.69,2025-12-22 10:52:00,Delta Airlines,Entertainment,"London, UK"
TXN_000301,USER_005,27.71,2025-12-22 11:54:00,Hertz,Healthcare,"London, UK"
TXN_001351,USER_045,87.27,2025-12-22 14:21:00,Walmart,Utilities,"Madrid, ES"
TXN_000070,USER_001,83.74,2025-12-22 15:37:00,Starbucks,Utilities,"Marseille, FR"
TXN_001795,USER_034,69.57,2025-12-22 15:46:00,Whole Foods,Subscription,"Rome, IT"
TXN_000533,USER_029,10.66,2025-12-22 16:15:00,CVS,Transport,"London, UK"
TXN_001781,USER_010,23.66,2025-12-22 17:24:00,CVS,Other,"Amsterdam, NL"
TXN_000707,USER_007,36.15,2025-12-22 21:01:00,Shell Gas,Healthcare,"Brussels, BE"
TXN_001903,USER_006,16.32,2025-12-23 00:35:00,Whole Foods,Entertainment,"Lyon, FR"
TXN_001479,USER_038,22.22,2025-12-23 01:05:00,Target,Other,"Brussels, BE"
TXN_000832,USER_013,23.21,2025-12-23 02:54:00,PayPal,Shopping,"Amsterdam, NL"
TXN_001539,USER_032,14.89,2025-12-23 04:44:00,Airbnb,Transport,"Lyon, FR"
TXN_000283,USER_020,19.11,2025-12-23 05:02:00,Apple Store,Transport,"Lyon, FR"
TXN_001615,USER_031,143.38,2025-12-23 06:06:00,Delta Airlines,Transport,"Lyon, FR"
TXN_001220,USER_037,135.69,2025-12-23 06:22:00,Uber,Transport,"Lyon, FR"
TXN_000308,USER_014,36.87,2025-12-23 06:37:00,Hotels.com,Entertainment,"New York, US"
TXN_001219,USER_005,176.08,2025-12-23 07:01:00,Whole Foods,Healthcare,"Madrid, ES"
TXN_001620,USER_006,37.96,2025-12-23 09:08:00,Steam,Transport,"Madrid, ES"
TXN_000999,USER_041,32.39,2025-12-23 11:14:00,CVS,Other,"Madrid, ES"
TXN_000300,USER_050,45.66,2025-12-23 11:31:00,CVS,Shopping,"Berlin, DE"
TXN_001978,USER_008,5.65,2025-12-23 11:46:00,Uber,Fuel,"Lyon, FR"
TXN_001259,USER_003,16.65,2025-12-23 11:53:00,Starbucks,Other,"Marseille, FR"
TXN_000132,USER_042,302.5,2025-12-23 13:48:00,PayPal,Subscription,"Lyon, FR"
TXN_001916,USER_026,60.73,2025-12-23 14:15:00,Hotels.com,Travel,"Madrid, ES"
TXN_000813,USER_043,15.69,2025-12-23 14:21:00,Delta Airlines,Other,"Lyon, FR"
TXN_001630,USER_034,115.13,2025-12-23 14:36:00,McDonalds,Shopping,"Paris, FR"
TXN_000948,USER_026,73.77,2025-12-23 14:39:00,Hertz,Other,"Paris, FR"
TXN_001818,USER_001,8.46,2025-12-23 14:40:00,Shell Gas,Food,"New York, US"
TXN_001090,USER_009,24.79,2025-12-23 14:53:00,Hotels.com,Other,"Paris, FR"
TXN_001567,USER_033,0.61,2025-12-23 15:17:00,Uber,Transport,"Rome, IT"
TXN_000515,USER_005,4.3,2025-12-23 15:26:00,CVS,Other,"Madrid, ES"
TXN_001877,USER_005,40.73,2025-12-23 15:49:00,Whole Foods,Entertainment,"Rome, IT"
TXN_000045,USER_026,17.44,2025-12-23 18:39:00,BestBuy,Entertainment,"New York, US"
TXN_000199,USER_017,5.84,2025-12-23 19:27:00,Steam,Food,"Berlin, DE"
TXN_000436,USER_001,25.64,2025-12-23 20:38:00,Spotify,Other,"New York, US"
TXN_000145,USER_034,24.91,2025-12-23 23:15:00,Hertz,Travel,"Berlin, DE"
TXN_001048,USER_035,21.45,2025-12-24 00:08:00,Airbnb,Utilities,"Amsterdam, NL"
TXN_000271,USER_008,9.27,2025-12-24 00:15:00,BestBuy,Utilities,"Amsterdam, NL"
TXN_000192,USER_031,169.38,2025-12-24 04:09:00,Hertz,Fuel,"Madrid, ES"
TXN_000285,USER_050,12.25,2025-12-24 06:10:00,Starbucks,Entertainment,"Lyon, FR"
TXN_000549,USER_010,591.36,2025-12-24 06:49:00,Hotels.com,Food,"London, UK"
TXN_001652,USER_036,258.58,2025-12-24 06:52:00,Walmart,Healthcare,"Rome, IT"
TXN_000473,USER_004,560.51,2025-12-24 07:29:00,Steam,Fuel,"Berlin, DE"
TXN_000063,USER_009,37.44,2025-12-24 07:44:00,Target,Entertainment,"Berlin, DE"
TXN_001771,USER_019,18.86,2025-12-24 08:38:00,Steam,Healthcare,"Amsterdam, NL"
TXN_000886,USER_014,12.25,2025-12-24 11:01:00,PayPal,Fuel,"Marseille, FR"
TXN_001097,USER_021,61.44,2025-12-24 15:26:00,Amazon,Utilities,"Marseille, FR"
TXN_000514,USER_048,2.88,2025-12-24 15:51:00,BestBuy,Healthcare,"New York, US"
TXN_FRAUD_947_0,USER_048,159.33367580821556,2025-12-24 16:03:00,Delta Airlines,Other,"Paris, FR"
TXN_001974,USER_048,279.89,2025-12-24 16:03:00,Delta Airlines,Other,"Paris, FR"
TXN_FRAUD_947_1,USER_048,291.60275487211663,2025-12-24 16:08:00,Delta Airlines,Other,"Paris, FR"
TXN_001467,USER_028,125.21,2025-12-24 16:10:00,PayPal,Travel,"Paris, FR"
TXN_FRAUD_947_2,USER_048,298.3844702884958,2025-12-24 16:13:00,Delta Airlines,Other,"Paris, FR"
TXN_000460,USER_042,12.3,2025-12-24 16:55:00,McDonalds,Fuel,"Madrid, ES"
TXN_000350,USER_003,16.46,2025-12-24 22:27:00,PayPal,Utilities,"Paris, FR"
TXN_001464,USER_044,27.44,2025-12-25 03:37:00,Spotify,Travel,"Paris, FR"
TXN_001884,USER_004,74.57,2025-12-25 03:43:00,Apple Store,Food,"Paris, FR"
TXN_000674,USER_046,12.26,2025-12-25 04:18:00,Hertz,Subscription,"Berlin, DE"
TXN_000563,USER_023,37.99,2025-12-25 04:42:00,Airbnb,Other,"Marseille, FR"
TXN_001414,USER_038,474.87,2025-12-25 05:40:00,Starbucks,Shopping,"Marseille, FR"
TXN_000493,USER_047,21.23,2025-12-25 05:58:00,Starbucks,Fuel,"Rome, IT"
TXN_000139,USER_014,48.49,2025-12-25 06:39:00,Netflix,Travel,"London, UK"
TXN_001563,USER_009,143.83,2025-12-25 08:30:00,BestBuy,Travel,"Brussels, BE"
TXN_000392,USER_038,6.08,2025-12-25 08:51:00,Walmart,Utilities,"Rome, IT"
TXN_001043,USER_004,320.43,2025-12-25 09:29:00,Starbucks,Fuel,"Lyon, FR"
TXN_001010,USER_043,2.34,2025-12-25 09:43:00,Apple Store,Subscription,"Rome, IT"
TXN_001693,USER_039,45.6,2025-12-25 10:12:00,McDonalds,Shopping,"Lyon, FR"
TXN_000517,USER_015,7.57,2025-12-25 10:23:00,Steam,Healthcare,"Marseille, FR"
TXN_000277,USER_043,19.52,2025-12-25 12:52:00,Steam,Shopping,"Madrid, ES"
TXN_000113,USER_001,3448.461854882631,2025-12-25 13:07:00,Steam,Healthcare,"Brussels, BE"
TXN_000968,USER_027,97.41,2025-12-25 13:21:00,Hertz,Shopping,"London, UK"
TXN_000796,USER_013,27.18,2025-12-25 14:33:00,PayPal,Utilities,"Marseille, FR"
TXN_000785,USER_032,16.44,2025-12-25 14:36:00,Shell Gas,Transport,"Madrid, ES"
TXN_001740,USER_005,18.02,2025-12-25 16:49:00,Hertz,Food,"Marseille, FR"
TXN_000897,USER_029,21.49,2025-12-25 17:37:00,Spotify,Subscription,"Brussels, BE"
TXN_001114,USER_044,15.55,2025-12-25 18:10:00,Spotify,Entertainment,"Brussels, BE"
TXN_001496,USER_027,70.51,2025-12-26 02:30:00,Target,Healthcare,"Marseille, FR"
TXN_000530,USER_005,31.99,2025-12-26 03:04:00,Uber,Subscription,"Amsterdam, NL"
TXN_001976,USER_005,620.05,2025-12-26 05:41:00,Starbucks,Fuel,"Berlin, DE"
TXN_001542,USER_048,25.1,2025-12-26 05:47:00,PayPal,Utilities,"London, UK"
TXN_000243,USER_029,32.54,2025-12-26 06:20:00,Whole Foods,Food,"Rome, IT"
TXN_001883,USER_016,12.08,2025-12-26 06:30:00,Steam,Healthcare,"Amsterdam, NL"
TXN_000299,USER_011,8.44,2025-12-26 07:11:00,Spotify,Healthcare,"Madrid, ES"
TXN_000307,USER_033,40.6,2025-12-26 07:49:00,Google Play,Utilities,"Marseille, FR"
TXN_000281,USER_045,34.23,2025-12-26 07:53:00,PayPal,Food,"New York, US"
TXN_001697,USER_032,53.73,2025-12-26 08:50:00,Netflix,Subscription,"Amsterdam, NL"
TXN_001409,USER_018,165.68,2025-12-26 09:14:00,Google Play,Shopping,"London, UK"
TXN_000982,USER_021,84.73,2025-12-26 11:27:00,Netflix,Transport,"Brussels, BE"
TXN_001486,USER_013,71.78,2025-12-26 13:17:00,Starbucks,Entertainment,"Marseille, FR"
TXN_000941,USER_027,20.44,2025-12-26 14:54:00,Starbucks,Healthcare,"Amsterdam, NL"
TXN_000133,USER_028,33.72,2025-12-26 15:28:00,Airbnb,Transport,"Madrid, ES"
TXN_FRAUD_986_0,USER_028,350.99434120539695,2025-12-26 15:28:00,Airbnb,Transport,"Madrid, ES"
TXN_FRAUD_986_1,USER_028,149.2302060759303,2025-12-26 15:33:00,Airbnb,Transport,"Madrid, ES"
TXN_FRAUD_986_2,USER_028,429.9699605838235,2025-12-26 15:38:00,Airbnb,Transport,"Madrid, ES"
TXN_000181,USER_034,14.31,2025-12-26 16:27:00,Hotels.com,Subscription,"Paris, FR"
TXN_000222,USER_036,30.98,2025-12-26 16:53:00,Steam,Shopping,"London, UK"
TXN_001052,USER_040,43.59,2025-12-26 17:37:00,CVS,Entertainment,"Berlin, DE"
TXN_001638,USER_013,47.37,2025-12-26 19:17:00,BestBuy,Transport,"Madrid, ES"
TXN_001438,USER_049,166.57,2025-12-26 21:33:00,Spotify,Fuel,"Paris, FR"
TXN_001904,USER_037,2896.998490606743,2025-12-27 02:56:00,Apple Store,Healthcare,"Moscow, RU"
TXN_000951,USER_015,4.28,2025-12-27 04:53:00,CVS,Shopping,"Madrid, ES"
TXN_000548,USER_029,16.69,2025-12-27 05:13:00,Airbnb,Other,"Brussels, BE"
TXN_000399,USER_026,7.06,2025-12-27 05:38:00,Apple Store,Fuel,"Berlin, DE"
TXN_000255,USER_007,5.92,2025-12-27 05:39:00,Starbucks,Fuel,"Paris, FR"
TXN_000639,USER_037,40.59,2025-12-27 06:55:00,Delta Airlines,Shopping,"Marseille, FR"
TXN_001503,USER_035,77.04,2025-12-27 07:32:00,BestBuy,Travel,"Brussels, BE"
TXN_001855,USER_033,90.34,2025-12-27 08:19:00,Steam,Healthcare,"Madrid, ES"
TXN_001872,USER_012,14.54,2025-12-27 08:59:00,Starbucks,Entertainment,"Rome, IT"
TXN_001189,USER_016,14.96,2025-12-27 09:16:00,Spotify,Entertainment,"Brussels, BE"
TXN_001616,USER_018,18.46,2025-12-27 09:33:00,PayPal,Travel,"New York, US"
TXN_000664,USER_026,30.26,2025-12-27 12:31:00,Target,Other,"Amsterdam, NL"
TXN_001334,USER_025,111.77,2025-12-27 12:56:00,Airbnb,Entertainment,"Berlin, DE"
TXN_000126,USER_050,50.84,2025-12-27 12:58:00,CVS,Other,"Lyon, FR"
TXN_000229,USER_030,12.26,2025-12-27 13:30:00,Hertz,Healthcare,"Amsterdam, NL"
TXN_000746,USER_016,98.98,2025-12-27 14:19:00,CVS,Subscription,"Marseille, FR"
TXN_000385,USER_049,15.05,2025-12-27 14:20:00,Hertz,Food,"Berlin, DE"
TXN_001360,USER_005,57.0,2025-12-27 16:10:00,Airbnb,Subscription,"Brussels, BE"
TXN_001856,USER_048,44.11,2025-12-27 16:12:00,Hotels.com,Utilities,"Amsterdam, NL"
TXN_000642,USER_001,14.59,2025-12-27 17:00:00,Spotify,Other,"London, UK"
TXN_001071,USER_021,45.56,2025-12-27 18:14:00,PayPal,Travel,"Amsterdam, NL"
TXN_001694,USER_030,11.15,2025-12-27 18:47:00,Shell Gas,Subscription,"Paris, FR"
TXN_000985,USER_045,195.37,2025-12-27 19:11:00,Steam,Utilities,"Rome, IT"
TXN_000503,USER_006,141.28,2025-12-27 19:13:00,Airbnb,Other,"New York, US"
TXN_000715,USER_024,36.77,2025-12-28 04:11:00,McDonalds,Subscription,"Paris, FR"
TXN_000505,USER_026,40.88,2025-12-28 05:12:00,Hertz,Subscription,"Paris, FR"
TXN_001399,USER_012,37.88,2025-12-28 07:06:00,Hertz,Subscription,"Paris, FR"
TXN_000459,USER_029,27.14,2025-12-28 07:12:00,Target,Fuel,"Marseille, FR"
TXN_001867,USER_043,43.02,2025-12-28 07:25:00,Spotify,Healthcare,"Lyon, FR"
TXN_001277,USER_009,4.92,2025-12-28 07:30:00,Whole Foods,Transport,"Lyon, FR"
TXN_000520,USER_010,159.6,2025-12-28 07:33:00,Starbucks,Healthcare,"Berlin, DE"
TXN_001234,USER_046,67.04,2025-12-28 08:13:00,Steam,Healthcare,"Brussels, BE"
TXN_001264,USER_015,9.7,2025-12-28 08:31:00,Steam,Subscription,"London, UK"
TXN_000856,USER_008,175.67,2025-12-28 10:50:00,PayPal,Utilities,"Brussels, BE"
TXN_001928,USER_042,13.72,2025-12-28 12:05:00,Airbnb,Travel,"Paris, FR"
TXN_000819,USER_042,78.56,2025-12-28 12:13:00,Uber,Food,"Rome, IT"
TXN_001850,USER_049,15.32,2025-12-28 12:15:00,Target,Utilities,"Amsterdam, NL"
TXN_001782,USER_026,2396.537138112104,2025-12-28 13:01:00,Steam,Food,"Brussels, BE"
TXN_000936,USER_031,149.68,2025-12-28 13:10:00,Whole Foods,Other,"Lyon, FR"
TXN_001458,USER_021,48.07,2025-12-28 13:16:00,Airbnb,Shopping,"Paris, FR"
TXN_001901,USER_025,173.29,2025-12-28 14:29:00,Hertz,Healthcare,"New York, US"
TXN_000772,USER_044,35.7,2025-12-28 15:21:00,Spotify,Healthcare,"Paris, FR"
TXN_000809,USER_040,523.48,2025-12-28 15:37:00,Google Play,Other,"Paris, FR"
TXN_001913,USER_046,5.33,2025-12-28 15:51:00,Apple Store,Transport,"New York, US"
TXN_000692,USER_012,34.47,2025-12-28 16:07:00,Spotify,Transport,"Marseille, FR"
TXN_001266,USER_029,88.65,2025-12-28 17:31:00,Apple Store,Fuel,"Paris, FR"
TXN_001521,USER_026,10.21,2025-12-28 17:41:00,Whole Foods,Entertainment,"Paris, FR"
TXN_000266,USER_014,10.12,2025-12-28 18:14:00,Airbnb,Travel,"Marseille, FR"
TXN_001816,USER_004,133.33,2025-12-28 19:37:00,Shell Gas,Entertainment,"Berlin, DE"
TXN_000513,USER_022,28.3,2025-12-29 00:36:00,Starbucks,Food,"Brussels, BE"
TXN_001906,USER_013,207.51,2025-12-29 03:15:00,Apple Store,Travel,"Marseille, FR"
TXN_000335,USER_002,4.67,2025-12-29 03:43:00,Hotels.com,Shopping,"Madrid, ES"
TXN_001109,USER_042,189.81,2025-12-29 04:02:00,Steam,Fuel,"Lyon, FR"
TXN_FRAUD_1044_0,USER_016,157.86712792648973,2025-12-29 04:53:00,Google Play,Entertainment,"Paris, FR"
TXN_000323,USER_016,40.38,2025-12-29 04:53:00,Google Play,Entertainment,"Paris, FR"
TXN_FRAUD_1044_1,USER_016,229.22136484018466,2025-12-29 04:58:00,Google Play,Entertainment,"Paris, FR"
TXN_FRAUD_1044_2,USER_016,151.01429874262905,2025-12-29 05:03:00,Google Play,Entertainment,"Paris, FR"
TXN_001281,USER_025,121.31,2025-12-29 05:09:00,Walmart,Utilities,"London, UK"
TXN_001206,USER_007,29.97,2025-12-29 05:51:00,Target,Healthcare,"Madrid, ES"
TXN_001149,USER_046,6.14,2025-12-29 06:34:00,Delta Airlines,Other,"Marseille, FR"
TXN_000294,USER_033,231.26,2025-12-29 07:17:00,Whole Foods,Fuel,"Paris, FR"
TXN_000949,USER_011,45.94,2025-12-29 07:28:00,Amazon,Food,"Marseille, FR"
TXN_001533,USER_046,46.82,2025-12-29 07:33:00,PayPal,Other,"London, UK"
TXN_001236,USER_036,4.98,2025-12-29 08:41:00,Google Play,Healthcare,"Marseille, FR"
TXN_FRAUD_1051_0,USER_049,320.86036836833773,2025-12-29 08:59:00,Google Play,Fuel,"Brussels, BE"
TXN_001961,USER_049,2.33,2025-12-29 08:59:00,Google Play,Fuel,"Brussels, BE"
TXN_FRAUD_1051_1,USER_049,168.44363875368072,2025-12-29 09:04:00,Google Play,Fuel,"Brussels, BE"
TXN_FRAUD_1051_2,USER_049,118.24498633612927,2025-12-29 09:09:00,Google Play,Fuel,"Brussels, BE"
TXN_000782,USER_007,159.71,2025-12-29 09:20:00,Whole Foods,Utilities,"Marseille, FR"
TXN_001035,USER_031,24.44,2025-12-29 09:31:00,Spotify,Travel,"Marseille, FR"
TXN_001995,USER_033,13.87,2025-12-29 09:56:00,BestBuy,Food,"Paris, FR"
TXN_000397,USER_005,439.79,2025-12-29 10:20:00,Airbnb,Fuel,"London, UK"
TXN_001295,USER_003,41.76,2025-12-29 15:30:00,Shell Gas,Utilities,"Madrid, ES"
TXN_000806,USER_018,29.87,2025-12-29 15:32:00,Hotels.com,Healthcare,"Marseille, FR"
TXN_001799,USER_030,23.49,2025-12-29 15:46:00,McDonalds,Other,"Lyon, FR"
TXN_000188,USER_010,42.29,2025-12-29 16:00:00,CVS,Fuel,"Marseille, FR"
TXN_000051,USER_001,171.78,2025-12-29 16:04:00,Airbnb,Utilities,"Madrid, ES"
TXN_000562,USER_039,122.34,2025-12-29 16:27:00,Steam,Other,"Lyon, FR"
TXN_001391,USER_024,118.85,2025-12-29 18:11:00,Amazon,Utilities,"Berlin, DE"
TXN_000024,USER_005,95.4,2025-12-29 18:12:00,CVS,Subscription,"Brussels, BE"
TXN_000719,USER_004,44.77,2025-12-29 18:40:00,Delta Airlines,Healthcare,"Brussels, BE"
TXN_001507,USER_036,126.74,2025-12-29 20:07:00,Google Play,Food,"Brussels, BE"
TXN_001065,USER_035,47.0,2025-12-29 21:00:00,Shell Gas,Fuel,"New York, US"
TXN_001500,USER_038,271.98,2025-12-29 21:39:00,Uber,Healthcare,"New York, US"
TXN_001621,USER_004,208.64,2025-12-30 03:36:00,Walmart,Transport,"Amsterdam, NL"
TXN_001020,USER_028,13.55,2025-12-30 05:03:00,McDonalds,Healthcare,"Madrid, ES"
TXN_000882,USER_009,809.02,2025-12-30 05:38:00,Hertz,Utilities,"Marseille, FR"
TXN_001580,USER_001,14.04,2025-12-30 05:55:00,Amazon,Transport,"Rome, IT"
TXN_000721,USER_006,19.56,2025-12-30 06:45:00,Walmart,Fuel,"Amsterdam, NL"
TXN_001113,USER_032,94.4,2025-12-30 07:35:00,McDonalds,Shopping,"Lagos, NG"
TXN_001657,USER_015,92.08,2025-12-30 08:09:00,Hertz,Shopping,"Rome, IT"
TXN_001139,USER_035,30.61,2025-12-30 09:35:00,Walmart,Fuel,"Madrid, ES"
TXN_001088,USER_044,110.42,2025-12-30 11:16:00,CVS,Other,"Brussels, BE"
TXN_001915,USER_047,6.6,2025-12-30 12:07:00,McDonalds,Shopping,"Brussels, BE"
TXN_000885,USER_039,29.99,2025-12-30 12:22:00,Hertz,Food,"London, UK"
TXN_001005,USER_011,100.03,2025-12-30 12:54:00,BestBuy,Food,"Rome, IT"
TXN_000391,USER_006,82.07,2025-12-30 13:20:00,Airbnb,Entertainment,"New York, US"
TXN_000614,USER_013,71.75,2025-12-30 14:06:00,Walmart,Entertainment,"Rome, IT"
TXN_000431,USER_003,19.21,2025-12-30 15:38:00,Hotels.com,Transport,"London, UK"
TXN_000532,USER_001,78.81,2025-12-30 17:09:00,CVS,Healthcare,"Berlin, DE"
TXN_001031,USER_018,3.73,2025-12-30 17:52:00,Hertz,Subscription,"Marseille, FR"
TXN_000535,USER_012,148.27,2025-12-30 18:08:00,Spotify,Subscription,"Amsterdam, NL"
TXN_001739,USER_014,21.15,2025-12-30 23:59:00,Amazon,Travel,"Paris, FR"
TXN_001757,USER_038,74.65,2025-12-31 04:28:00,Whole Foods,Shopping,"New York, US"
TXN_000252,USER_030,22.57,2025-12-31 06:14:00,BestBuy,Travel,"Lagos, NG"
TXN_001890,USER_032,86.9,2025-12-31 08:35:00,CVS,Food,"Berlin, DE"
TXN_001135,USER_028,79.39,2025-12-31 09:37:00,Walmart,Other,"Madrid, ES"
TXN_001069,USER_036,5.32,2025-12-31 10:20:00,Apple Store,Transport,"Brussels, BE"
TXN_001962,USER_039,124.57,2025-12-31 11:18:00,Whole Foods,Transport,"London, UK"
TXN_001592,USER_032,51.95,2025-12-31 14:19:00,Delta Airlines,Other,"Amsterdam, NL"
TXN_001806,USER_048,11.65,2025-12-31 14:42:00,Shell Gas,Healthcare,"Paris, FR"
TXN_001091,USER_036,20.25,2025-12-31 15:04:00,Target,Healthcare,"Brussels, BE"
TXN_000661,USER_002,40.15,2025-12-31 15:42:00,Airbnb,Fuel,"Brussels, BE"
TXN_000395,USER_049,106.29,2025-12-31 16:11:00,Walmart,Healthcare,"Paris, FR"
TXN_000621,USER_045,19.32,2025-12-31 16:53:00,Hertz,Fuel,"Amsterdam, NL"
TXN_000050,USER_014,132.93,2025-12-31 17:45:00,Walmart,Transport,"Madrid, ES"
TXN_001482,USER_027,133.97,2025-12-31 18:04:00,CVS,Fuel,"Rome, IT"
TXN_000155,USER_005,3.4,2025-12-31 18:19:00,Target,Other,"Paris, FR"
TXN_001263,USER_030,13.77,2025-12-31 20:18:00,Spotify,Subscription,"Brussels, BE"
TXN_000090,USER_043,91.55,2025-12-31 22:08:00,Steam,Utilities,"Brussels, BE"
TXN_001096,USER_043,92.57,2025-12-31 23:15:00,Google Play,Travel,"New York, US"
TXN_FRAUD_1106_0,USER_043,133.2984624696607,2025-12-31 23:15:00,Google Play,Travel,"New York, US"
TXN_FRAUD_1106_1,USER_043,382.1846869110655,2025-12-31 23:20:00,Google Play,Travel,"New York, US"
TXN_FRAUD_1106_2,USER_043,319.71002895843435,2025-12-31 23:25:00,Google Play,Travel,"New York, US"
TXN_001260,USER_032,4.48,2026-01-01 01:37:00,Steam,Entertainment,"Rome, IT"
TXN_000176,USER_023,2183.161480394949,2026-01-01 03:09:00,Apple Store,Food,"Beijing, CN"
TXN_000368,USER_027,8.77,2026-01-01 03:40:00,Whole Foods,Food,"Marseille, FR"
TXN_000830,USER_009,16.65,2026-01-01 03:54:00,Netflix,Other,"New York, US"
TXN_000313,USER_003,63.57,2026-01-01 06:11:00,Uber,Subscription,"Amsterdam, NL"
TXN_001397,USER_001,10.12,2026-01-01 06:28:00,Netflix,Healthcare,"Marseille, FR"
TXN_000585,USER_049,48.84,2026-01-01 06:46:00,Walmart,Utilities,"Marseille, FR"
TXN_000526,USER_019,25.85,2026-01-01 07:12:00,Target,Fuel,"New York, US"
TXN_001618,USER_027,19.39,2026-01-01 07:45:00,Airbnb,Fuel,"Berlin, DE"
TXN_000671,USER_032,81.17,2026-01-01 08:44:00,Hertz,Subscription,"Paris, FR"
TXN_000645,USER_001,187.63,2026-01-01 08:49:00,Uber,Fuel,"Berlin, DE"
TXN_001441,USER_036,26.47,2026-01-01 09:06:00,PayPal,Entertainment,"Lyon, FR"
TXN_001003,USER_029,89.8,2026-01-01 09:58:00,McDonalds,Shopping,"Marseille, FR"
TXN_001182,USER_030,4732.547538789937,2026-01-01 10:47:00,Walmart,Fuel,"London, UK"
TXN_000077,USER_012,72.16,2026-01-01 10:49:00,McDonalds,Travel,"Madrid, ES"
TXN_000231,USER_040,38.01,2026-01-01 11:05:00,Walmart,Travel,"New York, US"
TXN_000718,USER_035,8.52,2026-01-01 11:36:00,Whole Foods,Entertainment,"Brussels, BE"
TXN_000876,USER_017,65.4,2026-01-01 12:12:00,Airbnb,Healthcare,"Lagos, NG"
TXN_001023,USER_018,3.15,2026-01-01 13:00:00,Target,Transport,"Marseille, FR"
TXN_001968,USER_020,4.14,2026-01-01 13:37:00,Apple Store,Food,"Lyon, FR"
TXN_001331,USER_048,200.0,2026-01-01 13:43:00,Shell Gas,Healthcare,"New York, US"
TXN_001857,USER_005,12.65,2026-01-01 13:44:00,Walmart,Food,"Madrid, ES"
TXN_000499,USER_036,81.77,2026-01-01 13:48:00,Amazon,Fuel,"London, UK"
TXN_000488,USER_021,47.78,2026-01-01 13:50:00,Whole Foods,Entertainment,"Marseille, FR"
TXN_001015,USER_024,135.83,2026-01-01 14:04:00,Starbucks,Utilities,"Paris, FR"
TXN_001518,USER_044,294.11,2026-01-01 14:38:00,Apple Store,Subscription,"Rome, IT"
TXN_001346,USER_045,27.96,2026-01-01 16:01:00,Starbucks,Travel,"London, UK"
TXN_001789,USER_021,19.23,2026-01-01 17:13:00,McDonalds,Food,"Marseille, FR"
TXN_000926,USER_015,67.74,2026-01-01 17:26:00,Starbucks,Other,"Marseille, FR"
TXN_001986,USER_010,1.63,2026-01-01 17:55:00,Hotels.com,Shopping,"Marseille, FR"
TXN_000700,USER_011,14.63,2026-01-01 19:19:00,Steam,Travel,"Brussels, BE"
TXN_000177,USER_022,328.58,2026-01-01 19:32:00,Hotels.com,Utilities,"Madrid, ES"
TXN_000851,USER_025,17.58,2026-01-02 00:38:00,Apple Store,Fuel,"Paris, FR"
TXN_001798,USER_012,48.94,2026-01-02 02:03:00,McDonalds,Other,"Madrid, ES"
TXN_000329,USER_016,202.7,2026-01-02 03:28:00,CVS,Subscription,"Lyon, FR"
TXN_000567,USER_025,9.6,2026-01-02 04:26:00,Starbucks,Other,"Madrid, ES"
TXN_001595,USER_042,89.56,2026-01-02 04:44:00,Hotels.com,Food,"Rome, IT"
TXN_000729,USER_008,637.69,2026-01-02 04:57:00,Starbucks,Other,"Amsterdam, NL"
TXN_001871,USER_034,2.78,2026-01-02 06:29:00,Spotify,Healthcare,"Marseille, FR"
TXN_001343,USER_001,20.85,2026-01-02 08:50:00,Walmart,Subscription,"Brussels, BE"
TXN_000638,USER_016,23.01,2026-01-02 09:46:00,Apple Store,Utilities,"Lyon, FR"
TXN_001029,USER_022,62.41,2026-01-02 10:07:00,Hotels.com,Travel,"Rome, IT"
TXN_000989,USER_012,25.43,2026-01-02 10:19:00,Starbucks,Fuel,"Brussels, BE"
TXN_000792,USER_020,7.12,2026-01-02 10:30:00,BestBuy,Fuel,"London, UK"
TXN_000110,USER_005,17.89,2026-01-02 12:14:00,Apple Store,Fuel,"Rome, IT"
TXN_000474,USER_045,102.04,2026-01-02 13:14:00,Starbucks,Utilities,"Madrid, ES"
TXN_000322,USER_002,37.14,2026-01-02 13:51:00,Steam,Fuel,"Berlin, DE"
TXN_001790,USER_035,96.9,2026-01-02 14:18:00,Target,Healthcare,"New York, US"
TXN_000121,USER_049,43.76,2026-01-02 15:04:00,Target,Subscription,"Paris, FR"
TXN_001708,USER_018,4.99,2026-01-02 15:22:00,Airbnb,Travel,"Lagos, NG"
TXN_000453,USER_033,4.4,2026-01-02 16:17:00,Whole Foods,Shopping,"Brussels, BE"
TXN_000617,USER_037,63.86,2026-01-02 17:11:00,Hertz,Transport,"Rome, IT"
TXN_000477,USER_027,63.57,2026-01-02 17:23:00,Delta Airlines,Transport,"Madrid, ES"
TXN_001643,USER_047,65.32,2026-01-02 18:40:00,McDonalds,Transport,"Brussels, BE"
TXN_000242,USER_009,49.25,2026-01-02 19:21:00,BestBuy,Food,"Rome, IT"
TXN_001165,USER_049,5.31,2026-01-02 23:41:00,Hertz,Food,"London, UK"
TXN_001119,USER_010,11.87,2026-01-03 00:07:00,CVS,Travel,"Rome, IT"
TXN_000349,USER_039,119.72,2026-01-03 02:58:00,Airbnb,Travel,"Rome, IT"
TXN_000778,USER_026,132.87,2026-01-03 06:18:00,Steam,Shopping,"Paris, FR"
TXN_001779,USER_027,68.46,2026-01-03 06:31:00,Steam,Fuel,"London, UK"
TXN_000261,USER_015,17.17,2026-01-03 06:42:00,Hertz,Other,"Amsterdam, NL"
TXN_001512,USER_022,27.32,2026-01-03 06:44:00,BestBuy,Transport,"London, UK"
TXN_000456,USER_003,12.61,2026-01-03 07:10:00,Target,Fuel,"Lagos, NG"
TXN_001977,USER_004,290.45,2026-01-03 07:19:00,Steam,Transport,"Berlin, DE"
TXN_001308,USER_013,5.38,2026-01-03 08:09:00,Steam,Travel,"Lyon, FR"
TXN_001471,USER_043,12.42,2026-01-03 08:24:00,Delta Airlines,Healthcare,"London, UK"
TXN_001882,USER_039,21.46,2026-01-03 09:09:00,Google Play,Travel,"Berlin, DE"
TXN_001967,USER_018,130.48,2026-01-03 10:21:00,Uber,Utilities,"Lyon, FR"
TXN_001759,USER_020,3.26,2026-01-03 11:44:00,Steam,Other,"Marseille, FR"
TXN_001480,USER_031,2224.6388034928887,2026-01-03 12:01:00,Google Play,Food,"London, UK"
TXN_000872,USER_044,36.77,2026-01-03 12:41:00,BestBuy,Entertainment,"Brussels, BE"
TXN_001341,USER_047,22.36,2026-01-03 13:35:00,Uber,Entertainment,"Berlin, DE"
TXN_001344,USER_003,54.85,2026-01-03 14:21:00,Steam,Subscription,"Lyon, FR"
TXN_001941,USER_011,8.7,2026-01-03 14:30:00,Amazon,Entertainment,"London, UK"
TXN_001394,USER_011,91.51,2026-01-03 17:34:00,PayPal,Transport,"Amsterdam, NL"
TXN_000581,USER_041,62.77,2026-01-03 17:58:00,CVS,Transport,"New York, US"
TXN_001524,USER_040,63.22,2026-01-03 18:26:00,Netflix,Transport,"Lyon, FR"
TXN_001095,USER_050,17.41,2026-01-03 22:08:00,Whole Foods,Food,"Lyon, FR"
TXN_001849,USER_048,710.25,2026-01-04 05:36:00,Starbucks,Subscription,"Paris, FR"
TXN_001476,USER_024,82.39,2026-01-04 06:00:00,Hotels.com,Food,"Brussels, BE"
TXN_000250,USER_039,59.45,2026-01-04 07:54:00,BestBuy,Fuel,"New York, US"
TXN_001569,USER_030,23.86,2026-01-04 08:53:00,Hotels.com,Utilities,"Marseille, FR"
TXN_001925,USER_038,26.12,2026-01-04 08:57:00,Steam,Entertainment,"Paris, FR"
TXN_000344,USER_024,8.43,2026-01-04 13:44:00,Steam,Subscription,"Madrid, ES"
TXN_001122,USER_009,7.04,2026-01-04 14:46:00,Starbucks,Other,"Marseille, FR"
TXN_001084,USER_023,22.1,2026-01-04 16:14:00,BestBuy,Entertainment,"Amsterdam, NL"
TXN_001284,USER_035,100.38,2026-01-04 17:01:00,CVS,Food,"Rome, IT"
TXN_000529,USER_011,60.74,2026-01-04 17:05:00,PayPal,Utilities,"Lagos, NG"
TXN_001018,USER_001,82.33,2026-01-04 17:39:00,Spotify,Other,"New York, US"
TXN_001485,USER_040,18.86,2026-01-04 17:47:00,Whole Foods,Shopping,"Brussels, BE"
TXN_001990,USER_023,19.56,2026-01-04 17:48:00,Google Play,Entertainment,"Lyon, FR"
TXN_000873,USER_045,29.04,2026-01-04 18:29:00,Target,Transport,"Paris, FR"
TXN_001420,USER_009,45.22,2026-01-04 23:44:00,CVS,Fuel,"Berlin, DE"
TXN_000738,USER_020,2326.31670541494,2026-01-05 02:37:00,Apple Store,Utilities,"Beijing, CN"
TXN_000197,USER_007,152.23,2026-01-05 02:54:00,Delta Airlines,Subscription,"Paris, FR"
TXN_000104,USER_049,106.98,2026-01-05 03:27:00,Delta Airlines,Healthcare,"Brussels, BE"
TXN_001297,USER_041,293.85,2026-01-05 03:35:00,Shell Gas,Transport,"Paris, FR"
TXN_001809,USER_046,41.91,2026-01-05 03:56:00,Hotels.com,Utilities,"Marseille, FR"
TXN_001692,USER_043,60.27,2026-01-05 04:31:00,BestBuy,Travel,"Lagos, NG"
TXN_001393,USER_047,54.66,2026-01-05 06:35:00,PayPal,Subscription,"London, UK"
TXN_000094,USER_030,10.53,2026-01-05 07:16:00,Shell Gas,Fuel,"Rome, IT"
TXN_001367,USER_027,87.57,2026-01-05 07:35:00,Amazon,Utilities,"New York, US"
TXN_001515,USER_041,53.78,2026-01-05 07:38:00,Starbucks,Shopping,"Madrid, ES"
TXN_000353,USER_044,152.04,2026-01-05 07:50:00,Starbucks,Food,"New York, US"
TXN_000716,USER_017,77.46,2026-01-05 08:17:00,Netflix,Entertainment,"London, UK"
TXN_000270,USER_039,11.18,2026-01-05 09:14:00,Netflix,Entertainment,"Brussels, BE"
TXN_001776,USER_014,14.37,2026-01-05 09:16:00,Hertz,Shopping,"Berlin, DE"
TXN_000071,USER_048,4006.8426209761556,2026-01-05 09:23:00,PayPal,Fuel,"Paris, FR"
TXN_001002,USER_018,15.13,2026-01-05 09:37:00,Google Play,Other,"Brussels, BE"
TXN_001282,USER_012,109.36,2026-01-05 09:52:00,Hotels.com,Entertainment,"Amsterdam, NL"
TXN_001376,USER_009,33.28,2026-01-05 11:04:00,Google Play,Transport,"Lagos, NG"
TXN_001966,USER_012,8.15,2026-01-05 11:10:00,Airbnb,Fuel,"London, UK"
TXN_000422,USER_023,22.16,2026-01-05 11:29:00,Netflix,Subscription,"New York, US"
TXN_001761,USER_019,44.82,2026-01-05 12:21:00,Google Play,Entertainment,"Amsterdam, NL"
TXN_000916,USER_009,8.2,2026-01-05 12:58:00,Uber,Food,"Brussels, BE"
TXN_000298,USER_046,22.92,2026-01-05 13:16:00,Delta Airlines,Fuel,"Amsterdam, NL"
TXN_001619,USER_002,80.76,2026-01-05 13:57:00,Amazon,Fuel,"Lyon, FR"
TXN_001191,USER_006,53.09,2026-01-05 14:20:00,Amazon,Subscription,"Brussels, BE"
TXN_001875,USER_027,361.91,2026-01-05 14:28:00,CVS,Food,"Marseille, FR"
TXN_001510,USER_011,15.12,2026-01-05 14:28:00,Apple Store,Healthcare,"Paris, FR"
TXN_001508,USER_016,64.02,2026-01-05 15:12:00,Amazon,Healthcare,"London, UK"
TXN_001715,USER_040,23.14,2026-01-05 15:36:00,BestBuy,Subscription,"Amsterdam, NL"
TXN_000232,USER_029,213.05,2026-01-05 17:03:00,Google Play,Food,"Berlin, DE"
TXN_000596,USER_011,44.93,2026-01-05 17:17:00,Amazon,Healthcare,"New York, US"
TXN_001741,USER_019,16.24,2026-01-05 18:00:00,Whole Foods,Travel,"Paris, FR"
TXN_000804,USER_023,34.34,2026-01-05 18:27:00,Netflix,Food,"Berlin, DE"
TXN_001070,USER_039,44.22,2026-01-05 19:47:00,Google Play,Travel,"Brussels, BE"
TXN_000217,USER_020,47.21,2026-01-05 19:50:00,Whole Foods,Travel,"Marseille, FR"
TXN_000609,USER_044,39.14,2026-01-05 20:43:00,Shell Gas,Food,"Lyon, FR"
TXN_001241,USER_036,42.81,2026-01-06 01:12:00,Google Play,Entertainment,"Marseille, FR"
TXN_000869,USER_033,2407.0707116826507,2026-01-06 03:19:00,Walmart,Utilities,"Moscow, RU"
TXN_000925,USER_014,12.6,2026-01-06 04:26:00,Hotels.com,Subscription,"Marseille, FR"
TXN_001655,USER_049,38.38,2026-01-06 06:30:00,Airbnb,Transport,"Berlin, DE"
TXN_001794,USER_010,13.21,2026-01-06 06:52:00,Steam,Other,"New York, US"
TXN_001680,USER_036,17.77,2026-01-06 07:50:00,Amazon,Subscription,"Amsterdam, NL"
TXN_000654,USER_021,10.16,2026-01-06 08:05:00,Uber,Food,"New York, US"
TXN_001300,USER_035,174.88,2026-01-06 08:49:00,Walmart,Travel,"Paris, FR"
TXN_001378,USER_024,21.09,2026-01-06 09:22:00,McDonalds,Fuel,"London, UK"
TXN_000523,USER_028,7.59,2026-01-06 10:23:00,Hertz,Fuel,"Madrid, ES"
TXN_001678,USER_027,55.7,2026-01-06 10:53:00,Delta Airlines,Entertainment,"Marseille, FR"
TXN_000314,USER_019,114.65,2026-01-06 11:02:00,Hertz,Entertainment,"London, UK"
TXN_000702,USER_011,70.48,2026-01-06 11:52:00,Walmart,Utilities,"Paris, FR"
TXN_000833,USER_008,309.07,2026-01-06 13:17:00,Whole Foods,Fuel,"Marseille, FR"
TXN_000292,USER_030,17.48,2026-01-06 13:50:00,Walmart,Travel,"London, UK"
TXN_001975,USER_039,24.18,2026-01-06 14:58:00,Delta Airlines,Entertainment,"Marseille, FR"
TXN_000558,USER_013,12.7,2026-01-06 15:25:00,PayPal,Healthcare,"Paris, FR"
TXN_000906,USER_009,42.13,2026-01-06 15:58:00,McDonalds,Other,"Amsterdam, NL"
TXN_000723,USER_049,65.51,2026-01-06 16:59:00,McDonalds,Entertainment,"New York, US"
TXN_000251,USER_028,389.99,2026-01-06 18:44:00,Uber,Healthcare,"Berlin, DE"
TXN_000497,USER_033,88.35,2026-01-06 22:11:00,Walmart,Other,"Amsterdam, NL"
TXN_001222,USER_039,215.88,2026-01-07 00:08:00,Hertz,Food,"Rome, IT"
TXN_001746,USER_020,110.55,2026-01-07 02:03:00,Google Play,Travel,"Marseille, FR"
TXN_001548,USER_032,8.45,2026-01-07 03:19:00,BestBuy,Transport,"Lyon, FR"
TXN_001526,USER_028,125.9,2026-01-07 03:40:00,Hotels.com,Food,"New York, US"
TXN_000146,USER_045,313.06,2026-01-07 05:05:00,Spotify,Utilities,"New York, US"
TXN_001163,USER_012,4.09,2026-01-07 05:35:00,Whole Foods,Travel,"Paris, FR"
TXN_001555,USER_006,2330.106545088341,2026-01-07 05:41:00,Hotels.com,Subscription,"London, UK"
TXN_000278,USER_002,221.06,2026-01-07 05:46:00,Target,Travel,"Amsterdam, NL"
TXN_001326,USER_049,28.4,2026-01-07 06:50:00,BestBuy,Shopping,"Brussels, BE"
TXN_000754,USER_023,32.52,2026-01-07 07:04:00,Shell Gas,Subscription,"London, UK"
TXN_001210,USER_007,49.31,2026-01-07 07:07:00,Airbnb,Subscription,"New York, US"
TXN_000445,USER_010,93.81,2026-01-07 08:35:00,CVS,Travel,"Madrid, ES"
TXN_001078,USER_003,116.17,2026-01-07 09:10:00,Starbucks,Transport,"London, UK"
TXN_001577,USER_047,11.35,2026-01-07 09:36:00,Airbnb,Other,"London, UK"
TXN_000551,USER_022,11.57,2026-01-07 12:38:00,Shell Gas,Fuel,"Rome, IT"
TXN_000340,USER_005,790.2,2026-01-07 12:50:00,Spotify,Entertainment,"Paris, FR"
TXN_000009,USER_003,19.81,2026-01-07 13:22:00,BestBuy,Healthcare,"Lyon, FR"
TXN_000120,USER_014,33.41,2026-01-07 14:08:00,Apple Store,Healthcare,"London, UK"
TXN_000626,USER_008,47.27,2026-01-07 14:27:00,CVS,Shopping,"London, UK"
TXN_000575,USER_011,3.54,2026-01-07 15:24:00,Hotels.com,Fuel,"Brussels, BE"
TXN_001034,USER_013,84.39,2026-01-07 15:35:00,BestBuy,Fuel,"New York, US"
TXN_001862,USER_039,27.48,2026-01-07 16:31:00,Starbucks,Utilities,"New York, US"
TXN_001279,USER_041,34.47,2026-01-07 16:47:00,Netflix,Healthcare,"Berlin, DE"
TXN_001138,USER_029,102.92,2026-01-07 18:40:00,Walmart,Entertainment,"Brussels, BE"
TXN_000137,USER_016,13.12,2026-01-08 00:24:00,CVS,Healthcare,"Berlin, DE"
TXN_001573,USER_007,45.35,2026-01-08 00:30:00,Whole Foods,Utilities,"Berlin, DE"
TXN_000462,USER_020,14.93,2026-01-08 06:31:00,Hertz,Healthcare,"Brussels, BE"
TXN_000366,USER_024,39.89,2026-01-08 06:39:00,Hertz,Transport,"Amsterdam, NL"
TXN_000047,USER_018,25.67,2026-01-08 07:03:00,Target,Subscription,"Brussels, BE"
TXN_001355,USER_024,14.32,2026-01-08 07:27:00,Walmart,Travel,"Berlin, DE"
TXN_001196,USER_022,24.93,2026-01-08 07:44:00,Walmart,Food,"Lagos, NG"
TXN_000221,USER_008,4172.920767816422,2026-01-08 08:52:00,Starbucks,Entertainment,"Madrid, ES"
TXN_001437,USER_008,23.25,2026-01-08 08:55:00,Delta Airlines,Transport,"Rome, IT"
TXN_001808,USER_032,344.25,2026-01-08 10:52:00,Target,Fuel,"New York, US"
TXN_000745,USER_024,5.25,2026-01-08 11:20:00,Steam,Food,"Paris, FR"
TXN_000858,USER_022,21.03,2026-01-08 11:33:00,Starbucks,Shopping,"Marseille, FR"
TXN_000044,USER_027,115.7,2026-01-08 11:43:00,Walmart,Food,"Paris, FR"
TXN_000656,USER_029,53.31,2026-01-08 13:08:00,PayPal,Food,"Brussels, BE"
TXN_000383,USER_031,43.89,2026-01-08 15:01:00,Apple Store,Other,"Marseille, FR"
TXN_001398,USER_036,62.91,2026-01-08 15:33:00,Whole Foods,Transport,"New York, US"
TXN_001322,USER_015,15.86,2026-01-08 15:37:00,Shell Gas,Utilities,"Paris, FR"
TXN_001349,USER_030,33.75,2026-01-08 15:37:00,Starbucks,Healthcare,"Marseille, FR"
TXN_001217,USER_035,29.91,2026-01-08 16:13:00,Whole Foods,Healthcare,"New York, US"
TXN_001763,USER_029,26.94,2026-01-08 16:15:00,PayPal,Travel,"Rome, IT"
TXN_001762,USER_003,7.98,2026-01-08 16:20:00,CVS,Travel,"Madrid, ES"
TXN_000386,USER_016,10.75,2026-01-08 17:55:00,Netflix,Subscription,"New York, US"
TXN_001214,USER_031,16.49,2026-01-08 18:42:00,McDonalds,Utilities,"Berlin, DE"
TXN_001209,USER_049,35.08,2026-01-08 19:24:00,Starbucks,Food,"Rome, IT"
TXN_000771,USER_005,7.93,2026-01-09 03:44:00,Shell Gas,Fuel,"Lyon, FR"
TXN_000042,USER_037,30.78,2026-01-09 05:03:00,Hotels.com,Healthcare,"New York, US"
TXN_001546,USER_003,13.28,2026-01-09 05:04:00,McDonalds,Subscription,"Madrid, ES"
TXN_001891,USER_028,25.38,2026-01-09 05:30:00,BestBuy,Healthcare,"London, UK"
TXN_000195,USER_048,23.04,2026-01-09 05:33:00,Steam,Healthcare,"Marseille, FR"
TXN_001588,USER_032,10.24,2026-01-09 06:49:00,Airbnb,Other,"New York, US"
TXN_001462,USER_031,9.88,2026-01-09 07:23:00,McDonalds,Fuel,"Paris, FR"
TXN_001332,USER_005,148.01,2026-01-09 07:25:00,Hotels.com,Shopping,"Madrid, ES"
TXN_000487,USER_007,44.17,2026-01-09 07:36:00,Apple Store,Entertainment,"Berlin, DE"
TXN_000457,USER_005,3.25,2026-01-09 07:50:00,Spotify,Healthcare,"Marseille, FR"
TXN_000552,USER_023,34.65,2026-01-09 07:54:00,Airbnb,Subscription,"Berlin, DE"
TXN_001505,USER_024,5.67,2026-01-09 08:33:00,Google Play,Utilities,"Paris, FR"
TXN_001689,USER_039,8.36,2026-01-09 09:48:00,Amazon,Transport,"Madrid, ES"
TXN_001316,USER_045,61.88,2026-01-09 10:32:00,Starbucks,Entertainment,"Marseille, FR"
TXN_001102,USER_029,42.7,2026-01-09 10:49:00,Apple Store,Entertainment,"Brussels, BE"
TXN_000931,USER_012,18.21,2026-01-09 11:45:00,CVS,Other,"Paris, FR"
TXN_001434,USER_046,102.39,2026-01-09 12:11:00,Whole Foods,Transport,"Rome, IT"
TXN_000428,USER_042,25.24,2026-01-09 12:18:00,Shell Gas,Utilities,"Berlin, DE"
TXN_001532,USER_001,42.7,2026-01-09 14:56:00,Apple Store,Healthcare,"New York, US"
TXN_000079,USER_003,69.73,2026-01-09 15:02:00,Shell Gas,Subscription,"Berlin, DE"
TXN_000636,USER_003,4.61,2026-01-09 15:11:00,Steam,Transport,"Marseille, FR"
TXN_000677,USER_004,21.65,2026-01-09 15:21:00,Google Play,Other,"New York, US"
TXN_000910,USER_025,38.14,2026-01-09 15:46:00,Airbnb,Shopping,"Paris, FR"
TXN_000720,USER_044,33.05,2026-01-09 17:24:00,Uber,Subscription,"London, UK"
TXN_001535,USER_016,26.6,2026-01-09 17:46:00,Google Play,Other,"Amsterdam, NL"
TXN_000342,USER_035,67.24,2026-01-09 18:04:00,Walmart,Entertainment,"London, UK"
TXN_001504,USER_028,40.08,2026-01-09 18:31:00,Uber,Utilities,"Marseille, FR"
TXN_001848,USER_011,24.82,2026-01-09 19:16:00,PayPal,Fuel,"Amsterdam, NL"
TXN_001424,USER_002,90.55,2026-01-09 23:36:00,PayPal,Shopping,"New York, US"
TXN_000415,USER_043,37.13,2026-01-10 00:21:00,Steam,Travel,"Marseille, FR"
TXN_000417,USER_040,4088.367602934983,2026-01-10 01:00:00,Uber,Utilities,"Brussels, BE"
TXN_001853,USER_039,352.5,2026-01-10 01:52:00,Apple Store,Transport,"Rome, IT"
TXN_001932,USER_025,67.74,2026-01-10 02:29:00,PayPal,Utilities,"Amsterdam, NL"
TXN_000187,USER_027,19.69,2026-01-10 04:18:00,Uber,Subscription,"Brussels, BE"
TXN_001129,USER_045,49.52,2026-01-10 06:56:00,Delta Airlines,Other,"Rome, IT"
TXN_001405,USER_038,27.79,2026-01-10 07:24:00,PayPal,Utilities,"Rome, IT"
TXN_001726,USER_027,18.74,2026-01-10 07:34:00,CVS,Subscription,"Marseille, FR"
TXN_000945,USER_036,113.8,2026-01-10 08:04:00,Spotify,Other,"Berlin, DE"
TXN_001712,USER_002,184.08,2026-01-10 09:15:00,Amazon,Other,"Berlin, DE"
TXN_000419,USER_021,4.36,2026-01-10 11:10:00,Hertz,Utilities,"London, UK"
TXN_001895,USER_008,123.25,2026-01-10 11:30:00,Hertz,Entertainment,"New York, US"
TXN_001372,USER_015,2.88,2026-01-10 14:11:00,Spotify,Shopping,"Marseille, FR"
TXN_000915,USER_032,26.06,2026-01-10 14:44:00,CVS,Shopping,"Brussels, BE"
TXN_000835,USER_038,15.65,2026-01-10 14:47:00,Delta Airlines,Transport,"Amsterdam, NL"
TXN_001291,USER_045,14.08,2026-01-10 15:55:00,Whole Foods,Fuel,"Berlin, DE"
TXN_000135,USER_050,19.43,2026-01-10 16:17:00,PayPal,Other,"London, UK"
TXN_001847,USER_018,23.21,2026-01-10 16:53:00,Google Play,Healthcare,"Madrid, ES"
TXN_001037,USER_017,10.41,2026-01-10 17:28:00,Spotify,Entertainment,"Berlin, DE"
TXN_001644,USER_009,76.62,2026-01-11 03:33:00,Airbnb,Transport,"Brussels, BE"
TXN_001044,USER_009,19.02,2026-01-11 05:02:00,Apple Store,Fuel,"Berlin, DE"
TXN_001935,USER_034,4.64,2026-01-11 05:52:00,Delta Airlines,Other,"Brussels, BE"
TXN_001389,USER_013,8.38,2026-01-11 08:08:00,CVS,Other,"Brussels, BE"
TXN_000690,USER_041,14.1,2026-01-11 08:29:00,Apple Store,Transport,"Brussels, BE"
TXN_001254,USER_019,77.6,2026-01-11 08:53:00,Starbucks,Fuel,"Lyon, FR"
TXN_000908,USER_015,63.06,2026-01-11 09:02:00,Target,Utilities,"Lagos, NG"
TXN_000183,USER_045,22.85,2026-01-11 09:55:00,Amazon,Other,"New York, US"
TXN_001870,USER_011,18.3,2026-01-11 10:48:00,BestBuy,Food,"Madrid, ES"
TXN_000041,USER_043,20.52,2026-01-11 11:01:00,Hertz,Transport,"Amsterdam, NL"
TXN_001985,USER_028,66.37,2026-01-11 12:00:00,Target,Fuel,"Brussels, BE"
TXN_001061,USER_042,104.97,2026-01-11 12:47:00,Target,Subscription,"Paris, FR"
TXN_001314,USER_002,27.54,2026-01-11 13:53:00,Amazon,Shopping,"Marseille, FR"
TXN_000569,USER_011,1162.13,2026-01-11 14:06:00,Starbucks,Transport,"Berlin, DE"
TXN_001110,USER_021,33.24,2026-01-11 15:43:00,CVS,Fuel,"Lyon, FR"
TXN_001593,USER_044,27.93,2026-01-11 16:02:00,Walmart,Fuel,"Paris, FR"
TXN_001093,USER_013,11.32,2026-01-11 16:13:00,Whole Foods,Entertainment,"Brussels, BE"
TXN_001449,USER_026,176.96,2026-01-11 16:20:00,Netflix,Transport,"Rome, IT"
TXN_000492,USER_049,208.1,2026-01-11 16:34:00,Hotels.com,Subscription,"Lagos, NG"
TXN_001544,USER_021,19.0,2026-01-11 16:36:00,Starbucks,Fuel,"Rome, IT"
TXN_001753,USER_038,16.3,2026-01-11 17:01:00,Target,Subscription,"Amsterdam, NL"
TXN_000033,USER_047,5.42,2026-01-11 17:40:00,Target,Fuel,"Marseille, FR"
TXN_001564,USER_013,39.02,2026-01-11 20:16:00,Steam,Subscription,"London, UK"
TXN_000191,USER_043,14.92,2026-01-11 20:43:00,Starbucks,Subscription,"Brussels, BE"
TXN_000740,USER_027,30.72,2026-01-11 21:36:00,Delta Airlines,Travel,"Paris, FR"
TXN_000019,USER_042,25.15,2026-01-12 01:13:00,Airbnb,Transport,"London, UK"
TXN_001642,USER_038,2366.814659274286,2026-01-12 01:28:00,PayPal,Subscription,"Moscow, RU"
TXN_000365,USER_016,28.85,2026-01-12 05:49:00,Google Play,Fuel,"Amsterdam, NL"
TXN_000138,USER_002,243.12,2026-01-12 06:42:00,Apple Store,Transport,"Rome, IT"
TXN_001547,USER_008,171.25,2026-01-12 06:50:00,Airbnb,Travel,"Brussels, BE"
TXN_001155,USER_032,106.18,2026-01-12 07:22:00,Amazon,Other,"Rome, IT"
TXN_001307,USER_008,148.37,2026-01-12 08:26:00,CVS,Entertainment,"Lyon, FR"
TXN_000390,USER_030,12.43,2026-01-12 09:44:00,Spotify,Subscription,"Paris, FR"
TXN_001319,USER_046,6.73,2026-01-12 10:27:00,Target,Utilities,"Berlin, DE"
TXN_000976,USER_021,833.01,2026-01-12 10:45:00,Whole Foods,Utilities,"Rome, IT"
TXN_001042,USER_011,8.0,2026-01-12 12:53:00,CVS,Travel,"Lagos, NG"
TXN_001994,USER_036,3.66,2026-01-12 13:39:00,Starbucks,Travel,"Madrid, ES"
TXN_000572,USER_042,65.18,2026-01-12 15:14:00,Hotels.com,Healthcare,"Rome, IT"
TXN_001447,USER_028,45.71,2026-01-12 16:05:00,Whole Foods,Other,"London, UK"
TXN_001603,USER_027,135.1,2026-01-12 16:07:00,Uber,Entertainment,"Brussels, BE"
TXN_000170,USER_035,19.54,2026-01-12 16:16:00,Target,Other,"Paris, FR"
TXN_000633,USER_004,155.67,2026-01-12 16:42:00,Whole Foods,Transport,"Berlin, DE"
TXN_000330,USER_008,53.65,2026-01-12 17:26:00,Hertz,Shopping,"Brussels, BE"
TXN_000799,USER_043,90.48,2026-01-12 17:57:00,Target,Fuel,"Lyon, FR"
TXN_001345,USER_029,11.74,2026-01-12 20:03:00,Target,Fuel,"Lagos, NG"
TXN_001484,USER_037,23.32,2026-01-12 21:01:00,Airbnb,Utilities,"Brussels, BE"
TXN_001605,USER_012,16.13,2026-01-13 00:50:00,Target,Travel,"Madrid, ES"
TXN_000434,USER_009,38.89,2026-01-13 01:17:00,Netflix,Entertainment,"Lyon, FR"
TXN_001766,USER_019,11.73,2026-01-13 03:20:00,Hertz,Food,"London, UK"
TXN_001087,USER_021,28.15,2026-01-13 03:32:00,Uber,Transport,"Paris, FR"
TXN_001893,USER_046,140.19,2026-01-13 03:50:00,Starbucks,Subscription,"Lyon, FR"
TXN_000922,USER_041,2655.6954666447746,2026-01-13 03:50:00,Whole Foods,Transport,"Moscow, RU"
TXN_000879,USER_023,19.84,2026-01-13 04:54:00,Spotify,Utilities,"Amsterdam, NL"
TXN_001873,USER_012,25.64,2026-01-13 04:55:00,Airbnb,Other,"New York, US"
TXN_001844,USER_016,186.3,2026-01-13 05:53:00,PayPal,Subscription,"London, UK"
TXN_000932,USER_035,108.99,2026-01-13 06:36:00,BestBuy,Food,"Rome, IT"
TXN_001699,USER_037,18.95,2026-01-13 09:19:00,McDonalds,Fuel,"New York, US"
TXN_001804,USER_014,23.87,2026-01-13 09:50:00,Airbnb,Shopping,"Lyon, FR"
TXN_000296,USER_031,9.95,2026-01-13 09:57:00,Walmart,Subscription,"Lyon, FR"
TXN_001633,USER_041,12.38,2026-01-13 10:10:00,BestBuy,Shopping,"Lyon, FR"
TXN_000837,USER_021,126.35,2026-01-13 11:44:00,Steam,Healthcare,"Amsterdam, NL"
TXN_000675,USER_037,476.87,2026-01-13 14:08:00,Steam,Utilities,"Marseille, FR"
TXN_000413,USER_027,65.94,2026-01-13 15:37:00,CVS,Subscription,"Paris, FR"
TXN_000787,USER_038,189.95,2026-01-13 15:58:00,BestBuy,Travel,"Paris, FR"
TXN_001911,USER_020,151.87,2026-01-13 16:32:00,BestBuy,Utilities,"Amsterdam, NL"
TXN_000979,USER_003,414.16,2026-01-13 17:10:00,Steam,Transport,"Rome, IT"
TXN_000900,USER_002,13.69,2026-01-13 18:28:00,Amazon,Other,"Amsterdam, NL"
TXN_001243,USER_046,5.22,2026-01-13 19:05:00,PayPal,Fuel,"Amsterdam, NL"
TXN_000085,USER_039,5.88,2026-01-14 03:55:00,Steam,Other,"New York, US"
TXN_001436,USER_014,16.92,2026-01-14 04:02:00,PayPal,Food,"Berlin, DE"
TXN_000405,USER_033,231.51,2026-01-14 05:22:00,Hotels.com,Other,"London, UK"
TXN_001572,USER_003,50.1,2026-01-14 05:54:00,Delta Airlines,Healthcare,"Madrid, ES"
TXN_001971,USER_044,140.56,2026-01-14 06:47:00,Starbucks,Subscription,"Rome, IT"
TXN_000977,USER_012,194.2,2026-01-14 08:05:00,Steam,Entertainment,"Amsterdam, NL"
TXN_001550,USER_048,49.33,2026-01-14 08:40:00,Netflix,Other,"Amsterdam, NL"
TXN_000870,USER_021,8.52,2026-01-14 08:53:00,BestBuy,Transport,"Brussels, BE"
TXN_000635,USER_015,7.14,2026-01-14 11:48:00,Walmart,Shopping,"New York, US"
TXN_000660,USER_026,64.15,2026-01-14 11:51:00,Spotify,Utilities,"Marseille, FR"
TXN_000082,USER_042,64.54,2026-01-14 14:13:00,Hertz,Travel,"Paris, FR"
TXN_001981,USER_042,35.77,2026-01-14 15:40:00,Walmart,Subscription,"Amsterdam, NL"
TXN_002000,USER_010,136.88,2026-01-14 15:59:00,Uber,Utilities,"Lyon, FR"
TXN_000364,USER_024,39.61,2026-01-14 16:02:00,BestBuy,Entertainment,"Marseille, FR"
TXN_001683,USER_038,17.0,2026-01-14 17:06:00,Walmart,Transport,"Brussels, BE"
TXN_000904,USER_033,16.75,2026-01-14 18:53:00,Steam,Travel,"Brussels, BE"
TXN_001289,USER_001,1.88,2026-01-14 19:33:00,Hotels.com,Subscription,"Madrid, ES"
TXN_FRAUD_1438_0,USER_006,184.79102040921737,2026-01-14 20:16:00,Walmart,Subscription,"Marseille, FR"
TXN_000452,USER_006,48.26,2026-01-14 20:16:00,Walmart,Subscription,"Marseille, FR"
TXN_FRAUD_1438_1,USER_006,288.8232656722049,2026-01-14 20:21:00,Walmart,Subscription,"Marseille, FR"
TXN_FRAUD_1438_2,USER_006,463.39278997934406,2026-01-14 20:26:00,Walmart,Subscription,"Marseille, FR"
TXN_001016,USER_001,4.13,2026-01-14 23:40:00,Starbucks,Travel,"London, UK"
TXN_001723,USER_030,202.18,2026-01-15 02:09:00,Whole Foods,Entertainment,"Lyon, FR"
TXN_000940,USER_008,12.83,2026-01-15 02:48:00,Steam,Entertainment,"Berlin, DE"
TXN_000527,USER_037,36.2,2026-01-15 05:58:00,Steam,Transport,"Lagos, NG"
TXN_000134,USER_012,56.29,2026-01-15 08:29:00,Netflix,Other,"Brussels, BE"
TXN_001942,USER_003,277.05,2026-01-15 11:45:00,Spotify,Fuel,"Rome, IT"
TXN_000402,USER_031,64.21,2026-01-15 12:17:00,Starbucks,Other,"Brussels, BE"
TXN_000629,USER_023,65.19,2026-01-15 12:21:00,Netflix,Transport,"Berlin, DE"
TXN_001707,USER_024,33.69,2026-01-15 12:36:00,Walmart,Entertainment,"Paris, FR"
TXN_001880,USER_014,17.28,2026-01-15 13:38:00,Amazon,Healthcare,"Amsterdam, NL"
TXN_000640,USER_015,14.29,2026-01-15 13:50:00,Steam,Food,"Rome, IT"
TXN_001648,USER_003,67.54,2026-01-15 14:57:00,BestBuy,Travel,"London, UK"
TXN_001755,USER_032,3.06,2026-01-15 16:17:00,McDonalds,Travel,"Berlin, DE"
TXN_000547,USER_048,32.17,2026-01-15 16:23:00,Whole Foods,Other,"New York, US"
TXN_000755,USER_044,37.74,2026-01-15 16:40:00,CVS,Healthcare,"Amsterdam, NL"
TXN_000319,USER_007,4.97,2026-01-15 16:42:00,BestBuy,Utilities,"Lyon, FR"
TXN_001865,USER_006,2.21,2026-01-15 16:46:00,Shell Gas,Healthcare,"Marseille, FR"
TXN_001009,USER_009,1680.531520855117,2026-01-16 02:41:00,McDonalds,Shopping,"Moscow, RU"
TXN_000742,USER_009,2690.2523856975604,2026-01-16 02:44:00,Whole Foods,Shopping,"Beijing, CN"
TXN_000065,USER_042,58.75,2026-01-16 02:48:00,Hertz,Utilities,"Lyon, FR"
TXN_001273,USER_007,287.9,2026-01-16 03:54:00,Airbnb,Travel,"New York, US"
TXN_001167,USER_027,25.49,2026-01-16 05:01:00,Shell Gas,Other,"Paris, FR"
TXN_001265,USER_010,2821.58491739032,2026-01-16 07:43:00,PayPal,Shopping,"London, UK"
TXN_000272,USER_032,15.1,2026-01-16 08:30:00,Spotify,Shopping,"New York, US"
TXN_000149,USER_049,210.96,2026-01-16 09:26:00,Spotify,Food,"New York, US"
TXN_000502,USER_040,20.46,2026-01-16 12:04:00,Google Play,Utilities,"Madrid, ES"
TXN_001886,USER_008,44.97,2026-01-16 13:05:00,Uber,Travel,"Rome, IT"
TXN_000205,USER_016,19.72,2026-01-16 14:14:00,Whole Foods,Transport,"Marseille, FR"
TXN_000334,USER_005,106.51,2026-01-16 14:22:00,Delta Airlines,Fuel,"Brussels, BE"
TXN_001666,USER_002,14.65,2026-01-16 15:08:00,Steam,Utilities,"Lyon, FR"
TXN_001410,USER_019,2.02,2026-01-16 15:28:00,Target,Fuel,"New York, US"
TXN_000030,USER_050,96.09,2026-01-16 15:46:00,Amazon,Other,"Berlin, DE"
TXN_000055,USER_033,1.37,2026-01-16 15:58:00,Walmart,Fuel,"Lyon, FR"
TXN_000780,USER_049,14.16,2026-01-16 16:00:00,Amazon,Shopping,"New York, US"
TXN_000673,USER_042,293.97,2026-01-16 16:03:00,Hertz,Shopping,"Madrid, ES"
TXN_000784,USER_039,10.91,2026-01-16 16:09:00,PayPal,Transport,"Berlin, DE"
TXN_001617,USER_010,48.91,2026-01-16 16:14:00,Uber,Transport,"Madrid, ES"
TXN_001137,USER_035,27.34,2026-01-16 16:29:00,Walmart,Fuel,"Lyon, FR"
TXN_000448,USER_029,35.04,2026-01-16 16:33:00,Google Play,Food,"Amsterdam, NL"
TXN_001094,USER_040,14.57,2026-01-16 19:03:00,Uber,Food,"London, UK"
TXN_001374,USER_046,3.94,2026-01-17 00:06:00,McDonalds,Transport,"Marseille, FR"
TXN_000276,USER_025,2416.650666086244,2026-01-17 02:33:00,Uber,Fuel,"Moscow, RU"
TXN_001801,USER_041,1674.277257189899,2026-01-17 03:06:00,Target,Entertainment,"Beijing, CN"
TXN_000131,USER_023,582.22,2026-01-17 03:15:00,Google Play,Food,"Brussels, BE"
TXN_000475,USER_012,21.43,2026-01-17 04:18:00,Uber,Entertainment,"London, UK"
TXN_000731,USER_019,3475.461725210228,2026-01-17 06:44:00,Google Play,Healthcare,"London, UK"
TXN_000416,USER_030,41.05,2026-01-17 07:09:00,Hertz,Travel,"London, UK"
TXN_000592,USER_005,7.43,2026-01-17 08:13:00,Shell Gas,Healthcare,"New York, US"
TXN_000151,USER_046,35.52,2026-01-17 08:56:00,Netflix,Shopping,"Paris, FR"
TXN_000450,USER_037,14.58,2026-01-17 08:57:00,McDonalds,Travel,"Brussels, BE"
TXN_001751,USER_013,15.54,2026-01-17 09:06:00,Starbucks,Travel,"New York, US"
TXN_000542,USER_026,109.39,2026-01-17 10:20:00,PayPal,Fuel,"Paris, FR"
TXN_001267,USER_007,9.26,2026-01-17 10:28:00,Google Play,Healthcare,"Amsterdam, NL"
TXN_001186,USER_041,29.11,2026-01-17 10:41:00,McDonalds,Other,"Amsterdam, NL"
TXN_001827,USER_046,68.72,2026-01-17 12:38:00,Whole Foods,Transport,"London, UK"
TXN_001017,USER_031,42.44,2026-01-17 13:48:00,Hotels.com,Subscription,"London, UK"
TXN_000583,USER_039,53.62,2026-01-17 14:58:00,Apple Store,Utilities,"London, UK"
TXN_000423,USER_013,5.11,2026-01-17 15:05:00,Hertz,Utilities,"Marseille, FR"
TXN_001227,USER_029,27.53,2026-01-17 15:06:00,Steam,Other,"Amsterdam, NL"
TXN_001944,USER_039,60.88,2026-01-17 15:20:00,Shell Gas,Food,"Paris, FR"
TXN_000046,USER_013,5.51,2026-01-17 16:16:00,Starbucks,Healthcare,"Marseille, FR"
TXN_000560,USER_007,50.88,2026-01-17 16:59:00,Google Play,Travel,"New York, US"
TXN_000200,USER_044,12.03,2026-01-17 17:12:00,Apple Store,Subscription,"Brussels, BE"
TXN_001293,USER_024,30.8,2026-01-17 17:42:00,Apple Store,Food,"Rome, IT"
TXN_001433,USER_049,23.79,2026-01-17 17:48:00,BestBuy,Entertainment,"Brussels, BE"
TXN_001811,USER_008,9.2,2026-01-17 18:35:00,Steam,Transport,"Lyon, FR"
TXN_000899,USER_009,30.78,2026-01-17 20:00:00,Netflix,Food,"Lyon, FR"
TXN_001366,USER_044,1959.6689198183885,2026-01-18 02:47:00,Starbucks,Subscription,"Moscow, RU"
TXN_000209,USER_044,27.41,2026-01-18 06:58:00,Target,Subscription,"Berlin, DE"
TXN_000122,USER_048,40.91,2026-01-18 07:51:00,Google Play,Entertainment,"Lyon, FR"
TXN_001679,USER_024,132.19,2026-01-18 07:58:00,Uber,Fuel,"Madrid, ES"
TXN_001014,USER_031,27.06,2026-01-18 14:02:00,Target,Subscription,"London, UK"
TXN_000902,USER_035,32.9,2026-01-18 14:18:00,Starbucks,Travel,"Madrid, ES"
TXN_000862,USER_027,16.64,2026-01-18 14:22:00,Steam,Food,"Berlin, DE"
TXN_001202,USER_014,4.7,2026-01-18 15:10:00,Hertz,Travel,"London, UK"
TXN_000494,USER_012,12.18,2026-01-18 15:29:00,Walmart,Fuel,"Paris, FR"
TXN_001729,USER_038,56.38,2026-01-18 15:37:00,Starbucks,Transport,"Rome, IT"
TXN_000114,USER_048,35.22,2026-01-18 15:39:00,CVS,Entertainment,"Rome, IT"
TXN_001456,USER_017,43.02,2026-01-18 16:09:00,Hertz,Fuel,"Paris, FR"
TXN_000180,USER_043,7.88,2026-01-18 16:17:00,PayPal,Shopping,"New York, US"
TXN_000975,USER_001,72.53,2026-01-18 16:50:00,Hotels.com,Travel,"Amsterdam, NL"
TXN_FRAUD_1520_0,USER_047,291.5633534029523,2026-01-18 17:04:00,Spotify,Utilities,"New York, US"
TXN_000708,USER_047,84.44,2026-01-18 17:04:00,Spotify,Utilities,"New York, US"
TXN_FRAUD_1520_1,USER_047,197.52354340516177,2026-01-18 17:09:00,Spotify,Utilities,"New York, US"
TXN_FRAUD_1520_2,USER_047,317.4105754257476,2026-01-18 17:14:00,Spotify,Utilities,"New York, US"
TXN_000310,USER_050,220.56,2026-01-18 17:41:00,Delta Airlines,Shopping,"Berlin, DE"
TXN_000912,USER_038,19.82,2026-01-18 18:24:00,McDonalds,Healthcare,"Madrid, ES"
TXN_001770,USER_009,22.41,2026-01-18 18:46:00,Netflix,Shopping,"London, UK"
TXN_000219,USER_009,46.1,2026-01-18 19:44:00,Google Play,Fuel,"Brussels, BE"
TXN_000959,USER_006,96.2,2026-01-18 23:06:00,Hertz,Other,"Berlin, DE"
TXN_001150,USER_025,6.05,2026-01-19 03:12:00,Walmart,Transport,"Berlin, DE"
TXN_001802,USER_027,32.23,2026-01-19 03:55:00,Google Play,Food,"Lyon, FR"
TXN_000860,USER_037,84.25,2026-01-19 04:10:00,Target,Travel,"Brussels, BE"
TXN_000025,USER_017,9.87,2026-01-19 04:43:00,Amazon,Food,"Brussels, BE"
TXN_000237,USER_049,4.15,2026-01-19 05:01:00,Whole Foods,Entertainment,"New York, US"
TXN_001384,USER_044,49.2,2026-01-19 06:55:00,Spotify,Shopping,"Madrid, ES"
TXN_000797,USER_003,47.7,2026-01-19 07:19:00,Shell Gas,Subscription,"Berlin, DE"
TXN_000637,USER_003,5.14,2026-01-19 09:39:00,PayPal,Entertainment,"Berlin, DE"
TXN_000538,USER_044,13.34,2026-01-19 09:49:00,Airbnb,Entertainment,"Rome, IT"
TXN_000178,USER_049,118.9,2026-01-19 09:50:00,Airbnb,Food,"Berlin, DE"
TXN_001918,USER_045,64.4,2026-01-19 11:13:00,BestBuy,Transport,"Berlin, DE"
TXN_000555,USER_012,108.49,2026-01-19 11:58:00,Apple Store,Fuel,"Madrid, ES"
TXN_000446,USER_045,46.51,2026-01-19 13:46:00,Hotels.com,Fuel,"New York, US"
TXN_000162,USER_012,21.62,2026-01-19 14:52:00,McDonalds,Shopping,"Madrid, ES"
TXN_001019,USER_001,35.52,2026-01-19 15:11:00,Shell Gas,Healthcare,"Brussels, BE"
TXN_001483,USER_043,74.06,2026-01-19 16:59:00,Amazon,Fuel,"Marseille, FR"
TXN_000052,USER_045,40.88,2026-01-20 01:30:00,Hotels.com,Transport,"New York, US"
TXN_001062,USER_024,3.71,2026-01-20 05:35:00,PayPal,Travel,"Paris, FR"
TXN_001732,USER_033,150.44,2026-01-20 06:42:00,Walmart,Healthcare,"Berlin, DE"
TXN_001677,USER_049,55.45,2026-01-20 08:29:00,Starbucks,Utilities,"Amsterdam, NL"
TXN_000256,USER_038,26.32,2026-01-20 09:23:00,Apple Store,Food,"Madrid, ES"
TXN_001522,USER_002,1305.49,2026-01-20 09:29:00,CVS,Entertainment,"Lyon, FR"
TXN_000944,USER_036,111.61,2026-01-20 11:18:00,McDonalds,Travel,"Brussels, BE"
TXN_001459,USER_012,29.64,2026-01-20 14:30:00,Spotify,Transport,"Rome, IT"
TXN_001417,USER_013,18.78,2026-01-20 15:27:00,Delta Airlines,Fuel,"Brussels, BE"
TXN_000396,USER_037,31.91,2026-01-20 16:00:00,Google Play,Fuel,"London, UK"
TXN_001685,USER_009,12.8,2026-01-20 16:05:00,PayPal,Entertainment,"Amsterdam, NL"
TXN_000260,USER_023,15.73,2026-01-20 16:11:00,BestBuy,Utilities,"Amsterdam, NL"
TXN_001232,USER_046,4.84,2026-01-20 16:40:00,Google Play,Food,"London, UK"
TXN_001704,USER_044,3849.402074507851,2026-01-20 17:44:00,Airbnb,Shopping,"Madrid, ES"
TXN_001660,USER_042,87.52,2026-01-20 17:53:00,Shell Gas,Other,"Brussels, BE"
TXN_000512,USER_011,17.62,2026-01-21 00:03:00,Whole Foods,Healthcare,"Brussels, BE"
TXN_001735,USER_038,12.08,2026-01-21 04:09:00,CVS,Utilities,"Madrid, ES"
TXN_000652,USER_038,64.31,2026-01-21 04:51:00,PayPal,Transport,"New York, US"
TXN_000537,USER_008,51.93,2026-01-21 05:00:00,Whole Foods,Fuel,"Marseille, FR"
TXN_000057,USER_008,57.03,2026-01-21 05:03:00,Whole Foods,Other,"Paris, FR"
TXN_000894,USER_037,17.95,2026-01-21 08:11:00,Apple Store,Healthcare,"Marseille, FR"
TXN_001700,USER_043,23.42,2026-01-21 08:31:00,CVS,Other,"Marseille, FR"
TXN_001964,USER_025,12.25,2026-01-21 09:35:00,Netflix,Shopping,"Berlin, DE"
TXN_001431,USER_033,26.54,2026-01-21 09:52:00,BestBuy,Other,"Paris, FR"
TXN_000682,USER_037,4.38,2026-01-21 10:57:00,Whole Foods,Entertainment,"Rome, IT"
TXN_000695,USER_041,8.11,2026-01-21 11:54:00,Hotels.com,Transport,"Berlin, DE"
TXN_000991,USER_036,11.32,2026-01-21 12:51:00,Steam,Food,"Marseille, FR"
TXN_000545,USER_003,113.09,2026-01-21 13:29:00,Steam,Travel,"Madrid, ES"
TXN_001371,USER_020,4.77,2026-01-21 14:56:00,Spotify,Transport,"London, UK"
TXN_000168,USER_048,7.65,2026-01-21 16:46:00,Spotify,Subscription,"Lyon, FR"
TXN_001072,USER_016,276.7,2026-01-21 17:22:00,Shell Gas,Healthcare,"Brussels, BE"
TXN_000924,USER_039,43.33,2026-01-21 17:28:00,Amazon,Utilities,"Lyon, FR"
TXN_000288,USER_049,75.31,2026-01-21 20:36:00,Whole Foods,Subscription,"Lagos, NG"
TXN_001796,USER_030,1907.2412834345316,2026-01-22 01:50:00,Target,Utilities,"Moscow, RU"
TXN_000295,USER_029,16.82,2026-01-22 02:29:00,Shell Gas,Travel,"Amsterdam, NL"
TXN_000441,USER_038,9.48,2026-01-22 03:48:00,Netflix,Travel,"New York, US"
TXN_000420,USER_008,108.26,2026-01-22 05:31:00,Hertz,Healthcare,"Madrid, ES"
TXN_000820,USER_029,187.88,2026-01-22 06:16:00,Target,Subscription,"Rome, IT"
TXN_001473,USER_025,5.31,2026-01-22 07:12:00,Apple Store,Other,"Lyon, FR"
TXN_000279,USER_028,176.78,2026-01-22 07:13:00,PayPal,Utilities,"Lyon, FR"
TXN_001184,USER_014,26.69,2026-01-22 07:31:00,Apple Store,Travel,"Lagos, NG"
TXN_000411,USER_003,5.32,2026-01-22 07:32:00,BestBuy,Entertainment,"Paris, FR"
TXN_001594,USER_028,8.0,2026-01-22 08:08:00,Hertz,Food,"London, UK"
TXN_001058,USER_003,144.5,2026-01-22 08:29:00,Steam,Subscription,"Brussels, BE"
TXN_001922,USER_024,17.15,2026-01-22 08:54:00,Starbucks,Healthcare,"Madrid, ES"
TXN_000576,USER_008,11.22,2026-01-22 08:55:00,Netflix,Fuel,"Berlin, DE"
TXN_001080,USER_006,13.87,2026-01-22 09:13:00,Whole Foods,Entertainment,"Lyon, FR"
TXN_001943,USER_009,37.81,2026-01-22 09:19:00,Apple Store,Fuel,"Berlin, DE"
TXN_001168,USER_007,4593.050332016245,2026-01-22 09:34:00,Delta Airlines,Food,"Rome, IT"
TXN_000844,USER_038,66.16,2026-01-22 10:30:00,PayPal,Fuel,"London, UK"
TXN_000986,USER_012,68.95,2026-01-22 10:56:00,Whole Foods,Entertainment,"Lyon, FR"
TXN_000128,USER_020,22.16,2026-01-22 11:31:00,Steam,Healthcare,"New York, US"
TXN_001077,USER_036,44.98,2026-01-22 11:47:00,Whole Foods,Transport,"Lyon, FR"
TXN_001221,USER_048,32.86,2026-01-22 12:41:00,Hotels.com,Food,"Amsterdam, NL"
TXN_001792,USER_039,99.56,2026-01-22 13:07:00,Whole Foods,Entertainment,"Brussels, BE"
TXN_000153,USER_001,25.97,2026-01-22 14:06:00,Hotels.com,Subscription,"Rome, IT"
TXN_001777,USER_009,21.07,2026-01-22 14:43:00,Starbucks,Utilities,"Paris, FR"
TXN_001309,USER_044,14.55,2026-01-22 15:22:00,Starbucks,Travel,"New York, US"
TXN_000212,USER_025,51.16,2026-01-22 16:10:00,Whole Foods,Utilities,"London, UK"
TXN_000961,USER_026,49.77,2026-01-22 16:48:00,Netflix,Transport,"Madrid, ES"
TXN_000469,USER_047,21.16,2026-01-22 17:08:00,Whole Foods,Other,"Berlin, DE"
TXN_000722,USER_034,134.23,2026-01-22 17:31:00,CVS,Transport,"Lyon, FR"
TXN_001900,USER_015,62.68,2026-01-22 18:37:00,CVS,Food,"Berlin, DE"
TXN_001215,USER_039,34.19,2026-01-22 18:56:00,Delta Airlines,Food,"Madrid, ES"
TXN_001083,USER_003,138.76,2026-01-22 20:12:00,Target,Shopping,"Berlin, DE"
TXN_001591,USER_048,47.25,2026-01-22 22:26:00,Hertz,Utilities,"Paris, FR"
TXN_001635,USER_016,2567.404693952115,2026-01-23 03:24:00,Hertz,Other,"Beijing, CN"
TXN_000303,USER_006,16.08,2026-01-23 03:30:00,Starbucks,Travel,"London, UK"
TXN_000073,USER_024,18.32,2026-01-23 04:23:00,Starbucks,Healthcare,"Marseille, FR"
TXN_001919,USER_049,16.26,2026-01-23 05:43:00,Walmart,Utilities,"Rome, IT"
TXN_001144,USER_012,117.94,2026-01-23 05:45:00,Hertz,Transport,"Madrid, ES"
TXN_001400,USER_020,268.69,2026-01-23 06:07:00,Hotels.com,Fuel,"Rome, IT"
TXN_001079,USER_024,71.36,2026-01-23 07:03:00,Uber,Utilities,"London, UK"
TXN_000021,USER_048,928.88,2026-01-23 08:15:00,Whole Foods,Healthcare,"Berlin, DE"
TXN_001466,USER_048,18.63,2026-01-23 08:49:00,Apple Store,Healthcare,"Lyon, FR"
TXN_001245,USER_008,12.6,2026-01-23 11:18:00,Target,Transport,"Brussels, BE"
TXN_001574,USER_017,7.34,2026-01-23 12:53:00,Delta Airlines,Shopping,"Lyon, FR"
TXN_000207,USER_032,28.99,2026-01-23 12:57:00,Uber,Subscription,"London, UK"
TXN_001358,USER_048,23.08,2026-01-23 13:43:00,Shell Gas,Entertainment,"Berlin, DE"
TXN_001728,USER_020,22.12,2026-01-23 14:15:00,Delta Airlines,Travel,"London, UK"
TXN_001498,USER_043,373.93,2026-01-23 14:37:00,Delta Airlines,Utilities,"Rome, IT"
TXN_001863,USER_039,143.8,2026-01-23 15:30:00,McDonalds,Shopping,"Lyon, FR"
TXN_000655,USER_009,3.34,2026-01-23 15:54:00,Starbucks,Food,"Marseille, FR"
TXN_001369,USER_027,432.53,2026-01-23 16:09:00,Apple Store,Subscription,"Amsterdam, NL"
TXN_000518,USER_044,26.75,2026-01-23 16:30:00,Steam,Food,"Amsterdam, NL"
TXN_001551,USER_014,3.31,2026-01-23 16:48:00,Delta Airlines,Other,"Marseille, FR"
TXN_001538,USER_003,47.95,2026-01-23 17:59:00,Netflix,Transport,"Brussels, BE"
TXN_000175,USER_012,23.92,2026-01-23 18:15:00,Hotels.com,Food,"Rome, IT"
TXN_000591,USER_021,87.25,2026-01-23 18:48:00,Target,Subscription,"Berlin, DE"
TXN_001342,USER_028,4.72,2026-01-23 19:02:00,Whole Foods,Transport,"Amsterdam, NL"
TXN_001340,USER_014,253.27,2026-01-23 23:18:00,Airbnb,Utilities,"Paris, FR"
TXN_000958,USER_026,48.44,2026-01-24 02:00:00,Delta Airlines,Shopping,"Lyon, FR"
TXN_000129,USER_005,64.04,2026-01-24 02:32:00,Uber,Food,"London, UK"
TXN_000481,USER_013,2805.715465823261,2026-01-24 02:34:00,Hertz,Entertainment,"Moscow, RU"
TXN_001012,USER_012,18.37,2026-01-24 04:26:00,Airbnb,Other,"Madrid, ES"
TXN_000687,USER_010,47.62,2026-01-24 05:33:00,Starbucks,Food,"Brussels, BE"
TXN_001465,USER_002,43.24,2026-01-24 05:50:00,Starbucks,Travel,"Berlin, DE"
TXN_000282,USER_028,38.58,2026-01-24 07:13:00,Delta Airlines,Food,"Madrid, ES"
TXN_000913,USER_024,17.19,2026-01-24 07:29:00,Target,Fuel,"London, UK"
TXN_001650,USER_010,18.33,2026-01-24 08:14:00,Walmart,Utilities,"London, UK"
TXN_001731,USER_034,2.23,2026-01-24 08:30:00,Starbucks,Shopping,"New York, US"
TXN_001701,USER_005,132.8,2026-01-24 08:56:00,Target,Transport,"London, UK"
TXN_000901,USER_026,10.3,2026-01-24 12:01:00,Walmart,Fuel,"London, UK"
TXN_000747,USER_031,9.46,2026-01-24 12:23:00,Google Play,Travel,"Marseille, FR"
TXN_001780,USER_021,126.28,2026-01-24 12:49:00,Whole Foods,Shopping,"Marseille, FR"
TXN_001641,USER_026,89.09,2026-01-24 14:23:00,Delta Airlines,Healthcare,"London, UK"
TXN_000038,USER_002,30.24,2026-01-24 15:23:00,Uber,Other,"New York, US"
TXN_000903,USER_015,159.39,2026-01-24 16:34:00,Spotify,Transport,"Rome, IT"
TXN_001774,USER_034,106.44,2026-01-24 16:38:00,Hertz,Subscription,"Rome, IT"
TXN_001428,USER_014,26.46,2026-01-24 16:45:00,Shell Gas,Transport,"Berlin, DE"
TXN_000602,USER_009,157.35,2026-01-24 17:02:00,Delta Airlines,Subscription,"Paris, FR"
TXN_000808,USER_027,5.53,2026-01-24 17:18:00,Whole Foods,Subscription,"Marseille, FR"
TXN_000511,USER_014,51.45,2026-01-24 19:57:00,Steam,Food,"London, UK"
TXN_001631,USER_035,8.97,2026-01-24 20:04:00,Uber,Utilities,"Madrid, ES"
TXN_001446,USER_013,416.62,2026-01-24 22:42:00,Steam,Food,"New York, US"
TXN_001688,USER_030,346.75,2026-01-25 01:09:00,Amazon,Transport,"Paris, FR"
TXN_001828,USER_007,915.23,2026-01-25 04:08:00,Steam,Transport,"Berlin, DE"
TXN_000130,USER_044,7.21,2026-01-25 04:39:00,BestBuy,Other,"Paris, FR"
TXN_000273,USER_026,43.03,2026-01-25 04:51:00,Amazon,Entertainment,"London, UK"
TXN_000249,USER_025,8.83,2026-01-25 05:21:00,Spotify,Subscription,"Brussels, BE"
TXN_000084,USER_007,697.15,2026-01-25 07:15:00,Google Play,Travel,"Madrid, ES"
TXN_001224,USER_044,25.82,2026-01-25 07:37:00,Steam,Travel,"Rome, IT"
TXN_001836,USER_047,111.9,2026-01-25 08:16:00,Apple Store,Transport,"London, UK"
TXN_000928,USER_030,50.45,2026-01-25 08:25:00,Target,Entertainment,"Madrid, ES"
TXN_001440,USER_030,14.49,2026-01-25 08:35:00,Spotify,Subscription,"New York, US"
TXN_001041,USER_045,3292.722579497993,2026-01-25 08:57:00,Google Play,Food,"New York, US"
TXN_000859,USER_021,97.54,2026-01-25 09:51:00,CVS,Utilities,"Rome, IT"
TXN_000955,USER_003,25.38,2026-01-25 10:20:00,Delta Airlines,Entertainment,"Amsterdam, NL"
TXN_001682,USER_018,11.92,2026-01-25 11:04:00,Steam,Travel,"New York, US"
TXN_000950,USER_031,72.27,2026-01-25 12:15:00,Target,Food,"London, UK"
TXN_000612,USER_036,1124.74,2026-01-25 14:26:00,CVS,Utilities,"Paris, FR"
TXN_000705,USER_022,17.45,2026-01-25 14:27:00,Hotels.com,Shopping,"Madrid, ES"
TXN_001565,USER_037,7.99,2026-01-25 17:15:00,Target,Healthcare,"Berlin, DE"
TXN_000525,USER_039,97.27,2026-01-25 20:38:00,Apple Store,Healthcare,"Lagos, NG"
TXN_000938,USER_019,144.05,2026-01-25 20:44:00,Hertz,Healthcare,"London, UK"
TXN_000854,USER_048,1942.343007675951,2026-01-26 01:00:00,Shell Gas,Utilities,"Moscow, RU"
TXN_000534,USER_021,48.81,2026-01-26 01:32:00,Shell Gas,Subscription,"Berlin, DE"
TXN_001559,USER_036,7.98,2026-01-26 03:12:00,Target,Healthcare,"London, UK"
TXN_001946,USER_009,16.79,2026-01-26 04:23:00,Shell Gas,Other,"Berlin, DE"
TXN_001127,USER_018,13.65,2026-01-26 05:24:00,CVS,Entertainment,"Amsterdam, NL"
TXN_001242,USER_028,26.38,2026-01-26 06:48:00,Whole Foods,Subscription,"New York, US"
TXN_000355,USER_003,8.58,2026-01-26 06:57:00,Airbnb,Travel,"Berlin, DE"
TXN_001730,USER_020,8.31,2026-01-26 07:09:00,Spotify,Travel,"Paris, FR"
TXN_000035,USER_034,2802.969429104826,2026-01-26 08:15:00,Shell Gas,Fuel,"New York, US"
TXN_001654,USER_031,4.71,2026-01-26 09:56:00,Starbucks,Fuel,"Rome, IT"
TXN_000793,USER_040,66.38,2026-01-26 10:32:00,Starbucks,Healthcare,"Lagos, NG"
TXN_000918,USER_024,44.23,2026-01-26 11:33:00,BestBuy,Entertainment,"Madrid, ES"
TXN_001386,USER_004,4.52,2026-01-26 12:29:00,Shell Gas,Other,"Brussels, BE"
TXN_000004,USER_033,111.34,2026-01-26 14:49:00,Hertz,Entertainment,"Brussels, BE"
TXN_001060,USER_015,11.73,2026-01-26 19:33:00,Target,Shopping,"New York, US"
TXN_001664,USER_035,29.47,2026-01-26 20:08:00,Steam,Other,"Paris, FR"
TXN_001506,USER_042,39.23,2026-01-26 20:50:00,Walmart,Entertainment,"London, UK"
TXN_000404,USER_026,62.32,2026-01-26 23:35:00,Spotify,Other,"Berlin, DE"
TXN_000691,USER_045,13.32,2026-01-27 04:38:00,Google Play,Entertainment,"Amsterdam, NL"
TXN_FRAUD_1695_0,USER_045,470.8991829543453,2026-01-27 04:38:00,Google Play,Entertainment,"Amsterdam, NL"
TXN_FRAUD_1695_1,USER_045,208.1739421885694,2026-01-27 04:43:00,Google Play,Entertainment,"Amsterdam, NL"
TXN_FRAUD_1695_2,USER_045,416.24852732276906,2026-01-27 04:48:00,Google Play,Entertainment,"Amsterdam, NL"
TXN_001134,USER_029,127.83,2026-01-27 05:19:00,Apple Store,Subscription,"New York, US"
TXN_001098,USER_023,78.16,2026-01-27 05:40:00,Airbnb,Other,"Marseille, FR"
TXN_000332,USER_001,19.42,2026-01-27 06:10:00,Uber,Other,"Madrid, ES"
TXN_001973,USER_001,69.26,2026-01-27 07:00:00,Amazon,Healthcare,"Brussels, BE"
TXN_000943,USER_024,172.61,2026-01-27 07:05:00,Steam,Entertainment,"Madrid, ES"
TXN_001318,USER_012,17.57,2026-01-27 07:32:00,Walmart,Other,"Marseille, FR"
TXN_000998,USER_025,45.71,2026-01-27 08:06:00,Airbnb,Transport,"Marseille, FR"
TXN_001610,USER_007,17.91,2026-01-27 10:27:00,BestBuy,Fuel,"Paris, FR"
TXN_001022,USER_049,15.26,2026-01-27 11:39:00,Netflix,Utilities,"Brussels, BE"
TXN_000326,USER_029,147.94,2026-01-27 11:48:00,Target,Shopping,"London, UK"
TXN_001696,USER_006,15.54,2026-01-27 12:28:00,Spotify,Entertainment,"New York, US"
TXN_000444,USER_024,3.27,2026-01-27 16:02:00,Uber,Transport,"Rome, IT"
TXN_000424,USER_007,20.48,2026-01-27 16:35:00,Whole Foods,Entertainment,"New York, US"
TXN_000952,USER_026,2.15,2026-01-27 17:29:00,Delta Airlines,Utilities,"Amsterdam, NL"
TXN_000670,USER_003,23.08,2026-01-27 18:27:00,CVS,Entertainment,"London, UK"
TXN_001582,USER_040,26.34,2026-01-27 19:11:00,Steam,Utilities,"Lyon, FR"
TXN_001171,USER_009,372.97,2026-01-27 19:24:00,Hotels.com,Fuel,"Rome, IT"
TXN_FRAUD_1713_0,USER_012,349.9033088015393,2026-01-27 19:42:00,Steam,Healthcare,"Brussels, BE"
TXN_000437,USER_012,128.37,2026-01-27 19:42:00,Steam,Healthcare,"Brussels, BE"
TXN_FRAUD_1713_1,USER_012,214.80222150202297,2026-01-27 19:47:00,Steam,Healthcare,"Brussels, BE"
TXN_FRAUD_1713_2,USER_012,450.16086728549766,2026-01-27 19:52:00,Steam,Healthcare,"Brussels, BE"
TXN_000076,USER_027,94.47,2026-01-27 23:35:00,Starbucks,Entertainment,"Marseille, FR"
TXN_000124,USER_002,11.86,2026-01-28 00:57:00,Uber,Transport,"Rome, IT"
TXN_001240,USER_028,34.44,2026-01-28 01:59:00,Airbnb,Fuel,"Madrid, ES"
TXN_001362,USER_029,42.44,2026-01-28 02:11:00,Target,Entertainment,"Rome, IT"
TXN_001104,USER_031,4.67,2026-01-28 03:34:00,Starbucks,Shopping,"Madrid, ES"
TXN_001154,USER_001,413.46,2026-01-28 04:36:00,Netflix,Shopping,"Rome, IT"
TXN_000311,USER_050,16.23,2026-01-28 04:56:00,CVS,Healthcare,"Marseille, FR"
TXN_000248,USER_018,30.25,2026-01-28 05:28:00,Whole Foods,Fuel,"Berlin, DE"
TXN_000201,USER_003,36.0,2026-01-28 06:52:00,Uber,Utilities,"New York, US"
TXN_000794,USER_033,39.54,2026-01-28 06:55:00,Spotify,Food,"Lyon, FR"
TXN_000160,USER_037,42.48,2026-01-28 07:51:00,CVS,Food,"New York, US"
TXN_000878,USER_042,50.27,2026-01-28 07:52:00,Whole Foods,Shopping,"Lyon, FR"
TXN_001722,USER_028,3.98,2026-01-28 08:27:00,BestBuy,Travel,"Paris, FR"
TXN_001721,USER_043,74.26,2026-01-28 10:48:00,Airbnb,Healthcare,"Rome, IT"
TXN_001606,USER_008,8.74,2026-01-28 11:02:00,BestBuy,Fuel,"New York, US"
TXN_000643,USER_048,19.2,2026-01-28 11:03:00,Airbnb,Travel,"Amsterdam, NL"
TXN_000410,USER_041,42.03,2026-01-28 13:37:00,Steam,Transport,"New York, US"
TXN_001747,USER_034,50.06,2026-01-28 13:44:00,PayPal,Food,"Lyon, FR"
TXN_001304,USER_031,83.64,2026-01-28 13:50:00,Uber,Transport,"Paris, FR"
TXN_000570,USER_029,29.49,2026-01-28 14:51:00,Google Play,Shopping,"Rome, IT"
TXN_001825,USER_042,6.98,2026-01-28 15:11:00,Walmart,Food,"New York, US"
TXN_000826,USER_050,2.68,2026-01-28 15:26:00,Hotels.com,Travel,"Rome, IT"
TXN_000377,USER_043,29.75,2026-01-28 15:34:00,CVS,Travel,"Amsterdam, NL"
TXN_000117,USER_009,47.72,2026-01-28 16:22:00,Amazon,Healthcare,"Amsterdam, NL"
TXN_000823,USER_039,5.81,2026-01-28 16:28:00,Spotify,Fuel,"Brussels, BE"
TXN_001626,USER_040,131.14,2026-01-28 17:29:00,Airbnb,Travel,"Madrid, ES"
TXN_000225,USER_002,22.75,2026-01-28 17:44:00,Hertz,Travel,"Amsterdam, NL"
TXN_001656,USER_006,9.87,2026-01-28 18:30:00,CVS,Healthcare,"Madrid, ES"
TXN_001153,USER_019,21.23,2026-01-29 05:59:00,BestBuy,Transport,"New York, US"
TXN_001980,USER_001,25.19,2026-01-29 07:24:00,Steam,Entertainment,"London, UK"
TXN_000099,USER_027,95.05,2026-01-29 07:24:00,Shell Gas,Healthcare,"Rome, IT"
TXN_001622,USER_004,39.07,2026-01-29 07:33:00,Delta Airlines,Utilities,"Madrid, ES"
TXN_001140,USER_034,357.11,2026-01-29 08:51:00,Shell Gas,Utilities,"Rome, IT"
TXN_001752,USER_004,36.01,2026-01-29 10:38:00,Netflix,Transport,"Brussels, BE"
TXN_001305,USER_012,36.01,2026-01-29 11:51:00,Spotify,Food,"Rome, IT"
TXN_001066,USER_037,97.45,2026-01-29 11:59:00,Hertz,Fuel,"Madrid, ES"
TXN_001516,USER_013,9.71,2026-01-29 13:07:00,Apple Store,Other,"Lyon, FR"
TXN_001350,USER_024,29.84,2026-01-29 13:17:00,Amazon,Food,"Madrid, ES"
TXN_000620,USER_019,366.53,2026-01-29 13:33:00,Delta Airlines,Healthcare,"Madrid, ES"
TXN_001912,USER_031,42.76,2026-01-29 14:41:00,Shell Gas,Subscription,"London, UK"
TXN_000775,USER_022,12.64,2026-01-29 14:59:00,Apple Store,Shopping,"Paris, FR"
TXN_001411,USER_050,33.13,2026-01-29 14:59:00,BestBuy,Other,"Marseille, FR"
TXN_001659,USER_037,327.44,2026-01-29 16:38:00,Spotify,Fuel,"Lyon, FR"
TXN_001568,USER_034,5.68,2026-01-29 17:29:00,Delta Airlines,Food,"London, UK"
TXN_001296,USER_007,161.35,2026-01-29 19:32:00,Google Play,Subscription,"Lyon, FR"
TXN_001829,USER_012,1772.0482313569632,2026-01-30 02:36:00,Apple Store,Subscription,"Beijing, CN"
TXN_001831,USER_033,23.58,2026-01-30 03:35:00,Uber,Fuel,"Amsterdam, NL"
TXN_001013,USER_034,61.21,2026-01-30 04:28:00,Hertz,Utilities,"Berlin, DE"
TXN_001261,USER_047,75.81,2026-01-30 04:58:00,Shell Gas,Other,"Berlin, DE"
TXN_001051,USER_050,29.6,2026-01-30 05:20:00,Steam,Transport,"Paris, FR"
TXN_000235,USER_042,197.72,2026-01-30 05:26:00,Amazon,Shopping,"Berlin, DE"
TXN_000289,USER_042,52.89,2026-01-30 05:27:00,Apple Store,Travel,"Marseille, FR"
TXN_000284,USER_033,15.62,2026-01-30 05:55:00,Delta Airlines,Fuel,"New York, US"
TXN_000068,USER_044,32.82,2026-01-30 07:42:00,Netflix,Fuel,"Rome, IT"
TXN_001402,USER_020,55.14,2026-01-30 08:41:00,Hotels.com,Food,"London, UK"
TXN_001899,USER_035,780.74,2026-01-30 09:34:00,Hotels.com,Food,"Berlin, DE"
TXN_000589,USER_005,8.28,2026-01-30 09:38:00,Target,Healthcare,"Brussels, BE"
TXN_000828,USER_023,190.31,2026-01-30 09:39:00,Spotify,Fuel,"Lagos, NG"
TXN_001784,USER_029,12.92,2026-01-30 12:45:00,Spotify,Food,"Marseille, FR"
TXN_001085,USER_001,134.15,2026-01-30 13:37:00,Steam,Shopping,"London, UK"
TXN_000013,USER_030,38.35,2026-01-30 13:41:00,Google Play,Transport,"Berlin, DE"
TXN_000788,USER_025,286.9,2026-01-30 16:04:00,Hertz,Other,"Paris, FR"
TXN_000096,USER_043,151.72,2026-01-30 17:27:00,Apple Store,Food,"New York, US"
TXN_001226,USER_038,9.02,2026-01-30 17:39:00,Amazon,Transport,"Marseille, FR"
TXN_000967,USER_025,55.37,2026-01-30 18:38:00,Uber,Entertainment,"Berlin, DE"
TXN_000224,USER_025,48.18,2026-01-30 19:11:00,BestBuy,Entertainment,"Rome, IT"
TXN_001868,USER_007,10.23,2026-01-30 19:24:00,Google Play,Transport,"London, UK"
TXN_001494,USER_012,75.96,2026-01-30 23:42:00,Walmart,Subscription,"Paris, FR"
TXN_001262,USER_004,1.54,2026-01-31 03:04:00,BestBuy,Shopping,"Marseille, FR"
TXN_001596,USER_040,32.05,2026-01-31 03:10:00,Airbnb,Healthcare,"Paris, FR"
TXN_001448,USER_049,203.49,2026-01-31 03:13:00,Google Play,Subscription,"Amsterdam, NL"
TXN_000507,USER_028,21.42,2026-01-31 03:38:00,Apple Store,Other,"Lyon, FR"
TXN_000226,USER_015,4.86,2026-01-31 04:52:00,Airbnb,Utilities,"Madrid, ES"
TXN_000739,USER_039,14.49,2026-01-31 05:53:00,Shell Gas,Subscription,"New York, US"
TXN_001356,USER_012,11.65,2026-01-31 07:23:00,Target,Fuel,"New York, US"
TXN_001837,USER_021,140.77,2026-01-31 09:38:00,Walmart,Fuel,"Madrid, ES"
TXN_000245,USER_030,32.87,2026-01-31 09:49:00,Walmart,Subscription,"Madrid, ES"
TXN_000354,USER_050,12.4,2026-01-31 10:11:00,Google Play,Healthcare,"Amsterdam, NL"
TXN_000262,USER_044,7.59,2026-01-31 11:23:00,Amazon,Other,"London, UK"
TXN_000233,USER_035,113.51,2026-01-31 12:10:00,Walmart,Healthcare,"London, UK"
TXN_001492,USER_028,16.17,2026-01-31 12:45:00,Walmart,Entertainment,"Marseille, FR"
TXN_000889,USER_030,14.11,2026-01-31 14:23:00,Target,Utilities,"Lyon, FR"
TXN_000369,USER_021,175.26,2026-01-31 15:52:00,Airbnb,Subscription,"Brussels, BE"
TXN_001558,USER_004,20.64,2026-01-31 16:06:00,Apple Store,Shopping,"Lyon, FR"
TXN_000866,USER_016,10.94,2026-01-31 16:27:00,CVS,Entertainment,"Paris, FR"
TXN_000429,USER_019,88.24,2026-01-31 16:51:00,Target,Other,"New York, US"
TXN_001489,USER_019,29.46,2026-01-31 16:58:00,Netflix,Other,"New York, US"
TXN_001347,USER_016,4.82,2026-01-31 17:53:00,Amazon,Subscription,"London, UK"
TXN_000293,USER_005,3633.9263013766367,2026-01-31 18:43:00,Target,Other,"Amsterdam, NL"
TXN_001143,USER_030,9.33,2026-01-31 19:16:00,Target,Fuel,"Lyon, FR"
TXN_001130,USER_046,10.62,2026-02-01 03:11:00,McDonalds,Healthcare,"Rome, IT"
TXN_001927,USER_012,38.55,2026-02-01 03:35:00,Steam,Food,"Rome, IT"
TXN_001107,USER_030,34.34,2026-02-01 03:48:00,Target,Healthcare,"London, UK"
TXN_000287,USER_049,1.64,2026-02-01 03:52:00,McDonalds,Subscription,"Rome, IT"
TXN_001681,USER_019,30.51,2026-02-01 05:58:00,Amazon,Shopping,"Rome, IT"
TXN_000599,USER_043,4686.759472862188,2026-02-01 05:58:00,Walmart,Healthcare,"London, UK"
TXN_000732,USER_025,35.76,2026-02-01 06:19:00,Whole Foods,Other,"Rome, IT"
TXN_000824,USER_014,8.78,2026-02-01 06:30:00,Airbnb,Travel,"Berlin, DE"
TXN_001772,USER_049,5.97,2026-02-01 06:48:00,Hotels.com,Fuel,"Marseille, FR"
TXN_000842,USER_046,28.15,2026-02-01 06:59:00,Delta Airlines,Fuel,"Berlin, DE"
TXN_001936,USER_046,38.23,2026-02-01 07:55:00,Shell Gas,Food,"Marseille, FR"
TXN_001287,USER_010,117.9,2026-02-01 08:28:00,Amazon,Shopping,"Madrid, ES"
TXN_000123,USER_050,40.37,2026-02-01 08:50:00,Amazon,Entertainment,"New York, US"
TXN_000996,USER_042,26.67,2026-02-01 09:22:00,McDonalds,Utilities,"Berlin, DE"
TXN_000408,USER_017,87.17,2026-02-01 09:38:00,Whole Foods,Other,"New York, US"
TXN_000759,USER_042,7.91,2026-02-01 10:07:00,Shell Gas,Transport,"Brussels, BE"
TXN_000393,USER_039,4.04,2026-02-01 12:31:00,Hotels.com,Utilities,"Brussels, BE"
TXN_000624,USER_041,73.85,2026-02-01 14:31:00,Target,Utilities,"Madrid, ES"
TXN_000598,USER_006,6.23,2026-02-01 15:11:00,Netflix,Food,"Berlin, DE"
TXN_001269,USER_017,19.06,2026-02-01 16:25:00,Steam,Subscription,"New York, US"
TXN_000865,USER_036,12.08,2026-02-01 17:48:00,BestBuy,Travel,"Rome, IT"
TXN_001691,USER_006,261.95,2026-02-01 20:29:00,Target,Fuel,"Paris, FR"
TXN_001001,USER_021,20.51,2026-02-01 21:06:00,Netflix,Other,"Madrid, ES"
TXN_000034,USER_009,123.91,2026-02-02 03:18:00,Hertz,Transport,"London, UK"
TXN_000118,USER_037,2076.2256297748377,2026-02-02 04:49:00,Target,Healthcare,"Beijing, CN"
TXN_000711,USER_019,60.61,2026-02-02 05:28:00,CVS,Subscription,"New York, US"
TXN_000302,USER_017,20.31,2026-02-02 05:46:00,CVS,Transport,"Berlin, DE"
TXN_000954,USER_013,30.69,2026-02-02 05:47:00,Delta Airlines,Utilities,"New York, US"
TXN_000905,USER_001,3.68,2026-02-02 06:03:00,CVS,Transport,"Brussels, BE"
TXN_001987,USER_050,101.84,2026-02-02 06:04:00,Uber,Subscription,"Madrid, ES"
TXN_000557,USER_041,46.09,2026-02-02 06:15:00,Steam,Shopping,"Amsterdam, NL"
TXN_001108,USER_043,68.74,2026-02-02 08:11:00,BestBuy,Shopping,"London, UK"
TXN_001105,USER_038,37.64,2026-02-02 08:21:00,Walmart,Utilities,"Marseille, FR"
TXN_001599,USER_039,223.46,2026-02-02 10:17:00,Starbucks,Utilities,"Madrid, ES"
TXN_000814,USER_028,58.77,2026-02-02 10:34:00,Uber,Subscription,"Berlin, DE"
TXN_001197,USER_050,49.21,2026-02-02 10:35:00,Spotify,Shopping,"Amsterdam, NL"
TXN_FRAUD_1838_0,USER_050,479.33127430464725,2026-02-02 10:35:00,Spotify,Shopping,"Amsterdam, NL"
TXN_FRAUD_1838_1,USER_050,245.43249706710023,2026-02-02 10:40:00,Spotify,Shopping,"Amsterdam, NL"
TXN_FRAUD_1838_2,USER_050,221.74267802097978,2026-02-02 10:45:00,Spotify,Shopping,"Amsterdam, NL"
TXN_001556,USER_039,84.57,2026-02-02 10:48:00,Apple Store,Shopping,"Amsterdam, NL"
TXN_001575,USER_048,7.54,2026-02-02 11:17:00,McDonalds,Transport,"Madrid, ES"
TXN_001056,USER_034,8.03,2026-02-02 11:52:00,Walmart,Transport,"Marseille, FR"
TXN_000647,USER_049,74.89,2026-02-02 13:12:00,Spotify,Food,"New York, US"
TXN_001907,USER_034,25.0,2026-02-02 13:26:00,Whole Foods,Entertainment,"Lyon, FR"
TXN_001225,USER_042,14.37,2026-02-02 13:51:00,Target,Entertainment,"Marseille, FR"
TXN_000213,USER_002,80.67,2026-02-02 15:13:00,Netflix,Shopping,"Amsterdam, NL"
TXN_001235,USER_014,53.93,2026-02-02 15:59:00,Hotels.com,Transport,"New York, US"
TXN_000927,USER_040,289.88,2026-02-02 16:20:00,Netflix,Transport,"Berlin, DE"
TXN_000144,USER_020,7.13,2026-02-02 16:25:00,Google Play,Subscription,"Brussels, BE"
TXN_001151,USER_037,145.79,2026-02-02 16:43:00,Starbucks,Transport,"Marseille, FR"
TXN_000510,USER_037,38.6,2026-02-02 16:50:00,McDonalds,Travel,"Paris, FR"
TXN_000498,USER_031,5.54,2026-02-02 20:19:00,Amazon,Shopping,"Brussels, BE"
TXN_001951,USER_037,60.54,2026-02-02 21:29:00,Delta Airlines,Other,"Marseille, FR"
TXN_000627,USER_043,110.63,2026-02-02 21:35:00,McDonalds,Food,"Paris, FR"
TXN_001778,USER_032,25.85,2026-02-02 21:41:00,Google Play,Travel,"New York, US"
TXN_001038,USER_004,19.76,2026-02-03 00:01:00,BestBuy,Entertainment,"Madrid, ES"
TXN_001068,USER_045,7.16,2026-02-03 02:15:00,BestBuy,Transport,"Marseille, FR"
TXN_000088,USER_005,142.66,2026-02-03 04:46:00,Apple Store,Other,"Berlin, DE"
TXN_000495,USER_005,54.7,2026-02-03 05:51:00,Amazon,Healthcare,"Marseille, FR"
TXN_000253,USER_021,12.45,2026-02-03 06:04:00,Google Play,Transport,"Rome, IT"
TXN_000103,USER_030,10.43,2026-02-03 06:21:00,Hertz,Other,"Berlin, DE"
TXN_001160,USER_003,13.28,2026-02-03 06:24:00,CVS,Utilities,"Berlin, DE"
TXN_001993,USER_031,62.0,2026-02-03 07:05:00,BestBuy,Healthcare,"Rome, IT"
TXN_000333,USER_012,105.28,2026-02-03 07:30:00,Target,Fuel,"Berlin, DE"
TXN_000351,USER_005,92.08,2026-02-03 08:28:00,Steam,Travel,"Brussels, BE"
TXN_000116,USER_022,173.89,2026-02-03 08:31:00,Steam,Transport,"Rome, IT"
TXN_000306,USER_009,614.38,2026-02-03 09:32:00,Delta Airlines,Food,"Madrid, ES"
TXN_001390,USER_004,6.45,2026-02-03 11:11:00,Steam,Transport,"Madrid, ES"
TXN_000257,USER_023,29.3,2026-02-03 11:36:00,PayPal,Shopping,"London, UK"
TXN_001819,USER_007,134.03,2026-02-03 12:58:00,McDonalds,Shopping,"Madrid, ES"
TXN_001237,USER_019,14.12,2026-02-03 13:56:00,Starbucks,Shopping,"Lyon, FR"
TXN_000442,USER_004,153.47,2026-02-03 14:55:00,Airbnb,Utilities,"Marseille, FR"
TXN_001133,USER_048,11.82,2026-02-03 15:00:00,Shell Gas,Food,"Marseille, FR"
TXN_001475,USER_033,77.88,2026-02-03 16:09:00,McDonalds,Other,"London, UK"
TXN_000425,USER_004,8.98,2026-02-03 16:45:00,Delta Airlines,Entertainment,"New York, US"
TXN_001427,USER_020,2.71,2026-02-03 16:48:00,BestBuy,Food,"Amsterdam, NL"
TXN_001734,USER_013,18.71,2026-02-03 18:18:00,Airbnb,Other,"Berlin, DE"
TXN_000815,USER_043,89.49,2026-02-03 22:29:00,Steam,Transport,"Brussels, BE"
TXN_001354,USER_033,65.47,2026-02-03 23:11:00,Walmart,Food,"Madrid, ES"
TXN_000995,USER_023,52.08,2026-02-04 01:26:00,Shell Gas,Other,"Amsterdam, NL"
TXN_000934,USER_050,1520.2453560277866,2026-02-04 01:29:00,PayPal,Fuel,"Moscow, RU"
TXN_001705,USER_042,7.85,2026-02-04 02:29:00,Walmart,Travel,"Madrid, ES"
TXN_000883,USER_020,2245.6534416088525,2026-02-04 02:44:00,Google Play,Shopping,"Beijing, CN"
TXN_000997,USER_021,11.43,2026-02-04 04:20:00,Hotels.com,Subscription,"Lyon, FR"
TXN_001894,USER_020,2912.8699699801564,2026-02-04 04:23:00,Airbnb,Transport,"Rome, IT"
TXN_001579,USER_017,11.13,2026-02-04 05:54:00,PayPal,Fuel,"Paris, FR"
TXN_001669,USER_027,4.08,2026-02-04 05:58:00,Walmart,Other,"Berlin, DE"
TXN_001600,USER_027,25.87,2026-02-04 06:29:00,Google Play,Subscription,"Marseille, FR"
TXN_001997,USER_004,5.55,2026-02-04 06:41:00,Apple Store,Healthcare,"Amsterdam, NL"
TXN_000587,USER_049,27.44,2026-02-04 07:13:00,Hotels.com,Transport,"Amsterdam, NL"
TXN_001461,USER_037,15.54,2026-02-04 07:19:00,Hertz,Fuel,"Amsterdam, NL"
TXN_000480,USER_025,7.32,2026-02-04 07:26:00,CVS,Shopping,"Lyon, FR"
TXN_000173,USER_049,24.85,2026-02-04 08:40:00,Netflix,Other,"Paris, FR"
TXN_001183,USER_037,20.59,2026-02-04 09:08:00,Hertz,Fuel,"Paris, FR"
TXN_000565,USER_006,53.6,2026-02-04 09:56:00,Apple Store,Food,"New York, US"
TXN_001442,USER_031,15.78,2026-02-04 10:11:00,McDonalds,Shopping,"Rome, IT"
TXN_000981,USER_001,9.8,2026-02-04 13:01:00,Steam,Other,"Lyon, FR"
TXN_001452,USER_032,35.47,2026-02-04 13:49:00,McDonalds,Healthcare,"Amsterdam, NL"
TXN_000454,USER_030,4.01,2026-02-04 15:39:00,Spotify,Shopping,"Madrid, ES"
TXN_001388,USER_029,18.91,2026-02-04 16:30:00,Target,Fuel,"Madrid, ES"
TXN_000956,USER_011,54.93,2026-02-04 16:50:00,Google Play,Entertainment,"Paris, FR"
TXN_001529,USER_019,49.32,2026-02-04 17:00:00,PayPal,Transport,"Madrid, ES"
TXN_000812,USER_046,69.98,2026-02-04 17:21:00,Whole Foods,Other,"New York, US"
TXN_001785,USER_007,100.85,2026-02-04 17:23:00,McDonalds,Shopping,"Amsterdam, NL"
TXN_000172,USER_015,101.2,2026-02-04 17:41:00,Whole Foods,Other,"Paris, FR"
TXN_001302,USER_030,9.83,2026-02-04 17:43:00,Hertz,Transport,"Amsterdam, NL"
TXN_000352,USER_048,2.04,2026-02-04 17:58:00,Amazon,Transport,"Amsterdam, NL"
TXN_001270,USER_047,8.48,2026-02-04 18:25:00,Shell Gas,Fuel,"Berlin, DE"
TXN_001878,USER_032,61.13,2026-02-04 19:36:00,BestBuy,Shopping,"Paris, FR"
TXN_001180,USER_022,6.54,2026-02-04 20:18:00,Hotels.com,Shopping,"Marseille, FR"
TXN_001292,USER_022,187.41,2026-02-05 00:07:00,Steam,Shopping,"Lyon, FR"
TXN_000443,USER_026,54.33,2026-02-05 03:20:00,Spotify,Food,"London, UK"
TXN_001487,USER_048,133.44,2026-02-05 03:36:00,Spotify,Healthcare,"Madrid, ES"
TXN_000855,USER_012,26.3,2026-02-05 05:52:00,McDonalds,Transport,"Brussels, BE"
TXN_001353,USER_014,50.96,2026-02-05 05:53:00,CVS,Travel,"Paris, FR"
TXN_000398,USER_040,74.2,2026-02-05 07:27:00,BestBuy,Transport,"Lyon, FR"
TXN_000246,USER_028,53.72,2026-02-05 07:54:00,Hotels.com,Subscription,"Lyon, FR"
TXN_000930,USER_033,158.72,2026-02-05 08:14:00,Starbucks,Other,"Lyon, FR"
TXN_001054,USER_034,5.56,2026-02-05 08:19:00,Hertz,Transport,"Amsterdam, NL"
TXN_001887,USER_040,41.34,2026-02-05 08:30:00,Hotels.com,Fuel,"Madrid, ES"
TXN_001623,USER_026,60.73,2026-02-05 08:32:00,Hertz,Utilities,"Berlin, DE"
TXN_001570,USER_009,117.37,2026-02-05 08:45:00,Spotify,Entertainment,"Brussels, BE"
TXN_001793,USER_046,99.64,2026-02-05 10:17:00,Netflix,Entertainment,"Paris, FR"
TXN_000339,USER_050,41.13,2026-02-05 10:17:00,Hotels.com,Transport,"Marseille, FR"
TXN_000734,USER_039,35.33,2026-02-05 10:32:00,Steam,Shopping,"Madrid, ES"
TXN_001178,USER_008,13.59,2026-02-05 11:09:00,Apple Store,Healthcare,"Amsterdam, NL"
TXN_001972,USER_033,15.66,2026-02-05 12:31:00,Hertz,Food,"Madrid, ES"
TXN_001118,USER_041,34.05,2026-02-05 13:02:00,PayPal,Entertainment,"Amsterdam, NL"
TXN_001769,USER_020,62.06,2026-02-05 14:42:00,Netflix,Entertainment,"Amsterdam, NL"
TXN_000087,USER_035,69.49,2026-02-05 15:34:00,Shell Gas,Travel,"Madrid, ES"
TXN_001954,USER_008,4.29,2026-02-05 20:23:00,PayPal,Food,"Berlin, DE"
TXN_001963,USER_001,53.42,2026-02-05 21:20:00,Starbucks,Transport,"Marseille, FR"
TXN_001931,USER_018,413.4,2026-02-06 01:35:00,BestBuy,Other,"Marseille, FR"
TXN_FRAUD_1933_0,USER_011,227.72631196441193,2026-02-06 04:07:00,Amazon,Shopping,"Berlin, DE"
TXN_000203,USER_011,58.46,2026-02-06 04:07:00,Amazon,Shopping,"Berlin, DE"
TXN_FRAUD_1933_1,USER_011,269.5328279772059,2026-02-06 04:12:00,Amazon,Shopping,"Berlin, DE"
TXN_FRAUD_1933_2,USER_011,377.3683338548209,2026-02-06 04:17:00,Amazon,Shopping,"Berlin, DE"
TXN_001147,USER_021,1.11,2026-02-06 05:29:00,McDonalds,Food,"Lyon, FR"
TXN_000539,USER_019,13.61,2026-02-06 05:52:00,PayPal,Subscription,"Marseille, FR"
TXN_000382,USER_005,25.15,2026-02-06 06:51:00,McDonalds,Subscription,"Madrid, ES"
TXN_001749,USER_025,9.74,2026-02-06 07:11:00,Apple Store,Other,"Madrid, ES"
TXN_000781,USER_015,68.62,2026-02-06 07:44:00,Google Play,Utilities,"Marseille, FR"
TXN_000735,USER_022,1.03,2026-02-06 08:03:00,Walmart,Subscription,"London, UK"
TXN_000169,USER_030,213.46,2026-02-06 08:07:00,Steam,Utilities,"Brussels, BE"
TXN_001408,USER_030,56.49,2026-02-06 11:56:00,Google Play,Transport,"Paris, FR"
TXN_001422,USER_009,13.22,2026-02-06 11:57:00,Uber,Utilities,"Marseille, FR"
TXN_001169,USER_047,30.18,2026-02-06 12:26:00,Spotify,Healthcare,"Amsterdam, NL"
TXN_001805,USER_041,17.2,2026-02-06 12:31:00,Airbnb,Healthcare,"Berlin, DE"
TXN_000646,USER_041,3.71,2026-02-06 12:44:00,Amazon,Travel,"Paris, FR"
TXN_000163,USER_029,51.13,2026-02-06 14:26:00,Hotels.com,Utilities,"Paris, FR"
TXN_001469,USER_006,37.26,2026-02-06 14:52:00,Spotify,Food,"Berlin, DE"
TXN_001271,USER_044,190.89,2026-02-06 15:59:00,Apple Store,Fuel,"Paris, FR"
TXN_000748,USER_017,25.77,2026-02-06 16:53:00,Spotify,Shopping,"Madrid, ES"
TXN_001581,USER_030,52.27,2026-02-06 17:13:00,CVS,Subscription,"London, UK"
TXN_001756,USER_034,15.93,2026-02-06 17:18:00,Hotels.com,Subscription,"London, UK"
TXN_001937,USER_039,48.57,2026-02-06 19:59:00,Amazon,Fuel,"Rome, IT"
TXN_000543,USER_024,2156.391911069246,2026-02-06 23:45:00,Hertz,Other,"Lyon, FR"
TXN_001934,USER_026,88.69,2026-02-07 03:49:00,Steam,Fuel,"Brussels, BE"
TXN_000603,USER_001,22.37,2026-02-07 06:09:00,BestBuy,Healthcare,"Marseille, FR"
TXN_000840,USER_020,86.58,2026-02-07 06:23:00,Apple Store,Fuel,"New York, US"
TXN_000681,USER_048,190.83,2026-02-07 07:10:00,Whole Foods,Shopping,"Berlin, DE"
TXN_001370,USER_043,13.45,2026-02-07 07:21:00,Hertz,Subscription,"Rome, IT"
TXN_001059,USER_040,7.29,2026-02-07 07:25:00,Netflix,Shopping,"Berlin, DE"
TXN_001797,USER_023,120.0,2026-02-07 07:41:00,Spotify,Healthcare,"Amsterdam, NL"
TXN_001092,USER_028,13.51,2026-02-07 07:56:00,Starbucks,Subscription,"Brussels, BE"
TXN_001047,USER_035,8.87,2026-02-07 09:19:00,Shell Gas,Other,"Marseille, FR"
TXN_000600,USER_047,143.6,2026-02-07 10:36:00,Uber,Healthcare,"Lyon, FR"
TXN_001885,USER_030,109.4,2026-02-07 12:13:00,Starbucks,Shopping,"Amsterdam, NL"
TXN_001625,USER_010,8.11,2026-02-07 13:13:00,Airbnb,Entertainment,"Brussels, BE"
TXN_001840,USER_044,49.01,2026-02-07 13:34:00,Uber,Other,"Madrid, ES"
TXN_000980,USER_008,8.71,2026-02-07 14:21:00,Airbnb,Travel,"Paris, FR"
TXN_001025,USER_018,58.28,2026-02-07 14:27:00,Hotels.com,Entertainment,"Berlin, DE"
TXN_000737,USER_032,63.32,2026-02-07 14:31:00,BestBuy,Entertainment,"Marseille, FR"
TXN_001690,USER_036,22.76,2026-02-07 14:33:00,Hotels.com,Healthcare,"Brussels, BE"
TXN_000829,USER_024,134.27,2026-02-07 14:54:00,Walmart,Transport,"Rome, IT"
TXN_001472,USER_002,15.94,2026-02-07 15:18:00,Whole Foods,Shopping,"Berlin, DE"
TXN_000304,USER_042,82.46,2026-02-07 15:30:00,Steam,Transport,"Amsterdam, NL"
TXN_000140,USER_039,4.78,2026-02-07 15:44:00,Netflix,Fuel,"Paris, FR"
TXN_000728,USER_001,40.63,2026-02-07 16:27:00,Whole Foods,Fuel,"Madrid, ES"
TXN_000947,USER_029,78.91,2026-02-07 16:58:00,BestBuy,Entertainment,"Brussels, BE"
TXN_001258,USER_017,54.99,2026-02-07 17:03:00,Hotels.com,Transport,"Brussels, BE"
TXN_001082,USER_045,23.96,2026-02-07 17:24:00,BestBuy,Other,"London, UK"
TXN_001959,USER_023,40.11,2026-02-07 17:24:00,Spotify,Fuel,"London, UK"
TXN_001413,USER_044,63.99,2026-02-07 17:32:00,Google Play,Food,"Brussels, BE"
TXN_001800,USER_026,2.62,2026-02-07 17:50:00,Uber,Transport,"London, UK"
TXN_001814,USER_029,44.42,2026-02-07 17:51:00,Delta Airlines,Food,"Madrid, ES"
TXN_000650,USER_027,53.01,2026-02-07 18:45:00,Google Play,Subscription,"Lyon, FR"
TXN_001203,USER_010,90.91,2026-02-08 01:39:00,Spotify,Other,"New York, US"
TXN_001381,USER_042,63.51,2026-02-08 04:06:00,Hotels.com,Utilities,"Amsterdam, NL"
TXN_001540,USER_021,26.76,2026-02-08 06:21:00,PayPal,Transport,"London, UK"
TXN_001861,USER_041,21.14,2026-02-08 08:31:00,Amazon,Transport,"London, UK"
TXN_000853,USER_041,114.38,2026-02-08 08:33:00,Google Play,Other,"Brussels, BE"
TXN_000011,USER_013,15.56,2026-02-08 09:52:00,Walmart,Entertainment,"London, UK"
TXN_001148,USER_008,33.79,2026-02-08 10:16:00,Google Play,Food,"Brussels, BE"
TXN_001348,USER_011,19.55,2026-02-08 10:17:00,Whole Foods,Other,"Paris, FR"
TXN_001859,USER_033,67.93,2026-02-08 10:19:00,Google Play,Shopping,"Madrid, ES"
TXN_001207,USER_012,56.68,2026-02-08 10:26:00,Whole Foods,Subscription,"Amsterdam, NL"
TXN_001315,USER_006,7.98,2026-02-08 14:29:00,Whole Foods,Utilities,"Madrid, ES"
TXN_001421,USER_012,31.35,2026-02-08 16:07:00,Amazon,Food,"New York, US"
TXN_000564,USER_044,103.56,2026-02-08 16:39:00,Spotify,Other,"Amsterdam, NL"
TXN_001377,USER_036,44.81,2026-02-08 17:50:00,Apple Store,Travel,"Marseille, FR"
TXN_000946,USER_050,6.82,2026-02-08 18:13:00,Starbucks,Food,"New York, US"
