transaction_id,user_id,amount,timestamp,merchant,category,location
TXN_004136,USER_031,185.17,2025-11-09 22:39:00,Starbucks,Shopping,"London, UK"
TXN_002886,USER_019,72.26,2025-11-09 22:45:00,Uber,Travel,"Marseille, FR"
TXN_004495,USER_031,43.38,2025-11-10 00:17:00,Netflix,Utilities,"New York, US"
TXN_004927,USER_005,9.83,2025-11-10 00:32:00,Hotels.com,Healthcare,"Berlin, DE"
TXN_004009,USER_032,1947.4485644313354,2025-11-10 02:31:00,Google Play,Other,"Beijing, CN"
TXN_000685,USER_031,106.88,2025-11-10 03:09:00,CVS,Entertainment,"Marseille, FR"
TXN_003633,USER_010,65.48,2025-11-10 03:56:00,Google Play,Fuel,"Marseille, FR"
TXN_004292,USER_046,17.57,2025-11-10 05:47:00,Google Play,Fuel,"Marseille, FR"
TXN_001879,USER_018,622.35,2025-11-10 06:30:00,Whole Foods,Shopping,"Lyon, FR"
TXN_004445,USER_035,41.27,2025-11-10 06:56:00,Hotels.com,Entertainment,"Paris, FR"
TXN_004468,USER_009,24.56,2025-11-10 07:05:00,Netflix,Food,"Paris, FR"
TXN_000756,USER_007,8.65,2025-11-10 07:20:00,Google Play,Fuel,"Amsterdam, NL"
TXN_000693,USER_047,114.12,2025-11-10 07:32:00,Whole Foods,Healthcare,"Amsterdam, NL"
TXN_000455,USER_017,23.09,2025-11-10 07:35:00,Shell Gas,Other,"Lyon, FR"
TXN_002074,USER_024,240.2,2025-11-10 08:01:00,Amazon,Travel,"Brussels, BE"
TXN_003559,USER_049,3968.918069647906,2025-11-10 08:12:00,Hertz,Transport,"Lyon, FR"
TXN_000871,USER_035,44.54,2025-11-10 08:28:00,Target,Entertainment,"New York, US"
TXN_003889,USER_003,12.29,2025-11-10 09:00:00,Amazon,Subscription,"Madrid, ES"
TXN_003890,USER_012,7.37,2025-11-10 09:11:00,Netflix,Travel,"Amsterdam, NL"
TXN_000699,USER_007,37.18,2025-11-10 09:51:00,Steam,Subscription,"Madrid, ES"
TXN_003660,USER_029,72.6,2025-11-10 09:59:00,Whole Foods,Transport,"Rome, IT"
TXN_003998,USER_040,8.83,2025-11-10 10:06:00,Apple Store,Subscription,"Berlin, DE"
TXN_001905,USER_048,7.26,2025-11-10 10:07:00,Walmart,Other,"Brussels, BE"
TXN_004153,USER_031,53.57,2025-11-10 10:33:00,Walmart,Shopping,"Marseille, FR"
TXN_002245,USER_047,7.52,2025-11-10 11:54:00,McDonalds,Fuel,"Amsterdam, NL"
TXN_003287,USER_026,84.84,2025-11-10 12:15:00,Walmart,Food,"Lagos, NG"
TXN_001698,USER_014,55.32,2025-11-10 13:00:00,Steam,Food,"London, UK"
TXN_003169,USER_007,34.68,2025-11-10 13:03:00,Spotify,Healthcare,"Amsterdam, NL"
TXN_003987,USER_002,14.04,2025-11-10 13:13:00,Hotels.com,Subscription,"Madrid, ES"
TXN_002606,USER_018,104.49,2025-11-10 13:14:00,Shell Gas,Shopping,"Madrid, ES"
TXN_004958,USER_044,10.24,2025-11-10 13:18:00,Hotels.com,Utilities,"Berlin, DE"
TXN_000834,USER_032,318.6,2025-11-10 13:21:00,Walmart,Fuel,"Madrid, ES"
TXN_003310,USER_013,59.35,2025-11-10 14:24:00,Google Play,Shopping,"Berlin, DE"
TXN_001737,USER_015,8.51,2025-11-10 14:28:00,Uber,Entertainment,"Rome, IT"
TXN_000939,USER_013,51.78,2025-11-10 14:33:00,Amazon,Other,"Brussels, BE"
TXN_FRAUD_34_0,USER_013,404.39443723601556,2025-11-10 14:33:00,Amazon,Other,"Brussels, BE"
TXN_FRAUD_34_1,USER_013,435.57981268429467,2025-11-10 14:38:00,Amazon,Other,"Brussels, BE"
TXN_FRAUD_34_2,USER_013,262.6184601852739,2025-11-10 14:43:00,Amazon,Other,"Brussels, BE"
TXN_004744,USER_048,33.31,2025-11-10 15:07:00,Hertz,Subscription,"Rome, IT"
TXN_003344,USER_037,7.83,2025-11-10 15:29:00,Shell Gas,Food,"Paris, FR"
TXN_001173,USER_013,38.28,2025-11-10 15:55:00,Amazon,Subscription,"Lyon, FR"
TXN_002535,USER_041,38.81,2025-11-10 16:07:00,Netflix,Fuel,"Berlin, DE"
TXN_000275,USER_008,11.6,2025-11-10 16:19:00,PayPal,Transport,"Marseille, FR"
TXN_004704,USER_029,26.94,2025-11-10 16:20:00,Hertz,Healthcare,"London, UK"
TXN_004587,USER_016,18.75,2025-11-10 16:42:00,PayPal,Entertainment,"London, UK"
TXN_000798,USER_016,45.56,2025-11-10 16:48:00,Target,Food,"Amsterdam, NL"
TXN_003365,USER_022,98.11,2025-11-10 17:18:00,Shell Gas,Transport,"Lyon, FR"
TXN_002293,USER_047,14.71,2025-11-10 17:39:00,Hotels.com,Other,"Lagos, NG"
TXN_003432,USER_034,27.8,2025-11-10 18:04:00,Netflix,Transport,"Brussels, BE"
TXN_004693,USER_036,15.37,2025-11-10 18:22:00,Uber,Other,"Paris, FR"
TXN_002973,USER_033,40.86,2025-11-10 18:53:00,McDonalds,Entertainment,"London, UK"
TXN_000190,USER_018,18.67,2025-11-10 19:06:00,Spotify,Other,"Amsterdam, NL"
TXN_001320,USER_027,36.34,2025-11-10 19:23:00,Uber,Entertainment,"Lyon, FR"
TXN_003053,USER_007,3.08,2025-11-10 19:42:00,Amazon,Other,"Paris, FR"
TXN_003692,USER_022,2378.585745065161,2025-11-11 01:24:00,Apple Store,Transport,"Moscow, RU"
TXN_004970,USER_028,13.45,2025-11-11 03:11:00,Walmart,Transport,"Brussels, BE"
TXN_000506,USER_041,54.07,2025-11-11 03:32:00,McDonalds,Food,"Rome, IT"
TXN_003937,USER_044,4210.486001733505,2025-11-11 03:48:00,Hotels.com,Utilities,"Lyon, FR"
TXN_001832,USER_046,15.75,2025-11-11 04:02:00,Amazon,Other,"Lyon, FR"
TXN_004048,USER_023,53.59,2025-11-11 04:07:00,CVS,Healthcare,"Marseille, FR"
TXN_000432,USER_003,70.78,2025-11-11 05:07:00,Whole Foods,Other,"Lyon, FR"
TXN_004937,USER_019,8.26,2025-11-11 05:25:00,Uber,Shopping,"London, UK"
TXN_003857,USER_020,20.51,2025-11-11 05:50:00,BestBuy,Fuel,"Lyon, FR"
TXN_004073,USER_016,27.47,2025-11-11 06:17:00,Netflix,Transport,"New York, US"
TXN_001998,USER_048,37.08,2025-11-11 07:15:00,Hotels.com,Utilities,"London, UK"
TXN_004511,USER_004,73.15,2025-11-11 07:20:00,Delta Airlines,Utilities,"London, UK"
TXN_001908,USER_026,87.26,2025-11-11 07:22:00,Airbnb,Travel,"Marseille, FR"
TXN_001230,USER_038,49.74,2025-11-11 07:27:00,Delta Airlines,Healthcare,"Marseille, FR"
TXN_002965,USER_001,106.55,2025-11-11 07:35:00,Apple Store,Other,"Lyon, FR"
TXN_001624,USER_023,41.89,2025-11-11 07:40:00,Netflix,Fuel,"Amsterdam, NL"
TXN_001132,USER_027,33.73,2025-11-11 07:47:00,Netflix,Healthcare,"New York, US"
TXN_002099,USER_020,9.24,2025-11-11 08:10:00,Spotify,Healthcare,"Lagos, NG"
TXN_004069,USER_045,122.46,2025-11-11 08:24:00,Apple Store,Other,"London, UK"
TXN_001724,USER_007,14.43,2025-11-11 08:26:00,Target,Other,"New York, US"
TXN_000607,USER_037,16.34,2025-11-11 08:27:00,McDonalds,Subscription,"Berlin, DE"
TXN_004811,USER_008,8.47,2025-11-11 08:37:00,Delta Airlines,Utilities,"Berlin, DE"
TXN_FRAUD_71_0,USER_008,231.11130819203814,2025-11-11 08:37:00,Delta Airlines,Utilities,"Berlin, DE"
TXN_FRAUD_71_1,USER_008,403.4596096231756,2025-11-11 08:42:00,Delta Airlines,Utilities,"Berlin, DE"
TXN_004408,USER_030,40.28,2025-11-11 08:47:00,Apple Store,Other,"Brussels, BE"
TXN_FRAUD_71_2,USER_008,455.38699475983515,2025-11-11 08:47:00,Delta Airlines,Utilities,"Berlin, DE"
TXN_003974,USER_020,3.26,2025-11-11 09:01:00,Whole Foods,Food,"Paris, FR"
TXN_004422,USER_006,29.74,2025-11-11 09:03:00,Hertz,Transport,"Amsterdam, NL"
TXN_002828,USER_010,20.75,2025-11-11 09:06:00,Uber,Shopping,"Amsterdam, NL"
TXN_002677,USER_037,11.79,2025-11-11 09:25:00,PayPal,Food,"Rome, IT"
TXN_003016,USER_045,4840.202669797028,2025-11-11 10:07:00,Netflix,Entertainment,"Marseille, FR"
TXN_000616,USER_034,15.17,2025-11-11 10:11:00,Apple Store,Transport,"Madrid, ES"
TXN_003463,USER_034,3.84,2025-11-11 11:03:00,Steam,Travel,"Rome, IT"
TXN_003973,USER_004,40.87,2025-11-11 11:13:00,Spotify,Other,"New York, US"
TXN_001249,USER_050,54.1,2025-11-11 11:18:00,Airbnb,Fuel,"Rome, IT"
TXN_003852,USER_046,14.76,2025-11-11 11:29:00,Hertz,Shopping,"Lyon, FR"
TXN_002998,USER_032,23.31,2025-11-11 12:07:00,McDonalds,Travel,"London, UK"
TXN_002522,USER_033,7.29,2025-11-11 12:26:00,Netflix,Shopping,"London, UK"
TXN_001201,USER_008,33.27,2025-11-11 12:27:00,Hertz,Fuel,"Lyon, FR"
TXN_004797,USER_042,13.62,2025-11-11 12:48:00,CVS,Travel,"New York, US"
TXN_004481,USER_031,2.0,2025-11-11 13:57:00,Hertz,Healthcare,"Rome, IT"
TXN_001039,USER_021,6.08,2025-11-11 13:58:00,Netflix,Other,"Lyon, FR"
TXN_004331,USER_026,32.01,2025-11-11 14:08:00,McDonalds,Food,"Paris, FR"
TXN_000845,USER_028,21.77,2025-11-11 14:21:00,BestBuy,Shopping,"Madrid, ES"
TXN_001272,USER_044,4.2,2025-11-11 14:41:00,Target,Shopping,"Madrid, ES"
TXN_002800,USER_006,46.61,2025-11-11 14:54:00,Hotels.com,Entertainment,"Lagos, NG"
TXN_001812,USER_043,23.68,2025-11-11 15:31:00,Netflix,Transport,"Rome, IT"
TXN_001256,USER_017,104.51,2025-11-11 15:35:00,BestBuy,Other,"Marseille, FR"
TXN_002956,USER_040,4.18,2025-11-11 15:35:00,Whole Foods,Shopping,"London, UK"
TXN_003638,USER_048,698.17,2025-11-11 15:44:00,Target,Fuel,"New York, US"
TXN_002491,USER_026,311.27,2025-11-11 16:06:00,BestBuy,Healthcare,"London, UK"
TXN_004330,USER_021,6.16,2025-11-11 16:38:00,CVS,Transport,"Brussels, BE"
TXN_000546,USER_007,8.91,2025-11-11 16:54:00,Netflix,Entertainment,"Brussels, BE"
TXN_004532,USER_025,28.27,2025-11-11 17:22:00,Apple Store,Utilities,"Brussels, BE"
TXN_004606,USER_024,93.86,2025-11-11 17:28:00,BestBuy,Food,"New York, US"
TXN_004887,USER_009,233.77,2025-11-11 18:12:00,PayPal,Healthcare,"Lyon, FR"
TXN_002248,USER_010,22.38,2025-11-11 19:30:00,Hotels.com,Healthcare,"Berlin, DE"
TXN_002612,USER_036,12.85,2025-11-11 20:09:00,Apple Store,Travel,"Berlin, DE"
TXN_000751,USER_033,95.05,2025-11-12 01:43:00,Amazon,Subscription,"Marseille, FR"
TXN_001930,USER_015,35.97,2025-11-12 03:25:00,Whole Foods,Other,"Rome, IT"
TXN_003438,USER_011,2402.610731214074,2025-11-12 04:03:00,PayPal,Transport,"Moscow, RU"
TXN_004556,USER_037,153.0,2025-11-12 04:06:00,Steam,Food,"Paris, FR"
TXN_001662,USER_033,60.8,2025-11-12 04:55:00,Hertz,Transport,"Paris, FR"
TXN_004209,USER_009,175.63,2025-11-12 04:56:00,Apple Store,Healthcare,"Amsterdam, NL"
TXN_002713,USER_048,2376.834777544753,2025-11-12 04:56:00,BestBuy,Healthcare,"Beijing, CN"
TXN_000736,USER_024,47.08,2025-11-12 05:09:00,Spotify,Utilities,"London, UK"
TXN_004869,USER_039,9.17,2025-11-12 05:25:00,Target,Transport,"New York, US"
TXN_000112,USER_045,274.66,2025-11-12 05:42:00,Whole Foods,Healthcare,"Rome, IT"
TXN_003211,USER_010,7.43,2025-11-12 05:45:00,Uber,Subscription,"London, UK"
TXN_001604,USER_004,21.36,2025-11-12 06:10:00,Netflix,Travel,"Marseille, FR"
TXN_003180,USER_029,182.82,2025-11-12 06:12:00,Whole Foods,Travel,"Berlin, DE"
TXN_001419,USER_009,1.32,2025-11-12 06:18:00,Google Play,Utilities,"Berlin, DE"
TXN_000465,USER_040,3063.4538947145074,2025-11-12 07:03:00,Shell Gas,Food,"Lyon, FR"
TXN_001665,USER_032,39.59,2025-11-12 07:09:00,PayPal,Transport,"Madrid, ES"
TXN_003181,USER_025,8.02,2025-11-12 07:19:00,PayPal,Subscription,"Madrid, ES"
TXN_004975,USER_009,38.78,2025-11-12 08:26:00,Netflix,Travel,"Marseille, FR"
TXN_001810,USER_011,12.71,2025-11-12 08:26:00,BestBuy,Transport,"London, UK"
TXN_004524,USER_004,5.6,2025-11-12 08:49:00,Hertz,Fuel,"Madrid, ES"
TXN_001830,USER_022,4.92,2025-11-12 09:26:00,Whole Foods,Subscription,"Madrid, ES"
TXN_003600,USER_021,22.37,2025-11-12 09:27:00,Apple Store,Subscription,"London, UK"
TXN_001703,USER_044,21.06,2025-11-12 09:32:00,Hertz,Other,"London, UK"
TXN_002936,USER_006,4.18,2025-11-12 09:48:00,Walmart,Travel,"Lyon, FR"
TXN_000877,USER_021,36.45,2025-11-12 10:12:00,BestBuy,Fuel,"Paris, FR"
TXN_003478,USER_028,22.82,2025-11-12 10:50:00,Shell Gas,Shopping,"Brussels, BE"
TXN_002332,USER_022,101.88,2025-11-12 12:02:00,Spotify,Utilities,"Madrid, ES"
TXN_000280,USER_026,6.88,2025-11-12 12:08:00,McDonalds,Other,"Rome, IT"
TXN_004957,USER_010,9.2,2025-11-12 12:08:00,Uber,Other,"Rome, IT"
TXN_004584,USER_012,12.87,2025-11-12 12:13:00,Netflix,Utilities,"Lyon, FR"
TXN_002945,USER_050,418.76,2025-11-12 12:25:00,Google Play,Subscription,"Amsterdam, NL"
TXN_003906,USER_025,257.51,2025-11-12 12:32:00,CVS,Entertainment,"Marseille, FR"
TXN_001744,USER_013,30.03,2025-11-12 12:59:00,Netflix,Food,"Paris, FR"
TXN_002724,USER_025,12.7,2025-11-12 13:48:00,Uber,Travel,"Madrid, ES"
TXN_004501,USER_040,290.72,2025-11-12 14:01:00,McDonalds,Healthcare,"Berlin, DE"
TXN_003364,USER_010,346.52,2025-11-12 14:08:00,Hertz,Healthcare,"Amsterdam, NL"
TXN_000406,USER_031,218.02,2025-11-12 14:11:00,Apple Store,Food,"Madrid, ES"
TXN_001470,USER_011,31.08,2025-11-12 14:22:00,Apple Store,Shopping,"Rome, IT"
TXN_001695,USER_015,25.54,2025-11-12 14:36:00,Netflix,Travel,"New York, US"
TXN_001368,USER_005,23.96,2025-11-12 14:43:00,Uber,Fuel,"Berlin, DE"
TXN_003332,USER_041,17.58,2025-11-12 15:18:00,Shell Gas,Transport,"Marseille, FR"
TXN_002005,USER_028,72.2,2025-11-12 15:27:00,Shell Gas,Food,"Paris, FR"
TXN_003527,USER_018,15.81,2025-11-12 15:45:00,Hotels.com,Subscription,"Rome, IT"
TXN_001587,USER_028,61.81,2025-11-12 15:55:00,McDonalds,Transport,"Rome, IT"
TXN_000031,USER_032,25.83,2025-11-12 15:55:00,Google Play,Utilities,"New York, US"
TXN_002175,USER_032,40.11,2025-11-12 16:14:00,Target,Subscription,"Lyon, FR"
TXN_003164,USER_010,32.64,2025-11-12 16:23:00,Whole Foods,Travel,"New York, US"
TXN_004346,USER_047,34.64,2025-11-12 16:29:00,BestBuy,Fuel,"Rome, IT"
TXN_001238,USER_042,16.16,2025-11-12 17:57:00,Hotels.com,Healthcare,"Marseille, FR"
TXN_004175,USER_017,21.49,2025-11-12 18:21:00,Hertz,Transport,"Marseille, FR"
TXN_004247,USER_030,31.41,2025-11-12 18:39:00,McDonalds,Shopping,"Berlin, DE"
TXN_004771,USER_027,33.17,2025-11-12 18:47:00,Delta Airlines,Transport,"Rome, IT"
TXN_002385,USER_017,84.34,2025-11-12 20:31:00,Google Play,Fuel,"Paris, FR"
TXN_001076,USER_021,8.11,2025-11-12 20:37:00,Netflix,Fuel,"Brussels, BE"
TXN_002391,USER_040,28.03,2025-11-13 00:58:00,Google Play,Shopping,"London, UK"
TXN_004840,USER_029,1960.1209336043435,2025-11-13 01:12:00,CVS,Transport,"Moscow, RU"
TXN_000966,USER_038,11.74,2025-11-13 02:18:00,BestBuy,Utilities,"Lyon, FR"
TXN_004488,USER_001,2130.426945081057,2025-11-13 02:39:00,Airbnb,Entertainment,"Moscow, RU"
TXN_001401,USER_015,23.64,2025-11-13 04:38:00,Amazon,Transport,"London, UK"
TXN_004100,USER_047,34.53,2025-11-13 05:26:00,McDonalds,Other,"Rome, IT"
TXN_002283,USER_036,40.47,2025-11-13 05:37:00,PayPal,Food,"Marseille, FR"
TXN_001530,USER_010,86.4,2025-11-13 06:06:00,Netflix,Entertainment,"Amsterdam, NL"
TXN_000668,USER_032,53.59,2025-11-13 06:12:00,PayPal,Transport,"Berlin, DE"
TXN_002477,USER_037,18.36,2025-11-13 06:13:00,Uber,Subscription,"Berlin, DE"
TXN_003134,USER_039,83.29,2025-11-13 06:14:00,Target,Fuel,"Lyon, FR"
TXN_000380,USER_041,28.32,2025-11-13 06:19:00,Hertz,Utilities,"London, UK"
TXN_004856,USER_021,4.27,2025-11-13 06:30:00,Amazon,Subscription,"Marseille, FR"
TXN_000524,USER_007,242.78,2025-11-13 06:53:00,Google Play,Fuel,"Lyon, FR"
TXN_000378,USER_003,34.33,2025-11-13 06:53:00,Walmart,Other,"London, UK"
TXN_001897,USER_046,64.81,2025-11-13 06:58:00,Apple Store,Healthcare,"London, UK"
TXN_004542,USER_027,5.59,2025-11-13 07:16:00,Apple Store,Healthcare,"Amsterdam, NL"
TXN_004612,USER_028,81.27,2025-11-13 07:23:00,Delta Airlines,Food,"Amsterdam, NL"
TXN_004594,USER_016,35.25,2025-11-13 07:55:00,Steam,Shopping,"London, UK"
TXN_003727,USER_032,19.36,2025-11-13 08:01:00,BestBuy,Fuel,"Paris, FR"
TXN_002181,USER_039,8.48,2025-11-13 08:22:00,Amazon,Fuel,"Brussels, BE"
TXN_002809,USER_027,33.68,2025-11-13 08:34:00,Airbnb,Utilities,"Berlin, DE"
TXN_003461,USER_014,107.52,2025-11-13 08:39:00,Amazon,Other,"Lyon, FR"
TXN_001179,USER_040,108.46,2025-11-13 08:41:00,McDonalds,Entertainment,"Berlin, DE"
TXN_004560,USER_006,19.61,2025-11-13 08:53:00,McDonalds,Entertainment,"Marseille, FR"
TXN_003762,USER_004,14.27,2025-11-13 09:04:00,Hertz,Shopping,"Madrid, ES"
TXN_004719,USER_035,55.89,2025-11-13 09:10:00,Whole Foods,Fuel,"New York, US"
TXN_003179,USER_031,25.71,2025-11-13 09:31:00,Whole Foods,Entertainment,"Lyon, FR"
TXN_003087,USER_013,14.85,2025-11-13 11:49:00,Amazon,Utilities,"Lyon, FR"
TXN_001786,USER_032,63.52,2025-11-13 11:59:00,Shell Gas,Food,"Madrid, ES"
TXN_002212,USER_007,14.21,2025-11-13 12:02:00,Walmart,Shopping,"Marseille, FR"
TXN_004095,USER_028,69.61,2025-11-13 12:26:00,Spotify,Entertainment,"Amsterdam, NL"
TXN_003017,USER_019,122.8,2025-11-13 12:49:00,PayPal,Food,"Berlin, DE"
TXN_003411,USER_047,41.1,2025-11-13 13:53:00,Apple Store,Transport,"Amsterdam, NL"
TXN_003624,USER_022,12.97,2025-11-13 13:56:00,Amazon,Shopping,"Paris, FR"
TXN_001379,USER_008,14.31,2025-11-13 14:13:00,Hotels.com,Transport,"Rome, IT"
TXN_002859,USER_020,71.81,2025-11-13 14:39:00,Whole Foods,Other,"Berlin, DE"
TXN_000712,USER_007,66.61,2025-11-13 15:01:00,McDonalds,Utilities,"Lyon, FR"
TXN_003320,USER_002,46.25,2025-11-13 15:06:00,Apple Store,Transport,"Lyon, FR"
TXN_000240,USER_043,2.45,2025-11-13 15:56:00,Amazon,Travel,"New York, US"
TXN_003904,USER_024,570.16,2025-11-13 16:11:00,Whole Foods,Healthcare,"Marseille, FR"
TXN_004732,USER_045,60.46,2025-11-13 16:44:00,CVS,Healthcare,"Lyon, FR"
TXN_003480,USER_049,1.04,2025-11-13 17:12:00,Starbucks,Subscription,"Lyon, FR"
TXN_000881,USER_043,112.28,2025-11-13 17:18:00,McDonalds,Fuel,"New York, US"
TXN_001298,USER_013,34.74,2025-11-13 17:34:00,Whole Foods,Entertainment,"Rome, IT"
TXN_004149,USER_013,468.82,2025-11-13 18:20:00,Whole Foods,Travel,"Marseille, FR"
TXN_004562,USER_009,153.68,2025-11-13 18:29:00,Netflix,Fuel,"Berlin, DE"
TXN_001670,USER_012,66.6,2025-11-13 18:33:00,Walmart,Utilities,"Madrid, ES"
TXN_001213,USER_032,3127.745796468923,2025-11-13 19:52:00,Hotels.com,Food,"Berlin, DE"
TXN_004994,USER_024,227.11,2025-11-13 19:52:00,Google Play,Entertainment,"Paris, FR"
TXN_000822,USER_027,189.76,2025-11-13 22:23:00,Hertz,Shopping,"Lyon, FR"
TXN_002483,USER_010,81.17,2025-11-14 00:08:00,Whole Foods,Other,"Madrid, ES"
TXN_004479,USER_004,2332.255417227505,2025-11-14 02:00:00,Spotify,Healthcare,"Beijing, CN"
TXN_000003,USER_028,46.29,2025-11-14 02:49:00,Target,Entertainment,"New York, US"
TXN_004814,USER_022,77.36,2025-11-14 04:02:00,Uber,Subscription,"London, UK"
TXN_001188,USER_046,35.23,2025-11-14 04:05:00,PayPal,Food,"Rome, IT"
TXN_004709,USER_040,276.93,2025-11-14 04:05:00,Netflix,Fuel,"Amsterdam, NL"
TXN_004862,USER_036,88.69,2025-11-14 04:21:00,Starbucks,Shopping,"New York, US"
TXN_003871,USER_015,78.06,2025-11-14 04:39:00,Target,Other,"Brussels, BE"
TXN_003113,USER_031,19.8,2025-11-14 05:05:00,PayPal,Fuel,"Madrid, ES"
TXN_FRAUD_218_0,USER_031,150.4961675899575,2025-11-14 05:05:00,PayPal,Fuel,"Madrid, ES"
TXN_FRAUD_218_1,USER_031,221.7117106487467,2025-11-14 05:10:00,PayPal,Fuel,"Madrid, ES"
TXN_FRAUD_218_2,USER_031,300.23892044939936,2025-11-14 05:15:00,PayPal,Fuel,"Madrid, ES"
TXN_003605,USER_018,72.87,2025-11-14 05:53:00,Google Play,Entertainment,"Madrid, ES"
TXN_003231,USER_011,6.09,2025-11-14 06:04:00,Hotels.com,Food,"New York, US"
TXN_000466,USER_039,16.14,2025-11-14 06:16:00,CVS,Shopping,"New York, US"
TXN_004141,USER_026,6.0,2025-11-14 06:24:00,Delta Airlines,Subscription,"New York, US"
TXN_003410,USER_002,43.54,2025-11-14 06:36:00,Amazon,Shopping,"Paris, FR"
TXN_003269,USER_004,5.77,2025-11-14 06:41:00,Netflix,Healthcare,"Marseille, FR"
TXN_002807,USER_034,1.71,2025-11-14 07:13:00,PayPal,Shopping,"New York, US"
TXN_002594,USER_023,6.36,2025-11-14 07:22:00,Steam,Entertainment,"Marseille, FR"
TXN_001945,USER_016,6.22,2025-11-14 08:00:00,Starbucks,Utilities,"New York, US"
TXN_001251,USER_011,21.34,2025-11-14 08:32:00,CVS,Utilities,"Amsterdam, NL"
TXN_002324,USER_014,26.85,2025-11-14 08:39:00,Starbucks,Shopping,"Berlin, DE"
TXN_002126,USER_030,13.59,2025-11-14 09:22:00,Starbucks,Subscription,"Marseille, FR"
TXN_000196,USER_032,32.93,2025-11-14 09:56:00,Delta Airlines,Other,"Berlin, DE"
TXN_002274,USER_015,24.65,2025-11-14 10:18:00,Google Play,Entertainment,"Madrid, ES"
TXN_000763,USER_048,46.61,2025-11-14 10:25:00,Whole Foods,Entertainment,"Berlin, DE"
TXN_003375,USER_007,15.81,2025-11-14 11:04:00,Amazon,Other,"Madrid, ES"
TXN_003994,USER_001,208.09,2025-11-14 11:24:00,Walmart,Healthcare,"Paris, FR"
TXN_003568,USER_009,56.06,2025-11-14 11:42:00,Apple Store,Shopping,"Amsterdam, NL"
TXN_002526,USER_007,29.0,2025-11-14 12:11:00,Amazon,Other,"Marseille, FR"
TXN_004784,USER_049,3.63,2025-11-14 12:15:00,Shell Gas,Utilities,"Amsterdam, NL"
TXN_001244,USER_024,357.83,2025-11-14 12:50:00,Whole Foods,Subscription,"Berlin, DE"
TXN_001457,USER_049,84.86,2025-11-14 13:15:00,BestBuy,Healthcare,"Rome, IT"
TXN_003685,USER_040,8.42,2025-11-14 13:16:00,Starbucks,Travel,"Brussels, BE"
TXN_001194,USER_014,220.02,2025-11-14 14:17:00,Steam,Fuel,"Lyon, FR"
TXN_003957,USER_039,135.88,2025-11-14 14:22:00,Apple Store,Travel,"Lyon, FR"
TXN_000430,USER_035,69.57,2025-11-14 14:46:00,McDonalds,Healthcare,"Marseille, FR"
TXN_000574,USER_019,28.99,2025-11-14 15:05:00,Uber,Fuel,"London, UK"
TXN_001425,USER_007,147.44,2025-11-14 15:38:00,Delta Airlines,Other,"Paris, FR"
TXN_001074,USER_001,46.35,2025-11-14 16:06:00,CVS,Shopping,"Brussels, BE"
TXN_001030,USER_045,59.53,2025-11-14 17:09:00,Target,Transport,"Paris, FR"
TXN_004467,USER_040,96.53,2025-11-14 17:34:00,Google Play,Subscription,"Rome, IT"
TXN_003794,USER_042,6.66,2025-11-14 17:43:00,Shell Gas,Utilities,"London, UK"
TXN_000401,USER_033,4.69,2025-11-14 22:50:00,Walmart,Transport,"Berlin, DE"
TXN_000341,USER_013,281.07,2025-11-14 23:08:00,Spotify,Fuel,"Madrid, ES"
TXN_002115,USER_032,217.86,2025-11-14 23:11:00,Spotify,Healthcare,"Madrid, ES"
TXN_004949,USER_032,89.32,2025-11-15 00:20:00,CVS,Fuel,"Rome, IT"
TXN_002605,USER_043,7.52,2025-11-15 00:26:00,Steam,Transport,"London, UK"
TXN_003892,USER_045,33.84,2025-11-15 02:15:00,PayPal,Healthcare,"Madrid, ES"
TXN_001536,USER_046,18.51,2025-11-15 02:48:00,Netflix,Fuel,"Amsterdam, NL"
TXN_001301,USER_022,8.67,2025-11-15 05:13:00,BestBuy,Entertainment,"Brussels, BE"
TXN_001036,USER_041,7.71,2025-11-15 05:35:00,Hertz,Fuel,"Lyon, FR"
TXN_003475,USER_048,18.09,2025-11-15 05:41:00,Google Play,Shopping,"Berlin, DE"
TXN_000803,USER_007,48.99,2025-11-15 05:48:00,Starbucks,Transport,"Berlin, DE"
TXN_000783,USER_005,46.41,2025-11-15 06:07:00,Spotify,Subscription,"Brussels, BE"
TXN_002794,USER_018,61.92,2025-11-15 06:12:00,Netflix,Food,"Rome, IT"
TXN_003280,USER_028,26.71,2025-11-15 06:17:00,Whole Foods,Fuel,"London, UK"
TXN_003329,USER_031,38.91,2025-11-15 06:18:00,Google Play,Healthcare,"Brussels, BE"
TXN_002986,USER_011,99.28,2025-11-15 06:32:00,Google Play,Healthcare,"Rome, IT"
TXN_FRAUD_266_0,USER_011,225.5498147086055,2025-11-15 06:32:00,Google Play,Healthcare,"Rome, IT"
TXN_FRAUD_266_1,USER_011,337.3393670464495,2025-11-15 06:37:00,Google Play,Healthcare,"Rome, IT"
TXN_FRAUD_266_2,USER_011,130.95757063875467,2025-11-15 06:42:00,Google Play,Healthcare,"Rome, IT"
TXN_002365,USER_029,1.01,2025-11-15 07:02:00,Shell Gas,Healthcare,"Marseille, FR"
TXN_004184,USER_001,29.78,2025-11-15 07:07:00,Netflix,Other,"Madrid, ES"
TXN_003798,USER_041,139.54,2025-11-15 07:22:00,Hertz,Shopping,"Madrid, ES"
TXN_002670,USER_012,22.84,2025-11-15 07:26:00,Netflix,Fuel,"London, UK"
TXN_003934,USER_006,44.86,2025-11-15 07:35:00,Google Play,Entertainment,"Rome, IT"
TXN_000811,USER_029,291.1,2025-11-15 07:52:00,Netflix,Travel,"Paris, FR"
TXN_004633,USER_015,38.75,2025-11-15 07:57:00,BestBuy,Travel,"Lyon, FR"
TXN_000724,USER_009,68.0,2025-11-15 08:15:00,Target,Healthcare,"New York, US"
TXN_004181,USER_049,59.76,2025-11-15 08:18:00,Apple Store,Utilities,"Brussels, BE"
TXN_004519,USER_029,2.46,2025-11-15 08:20:00,McDonalds,Food,"New York, US"
TXN_003477,USER_048,9.0,2025-11-15 08:21:00,BestBuy,Food,"Marseille, FR"
TXN_002902,USER_050,186.16,2025-11-15 08:30:00,Delta Airlines,Entertainment,"New York, US"
TXN_000086,USER_017,138.22,2025-11-15 08:33:00,PayPal,Shopping,"Brussels, BE"
TXN_003775,USER_041,29.66,2025-11-15 08:44:00,CVS,Healthcare,"London, UK"
TXN_002885,USER_001,707.27,2025-11-15 08:47:00,Steam,Entertainment,"Lyon, FR"
TXN_000509,USER_018,18.61,2025-11-15 08:47:00,Target,Utilities,"Brussels, BE"
TXN_004265,USER_049,68.34,2025-11-15 08:50:00,Netflix,Other,"Brussels, BE"
TXN_004592,USER_007,30.76,2025-11-15 08:59:00,Target,Transport,"Berlin, DE"
TXN_000338,USER_009,90.26,2025-11-15 09:10:00,Hertz,Travel,"Marseille, FR"
TXN_002921,USER_010,53.42,2025-11-15 09:17:00,PayPal,Fuel,"New York, US"
TXN_002017,USER_008,52.37,2025-11-15 09:25:00,Shell Gas,Entertainment,"Rome, IT"
TXN_002806,USER_026,41.56,2025-11-15 10:10:00,Airbnb,Subscription,"Lagos, NG"
TXN_000935,USER_024,82.79,2025-11-15 10:32:00,Delta Airlines,Healthcare,"New York, US"
TXN_004491,USER_037,17.5,2025-11-15 11:35:00,Delta Airlines,Subscription,"Lyon, FR"
TXN_003342,USER_046,21.03,2025-11-15 12:02:00,Uber,Shopping,"Lyon, FR"
TXN_000508,USER_034,40.84,2025-11-15 13:02:00,Shell Gas,Other,"Rome, IT"
TXN_004233,USER_033,71.7,2025-11-15 14:03:00,Google Play,Fuel,"Madrid, ES"
TXN_002207,USER_034,67.11,2025-11-15 14:09:00,Amazon,Food,"Rome, IT"
TXN_004341,USER_014,120.02,2025-11-15 14:31:00,Google Play,Healthcare,"Madrid, ES"
TXN_004628,USER_024,302.69,2025-11-15 14:40:00,Delta Airlines,Utilities,"Marseille, FR"
TXN_FRAUD_297_0,USER_003,428.2328947483062,2025-11-15 15:07:00,Amazon,Transport,"New York, US"
TXN_003228,USER_003,992.47,2025-11-15 15:07:00,Amazon,Transport,"New York, US"
TXN_FRAUD_297_1,USER_003,446.9051898774402,2025-11-15 15:12:00,Amazon,Transport,"New York, US"
TXN_FRAUD_297_2,USER_003,392.0759053931325,2025-11-15 15:17:00,Amazon,Transport,"New York, US"
TXN_003610,USER_021,21.94,2025-11-15 15:49:00,CVS,Utilities,"Marseille, FR"
TXN_004258,USER_014,8.39,2025-11-15 15:57:00,Whole Foods,Travel,"Berlin, DE"
TXN_003037,USER_005,5.77,2025-11-15 16:00:00,Whole Foods,Shopping,"New York, US"
TXN_000467,USER_048,18.26,2025-11-15 16:13:00,Airbnb,Entertainment,"Brussels, BE"
TXN_001310,USER_049,27.61,2025-11-15 16:25:00,McDonalds,Travel,"Lyon, FR"
TXN_001099,USER_029,76.44,2025-11-15 16:47:00,Uber,Entertainment,"Berlin, DE"
TXN_001086,USER_034,25.91,2025-11-15 17:08:00,Hertz,Other,"Marseille, FR"
TXN_000909,USER_015,7.67,2025-11-15 18:30:00,Shell Gas,Fuel,"Berlin, DE"
TXN_004850,USER_029,72.09,2025-11-15 18:55:00,Hotels.com,Shopping,"Amsterdam, NL"
TXN_003671,USER_049,79.41,2025-11-15 19:00:00,Amazon,Utilities,"London, UK"
TXN_001046,USER_017,18.71,2025-11-15 19:19:00,Airbnb,Fuel,"Lagos, NG"
TXN_004973,USER_038,59.91,2025-11-15 19:25:00,BestBuy,Transport,"Paris, FR"
TXN_FRAUD_309_0,USER_038,426.91937256590336,2025-11-15 19:25:00,BestBuy,Transport,"Paris, FR"
TXN_FRAUD_309_1,USER_038,181.35826496480357,2025-11-15 19:30:00,BestBuy,Transport,"Paris, FR"
TXN_FRAUD_309_2,USER_038,294.7413617696205,2025-11-15 19:35:00,BestBuy,Transport,"Paris, FR"
TXN_004014,USER_034,2403.2818330846835,2025-11-15 20:33:00,Walmart,Travel,"New York, US"
TXN_000577,USER_035,5.08,2025-11-15 20:36:00,Airbnb,Fuel,"New York, US"
TXN_004534,USER_016,40.83,2025-11-15 20:51:00,Amazon,Other,"Amsterdam, NL"
TXN_002350,USER_037,97.92,2025-11-15 21:39:00,Amazon,Entertainment,"Paris, FR"
TXN_004885,USER_009,307.65,2025-11-16 01:04:00,McDonalds,Other,"Brussels, BE"
TXN_003734,USER_008,1616.4243617891443,2025-11-16 01:16:00,Whole Foods,Subscription,"Beijing, CN"
TXN_000744,USER_030,15.59,2025-11-16 03:46:00,Google Play,Entertainment,"London, UK"
TXN_001609,USER_046,35.43,2025-11-16 03:47:00,Airbnb,Subscription,"Lyon, FR"
TXN_001253,USER_037,33.56,2025-11-16 04:30:00,Spotify,Other,"Paris, FR"
TXN_000069,USER_017,2650.524125998636,2025-11-16 04:53:00,PayPal,Utilities,"Moscow, RU"
TXN_004176,USER_015,69.9,2025-11-16 05:25:00,Apple Store,Fuel,"Madrid, ES"
TXN_002240,USER_008,14.75,2025-11-16 05:45:00,Walmart,Other,"London, UK"
TXN_002129,USER_014,64.64,2025-11-16 06:01:00,Amazon,Healthcare,"London, UK"
TXN_002583,USER_050,71.37,2025-11-16 06:07:00,PayPal,Utilities,"Lyon, FR"
TXN_000048,USER_007,19.84,2025-11-16 06:29:00,Hertz,Shopping,"Lyon, FR"
TXN_002846,USER_040,23.75,2025-11-16 06:33:00,Google Play,Other,"Lyon, FR"
TXN_002008,USER_042,56.89,2025-11-16 07:07:00,BestBuy,Utilities,"Berlin, DE"
TXN_004496,USER_027,35.64,2025-11-16 07:57:00,Uber,Utilities,"London, UK"
TXN_004205,USER_024,2.83,2025-11-16 07:58:00,McDonalds,Fuel,"Amsterdam, NL"
TXN_004225,USER_017,35.23,2025-11-16 08:12:00,Google Play,Fuel,"New York, US"
TXN_000318,USER_017,2.28,2025-11-16 08:29:00,Hotels.com,Travel,"Brussels, BE"
TXN_003886,USER_033,3.52,2025-11-16 08:38:00,Hotels.com,Utilities,"Madrid, ES"
TXN_001661,USER_037,57.98,2025-11-16 09:24:00,Delta Airlines,Entertainment,"Rome, IT"
TXN_000846,USER_010,45.33,2025-11-16 09:30:00,Walmart,Entertainment,"London, UK"
TXN_004604,USER_049,3.43,2025-11-16 09:34:00,Delta Airlines,Utilities,"Lyon, FR"
TXN_003861,USER_028,17.57,2025-11-16 09:40:00,Hertz,Entertainment,"Brussels, BE"
TXN_004194,USER_024,281.99,2025-11-16 09:44:00,Shell Gas,Utilities,"Marseille, FR"
TXN_000268,USER_006,36.43,2025-11-16 09:57:00,McDonalds,Other,"Paris, FR"
TXN_003701,USER_031,8.95,2025-11-16 10:15:00,BestBuy,Travel,"Amsterdam, NL"
TXN_FRAUD_337_0,USER_031,264.3297152177356,2025-11-16 10:15:00,BestBuy,Travel,"Amsterdam, NL"
TXN_FRAUD_337_1,USER_031,231.4094468957522,2025-11-16 10:20:00,BestBuy,Travel,"Amsterdam, NL"
TXN_004739,USER_043,16.27,2025-11-16 10:21:00,Airbnb,Subscription,"Amsterdam, NL"
TXN_FRAUD_337_2,USER_031,399.63316151251166,2025-11-16 10:25:00,BestBuy,Travel,"Amsterdam, NL"
TXN_000214,USER_044,194.8,2025-11-16 10:46:00,CVS,Subscription,"London, UK"
TXN_000709,USER_007,13.48,2025-11-16 11:13:00,Whole Foods,Fuel,"Rome, IT"
TXN_000409,USER_047,21.81,2025-11-16 11:25:00,Hotels.com,Transport,"Brussels, BE"
TXN_001205,USER_029,16.84,2025-11-16 11:56:00,Amazon,Subscription,"Paris, FR"
TXN_003953,USER_035,5.13,2025-11-16 12:09:00,Apple Store,Shopping,"Rome, IT"
TXN_002953,USER_011,88.88,2025-11-16 12:29:00,Uber,Utilities,"London, UK"
TXN_002215,USER_045,36.32,2025-11-16 13:04:00,Walmart,Food,"Paris, FR"
TXN_000978,USER_009,21.71,2025-11-16 13:21:00,PayPal,Subscription,"Brussels, BE"
TXN_004394,USER_022,157.78,2025-11-16 13:27:00,Whole Foods,Other,"Amsterdam, NL"
TXN_004018,USER_020,59.95,2025-11-16 13:30:00,BestBuy,Fuel,"Marseille, FR"
TXN_000770,USER_031,86.44,2025-11-16 13:43:00,Whole Foods,Other,"Amsterdam, NL"
TXN_000343,USER_023,44.71,2025-11-16 15:43:00,Apple Store,Utilities,"Lyon, FR"
TXN_004221,USER_019,13.88,2025-11-16 15:44:00,Google Play,Shopping,"Rome, IT"
TXN_000667,USER_030,23.55,2025-11-16 15:58:00,Whole Foods,Healthcare,"Madrid, ES"
TXN_000710,USER_010,43.4,2025-11-16 16:11:00,Amazon,Healthcare,"Lyon, FR"
TXN_002239,USER_044,38.16,2025-11-16 16:29:00,Uber,Food,"New York, US"
TXN_000789,USER_039,11.89,2025-11-16 16:30:00,BestBuy,Shopping,"Paris, FR"
TXN_001161,USER_006,11.54,2025-11-16 16:54:00,PayPal,Transport,"Marseille, FR"
TXN_001152,USER_012,22.55,2025-11-16 17:14:00,Spotify,Utilities,"Rome, IT"
TXN_004767,USER_005,123.29,2025-11-16 17:35:00,Target,Other,"New York, US"
TXN_001006,USER_036,17.27,2025-11-16 18:49:00,Steam,Fuel,"Lyon, FR"
TXN_002460,USER_042,34.89,2025-11-16 20:21:00,Shell Gas,Travel,"Brussels, BE"
TXN_000816,USER_040,10.89,2025-11-16 20:48:00,McDonalds,Fuel,"Rome, IT"
TXN_000679,USER_048,143.96,2025-11-17 00:36:00,Uber,Other,"Madrid, ES"
TXN_001252,USER_017,56.41,2025-11-17 04:28:00,Hotels.com,Other,"Marseille, FR"
TXN_003981,USER_003,23.16,2025-11-17 05:14:00,Hotels.com,Other,"Amsterdam, NL"
TXN_004723,USER_009,18.92,2025-11-17 06:55:00,Starbucks,Entertainment,"Rome, IT"
TXN_002351,USER_005,359.96,2025-11-17 06:56:00,Airbnb,Transport,"London, UK"
TXN_004286,USER_002,32.88,2025-11-17 07:02:00,PayPal,Healthcare,"Lagos, NG"
TXN_002644,USER_047,15.16,2025-11-17 07:06:00,Steam,Shopping,"Berlin, DE"
TXN_001788,USER_030,13.89,2025-11-17 07:11:00,Delta Airlines,Shopping,"Marseille, FR"
TXN_002524,USER_041,192.58,2025-11-17 07:24:00,Amazon,Subscription,"Amsterdam, NL"
TXN_003677,USER_013,15.15,2025-11-17 07:27:00,Shell Gas,Shopping,"Amsterdam, NL"
TXN_003129,USER_027,5.86,2025-11-17 07:36:00,PayPal,Shopping,"Berlin, DE"
TXN_004700,USER_028,242.87,2025-11-17 07:56:00,PayPal,Healthcare,"Rome, IT"
TXN_004829,USER_012,131.03,2025-11-17 08:36:00,Target,Healthcare,"Marseille, FR"
TXN_003983,USER_036,66.43,2025-11-17 08:52:00,Hertz,Healthcare,"Rome, IT"
TXN_000717,USER_037,440.05,2025-11-17 08:57:00,BestBuy,Food,"Berlin, DE"
TXN_001231,USER_019,6.6,2025-11-17 09:11:00,Hertz,Shopping,"Paris, FR"
TXN_001115,USER_018,23.71,2025-11-17 09:28:00,Netflix,Healthcare,"Paris, FR"
TXN_002085,USER_010,189.94,2025-11-17 09:44:00,Walmart,Other,"Marseille, FR"
TXN_003966,USER_023,42.07,2025-11-17 09:48:00,McDonalds,Healthcare,"Paris, FR"
TXN_002672,USER_020,17.73,2025-11-17 10:01:00,Uber,Entertainment,"Amsterdam, NL"
TXN_004679,USER_011,87.67,2025-11-17 10:37:00,Spotify,Transport,"Amsterdam, NL"
TXN_001834,USER_006,46.05,2025-11-17 11:56:00,Google Play,Subscription,"Lagos, NG"
TXN_004919,USER_023,20.45,2025-11-17 13:02:00,PayPal,Food,"Amsterdam, NL"
TXN_004371,USER_005,71.93,2025-11-17 13:09:00,Walmart,Fuel,"Paris, FR"
TXN_000582,USER_014,7.36,2025-11-17 14:24:00,Google Play,Fuel,"London, UK"
TXN_000017,USER_050,9.72,2025-11-17 15:02:00,Walmart,Travel,"Madrid, ES"
TXN_003614,USER_036,9.57,2025-11-17 15:26:00,Starbucks,Subscription,"Paris, FR"
TXN_000291,USER_038,13.89,2025-11-17 16:10:00,Delta Airlines,Food,"London, UK"
TXN_000111,USER_027,70.53,2025-11-17 18:01:00,PayPal,Healthcare,"Amsterdam, NL"
TXN_003732,USER_003,29.91,2025-11-17 18:05:00,Steam,Healthcare,"Madrid, ES"
TXN_001982,USER_032,21.5,2025-11-17 18:10:00,Amazon,Other,"Rome, IT"
TXN_004686,USER_005,132.41,2025-11-17 18:15:00,Hertz,Shopping,"Lyon, FR"
TXN_001719,USER_044,72.65,2025-11-17 18:23:00,Walmart,Utilities,"Madrid, ES"
TXN_000468,USER_014,27.07,2025-11-17 18:56:00,Delta Airlines,Utilities,"New York, US"
TXN_003449,USER_045,77.74,2025-11-17 19:31:00,Apple Store,Shopping,"London, UK"
TXN_000663,USER_001,177.13,2025-11-17 19:41:00,Uber,Transport,"New York, US"
TXN_004651,USER_043,22.07,2025-11-17 20:01:00,BestBuy,Subscription,"Berlin, DE"
TXN_002528,USER_008,139.75,2025-11-17 20:16:00,Walmart,Travel,"Lyon, FR"
TXN_000449,USER_008,143.71,2025-11-17 21:41:00,Hertz,Fuel,"New York, US"
TXN_003062,USER_031,7.04,2025-11-17 22:34:00,Starbucks,Entertainment,"Lyon, FR"
TXN_000367,USER_006,723.36,2025-11-18 01:07:00,Steam,Subscription,"Brussels, BE"
TXN_002741,USER_020,163.77,2025-11-18 01:15:00,Spotify,Entertainment,"Lyon, FR"
TXN_002241,USER_016,136.05,2025-11-18 01:22:00,BestBuy,Utilities,"New York, US"
TXN_003786,USER_040,291.14,2025-11-18 02:53:00,Spotify,Food,"New York, US"
TXN_004191,USER_014,100.35,2025-11-18 04:04:00,Google Play,Fuel,"London, UK"
TXN_001123,USER_021,8.79,2025-11-18 04:23:00,Hertz,Food,"Marseille, FR"
TXN_004227,USER_033,5.54,2025-11-18 04:59:00,Starbucks,Travel,"Amsterdam, NL"
TXN_002980,USER_004,10.26,2025-11-18 06:19:00,Google Play,Shopping,"Amsterdam, NL"
TXN_004304,USER_047,38.88,2025-11-18 06:21:00,Hotels.com,Travel,"Paris, FR"
TXN_001290,USER_026,30.27,2025-11-18 06:22:00,Uber,Shopping,"Madrid, ES"
TXN_003118,USER_031,12.64,2025-11-18 06:38:00,McDonalds,Other,"Madrid, ES"
TXN_001299,USER_025,44.36,2025-11-18 06:38:00,Hertz,Utilities,"Rome, IT"
TXN_003522,USER_004,108.34,2025-11-18 07:12:00,Delta Airlines,Shopping,"Amsterdam, NL"
TXN_001675,USER_027,6.05,2025-11-18 07:18:00,Amazon,Healthcare,"New York, US"
TXN_002022,USER_028,82.84,2025-11-18 07:18:00,PayPal,Fuel,"Brussels, BE"
TXN_000056,USER_012,50.13,2025-11-18 07:26:00,Target,Entertainment,"Madrid, ES"
TXN_003572,USER_041,263.24,2025-11-18 07:29:00,Target,Utilities,"Berlin, DE"
TXN_002910,USER_044,35.64,2025-11-18 08:14:00,Delta Airlines,Fuel,"Paris, FR"
TXN_002380,USER_021,7.65,2025-11-18 08:16:00,McDonalds,Utilities,"London, UK"
TXN_003328,USER_009,4.22,2025-11-18 08:54:00,Whole Foods,Shopping,"Lyon, FR"
TXN_002247,USER_044,42.99,2025-11-18 08:58:00,McDonalds,Travel,"Rome, IT"
TXN_002662,USER_043,71.0,2025-11-18 09:09:00,Uber,Utilities,"New York, US"
TXN_004380,USER_006,4.02,2025-11-18 10:32:00,Shell Gas,Entertainment,"Brussels, BE"
TXN_003114,USER_005,37.02,2025-11-18 10:53:00,Netflix,Travel,"Rome, IT"
TXN_000018,USER_018,27.27,2025-11-18 11:01:00,Whole Foods,Travel,"New York, US"
TXN_001513,USER_033,125.91,2025-11-18 11:10:00,PayPal,Other,"Brussels, BE"
TXN_003859,USER_033,65.8,2025-11-18 11:41:00,PayPal,Travel,"Marseille, FR"
TXN_002754,USER_027,24.62,2025-11-18 11:55:00,Hotels.com,Subscription,"Madrid, ES"
TXN_002112,USER_011,18.89,2025-11-18 12:05:00,Whole Foods,Travel,"Berlin, DE"
TXN_003749,USER_001,31.33,2025-11-18 12:33:00,Netflix,Transport,"Madrid, ES"
TXN_001717,USER_045,25.06,2025-11-18 12:38:00,Starbucks,Shopping,"Rome, IT"
TXN_004631,USER_033,38.63,2025-11-18 13:02:00,Amazon,Shopping,"London, UK"
TXN_001053,USER_047,5.22,2025-11-18 13:30:00,Hertz,Healthcare,"New York, US"
TXN_002785,USER_039,307.82,2025-11-18 14:51:00,PayPal,Transport,"Marseille, FR"
TXN_000726,USER_047,21.68,2025-11-18 14:53:00,Steam,Fuel,"Madrid, ES"
TXN_003158,USER_003,7.64,2025-11-18 15:05:00,BestBuy,Fuel,"Brussels, BE"
TXN_002294,USER_008,8.91,2025-11-18 15:48:00,Starbucks,Other,"Lyon, FR"
TXN_001684,USER_037,6.95,2025-11-18 16:07:00,Target,Healthcare,"Lyon, FR"
TXN_003029,USER_022,94.99,2025-11-18 16:19:00,Steam,Fuel,"Paris, FR"
TXN_001488,USER_021,12.51,2025-11-18 16:28:00,Shell Gas,Healthcare,"London, UK"
TXN_003389,USER_045,2519.7879283959164,2025-11-18 16:41:00,McDonalds,Subscription,"Madrid, ES"
TXN_000892,USER_040,30.86,2025-11-18 16:45:00,Shell Gas,Travel,"Rome, IT"
TXN_001842,USER_032,88.56,2025-11-18 17:00:00,Walmart,Transport,"New York, US"
TXN_003648,USER_012,35.94,2025-11-18 17:17:00,Shell Gas,Entertainment,"Rome, IT"
TXN_000290,USER_029,29.91,2025-11-18 17:18:00,Airbnb,Utilities,"London, UK"
TXN_003153,USER_001,22.57,2025-11-18 19:00:00,Netflix,Subscription,"Rome, IT"
TXN_004961,USER_029,13.66,2025-11-18 19:06:00,Steam,Food,"Amsterdam, NL"
TXN_004151,USER_038,13.8,2025-11-18 19:10:00,Amazon,Travel,"Rome, IT"
TXN_004898,USER_001,70.97,2025-11-18 20:06:00,Spotify,Shopping,"Rome, IT"
TXN_004231,USER_050,15.91,2025-11-18 23:38:00,McDonalds,Food,"Marseille, FR"
TXN_003206,USER_014,49.41,2025-11-19 00:26:00,Google Play,Utilities,"Lyon, FR"
TXN_000665,USER_017,58.34,2025-11-19 01:49:00,Target,Entertainment,"Rome, IT"
TXN_003472,USER_010,7.73,2025-11-19 02:03:00,Airbnb,Utilities,"Berlin, DE"
TXN_000604,USER_031,17.1,2025-11-19 03:02:00,Steam,Food,"Lyon, FR"
TXN_003265,USER_010,74.23,2025-11-19 03:06:00,Apple Store,Travel,"Amsterdam, NL"
TXN_002113,USER_006,25.96,2025-11-19 03:59:00,Airbnb,Utilities,"Rome, IT"
TXN_001328,USER_008,53.26,2025-11-19 04:45:00,Uber,Subscription,"Amsterdam, NL"
TXN_003176,USER_046,60.97,2025-11-19 05:26:00,Steam,Transport,"Madrid, ES"
TXN_002436,USER_044,56.05,2025-11-19 05:33:00,Apple Store,Shopping,"Madrid, ES"
TXN_002339,USER_032,4.59,2025-11-19 05:39:00,Whole Foods,Other,"Paris, FR"
TXN_003542,USER_029,78.3,2025-11-19 05:45:00,Hertz,Utilities,"London, UK"
TXN_002109,USER_039,20.87,2025-11-19 05:57:00,Whole Foods,Subscription,"Lyon, FR"
TXN_000361,USER_009,12.69,2025-11-19 06:16:00,McDonalds,Subscription,"Lyon, FR"
TXN_000356,USER_029,27.69,2025-11-19 06:24:00,Starbucks,Fuel,"Berlin, DE"
TXN_001454,USER_007,62.46,2025-11-19 06:30:00,Delta Airlines,Subscription,"Rome, IT"
TXN_002720,USER_049,4.39,2025-11-19 06:37:00,PayPal,Utilities,"Rome, IT"
TXN_002340,USER_023,68.41,2025-11-19 07:14:00,CVS,Other,"Lyon, FR"
TXN_000541,USER_025,15.46,2025-11-19 07:16:00,CVS,Subscription,"Amsterdam, NL"
TXN_004677,USER_007,6.06,2025-11-19 07:41:00,Airbnb,Travel,"Rome, IT"
TXN_000062,USER_007,4.45,2025-11-19 08:22:00,Shell Gas,Fuel,"London, UK"
TXN_002788,USER_023,70.24,2025-11-19 09:02:00,Netflix,Transport,"Lagos, NG"
TXN_003319,USER_024,1064.27,2025-11-19 09:19:00,Spotify,Utilities,"Madrid, ES"
TXN_004034,USER_050,71.95,2025-11-19 09:31:00,Amazon,Transport,"Amsterdam, NL"
TXN_002223,USER_045,13.3,2025-11-19 09:52:00,Hotels.com,Shopping,"New York, US"
TXN_001204,USER_011,15.78,2025-11-19 10:07:00,CVS,Travel,"Brussels, BE"
TXN_002468,USER_005,105.72,2025-11-19 10:20:00,PayPal,Shopping,"Paris, FR"
TXN_004653,USER_019,177.92,2025-11-19 10:41:00,Spotify,Fuel,"Berlin, DE"
TXN_004405,USER_010,149.33,2025-11-19 11:16:00,Whole Foods,Subscription,"Brussels, BE"
TXN_001552,USER_027,27.66,2025-11-19 12:03:00,Hotels.com,Food,"Berlin, DE"
TXN_001917,USER_026,177.77,2025-11-19 12:21:00,Spotify,Utilities,"New York, US"
TXN_000072,USER_008,176.05,2025-11-19 12:44:00,Starbucks,Fuel,"Paris, FR"
TXN_002216,USER_020,38.43,2025-11-19 13:04:00,Apple Store,Other,"Madrid, ES"
TXN_000688,USER_024,17.44,2025-11-19 13:11:00,Steam,Other,"Lyon, FR"
TXN_002847,USER_050,18.18,2025-11-19 13:27:00,Target,Fuel,"Madrid, ES"
TXN_004641,USER_035,204.79,2025-11-19 13:45:00,Airbnb,Subscription,"Berlin, DE"
TXN_001303,USER_015,15.19,2025-11-19 13:50:00,Starbucks,Subscription,"Paris, FR"
TXN_000696,USER_048,7.54,2025-11-19 14:03:00,Google Play,Travel,"Marseille, FR"
TXN_003936,USER_030,226.48,2025-11-19 14:39:00,PayPal,Other,"Berlin, DE"
TXN_004139,USER_020,61.34,2025-11-19 15:00:00,Whole Foods,Entertainment,"Madrid, ES"
TXN_002572,USER_035,14.82,2025-11-19 15:10:00,Hotels.com,Other,"Paris, FR"
TXN_002018,USER_007,12.36,2025-11-19 15:22:00,CVS,Travel,"London, UK"
TXN_003944,USER_014,64.56,2025-11-19 15:50:00,Netflix,Travel,"Paris, FR"
TXN_004262,USER_025,10.35,2025-11-19 16:09:00,Netflix,Other,"Brussels, BE"
TXN_000632,USER_041,65.62,2025-11-19 16:19:00,Airbnb,Fuel,"Berlin, DE"
TXN_001950,USER_014,6.86,2025-11-19 16:28:00,Netflix,Entertainment,"Berlin, DE"
TXN_000039,USER_001,199.24,2025-11-19 16:33:00,Walmart,Entertainment,"Lyon, FR"
TXN_000618,USER_050,11.02,2025-11-19 16:49:00,Whole Foods,Food,"Paris, FR"
TXN_000061,USER_049,32.39,2025-11-19 18:48:00,Airbnb,Other,"Amsterdam, NL"
TXN_004325,USER_018,9.95,2025-11-19 20:20:00,Shell Gas,Other,"Brussels, BE"
TXN_004708,USER_050,3574.3928211578977,2025-11-19 20:45:00,Google Play,Utilities,"New York, US"
TXN_000167,USER_010,3.88,2025-11-19 20:51:00,McDonalds,Utilities,"Amsterdam, NL"
TXN_002821,USER_045,32.54,2025-11-19 21:00:00,Target,Food,"Amsterdam, NL"
TXN_004413,USER_008,47.42,2025-11-19 22:24:00,Uber,Other,"Rome, IT"
TXN_000206,USER_012,308.57,2025-11-20 00:27:00,Steam,Other,"New York, US"
TXN_004876,USER_049,2118.8291963655156,2025-11-20 01:32:00,Hertz,Subscription,"Moscow, RU"
TXN_002222,USER_046,60.84,2025-11-20 04:10:00,Hertz,Entertainment,"New York, US"
TXN_003720,USER_030,29.88,2025-11-20 05:00:00,Delta Airlines,Shopping,"Madrid, ES"
TXN_001157,USER_029,152.86,2025-11-20 05:26:00,CVS,Shopping,"New York, US"
TXN_002434,USER_023,3.78,2025-11-20 05:35:00,Uber,Food,"Berlin, DE"
TXN_003704,USER_047,54.21,2025-11-20 06:15:00,PayPal,Other,"Paris, FR"
TXN_003412,USER_006,13.77,2025-11-20 06:32:00,Shell Gas,Subscription,"Lagos, NG"
TXN_003722,USER_022,28.66,2025-11-20 07:51:00,Spotify,Travel,"Brussels, BE"
TXN_004414,USER_035,80.72,2025-11-20 08:05:00,Apple Store,Other,"Paris, FR"
TXN_000058,USER_040,27.13,2025-11-20 08:14:00,Whole Foods,Other,"Brussels, BE"
TXN_004668,USER_048,54.32,2025-11-20 08:45:00,Apple Store,Other,"Rome, IT"
TXN_001775,USER_022,59.04,2025-11-20 09:08:00,Shell Gas,Healthcare,"Madrid, ES"
TXN_002900,USER_012,15.7,2025-11-20 09:36:00,Target,Entertainment,"Madrid, ES"
TXN_001999,USER_032,164.73,2025-11-20 09:36:00,PayPal,Entertainment,"Amsterdam, NL"
TXN_004193,USER_015,44.09,2025-11-20 09:52:00,Uber,Fuel,"Brussels, BE"
TXN_001639,USER_027,4.58,2025-11-20 09:53:00,Walmart,Healthcare,"Marseille, FR"
TXN_002417,USER_033,93.03,2025-11-20 09:57:00,Amazon,Other,"Amsterdam, NL"
TXN_001949,USER_030,11.28,2025-11-20 10:04:00,PayPal,Transport,"Brussels, BE"
TXN_002580,USER_030,16.38,2025-11-20 10:10:00,BestBuy,Healthcare,"Paris, FR"
TXN_002072,USER_025,296.7,2025-11-20 10:25:00,PayPal,Fuel,"Amsterdam, NL"
TXN_004599,USER_004,4.65,2025-11-20 10:53:00,Netflix,Shopping,"Paris, FR"
TXN_003249,USER_007,7.03,2025-11-20 10:53:00,Amazon,Transport,"Brussels, BE"
TXN_002402,USER_024,11.34,2025-11-20 11:10:00,Hertz,Fuel,"Lyon, FR"
TXN_FRAUD_529_0,USER_024,117.69548779941536,2025-11-20 11:10:00,Hertz,Fuel,"Lyon, FR"
TXN_FRAUD_529_1,USER_024,296.3319192168225,2025-11-20 11:15:00,Hertz,Fuel,"Lyon, FR"
TXN_FRAUD_529_2,USER_024,284.09666571328785,2025-11-20 11:20:00,Hertz,Fuel,"Lyon, FR"
TXN_000297,USER_022,19.1,2025-11-20 11:20:00,McDonalds,Shopping,"New York, US"
TXN_003964,USER_045,25.57,2025-11-20 11:31:00,McDonalds,Shopping,"Lyon, FR"
TXN_000269,USER_044,12.52,2025-11-20 12:05:00,Airbnb,Healthcare,"Rome, IT"
TXN_001576,USER_003,73.18,2025-11-20 12:14:00,Spotify,Travel,"Amsterdam, NL"
TXN_002479,USER_041,37.15,2025-11-20 12:54:00,Hertz,Transport,"New York, US"
TXN_003830,USER_007,634.73,2025-11-20 12:59:00,Netflix,Food,"Lyon, FR"
TXN_002050,USER_050,289.41,2025-11-20 13:05:00,Starbucks,Other,"Paris, FR"
TXN_004499,USER_018,55.81,2025-11-20 13:57:00,Amazon,Other,"London, UK"
TXN_001511,USER_018,64.71,2025-11-20 14:40:00,Hotels.com,Subscription,"Madrid, ES"
TXN_004167,USER_016,155.5,2025-11-20 14:42:00,Apple Store,Other,"London, UK"
TXN_000550,USER_027,32.23,2025-11-20 14:55:00,Starbucks,Travel,"London, UK"
TXN_001000,USER_005,120.47,2025-11-20 14:58:00,Apple Store,Entertainment,"Berlin, DE"
TXN_001363,USER_006,39.85,2025-11-20 15:13:00,McDonalds,Utilities,"Lyon, FR"
TXN_001100,USER_010,136.86,2025-11-20 15:55:00,Walmart,Entertainment,"Amsterdam, NL"
TXN_000305,USER_046,13.9,2025-11-20 16:07:00,Hertz,Healthcare,"Berlin, DE"
TXN_001495,USER_004,2868.539691283494,2025-11-20 16:08:00,CVS,Utilities,"Lyon, FR"
TXN_002955,USER_043,67.9,2025-11-20 16:09:00,Hertz,Shopping,"Marseille, FR"
TXN_003537,USER_035,5.98,2025-11-20 16:17:00,Amazon,Entertainment,"Marseille, FR"
TXN_002875,USER_025,19.89,2025-11-20 16:19:00,Amazon,Subscription,"Lyon, FR"
TXN_004933,USER_035,27.15,2025-11-20 16:34:00,BestBuy,Travel,"Rome, IT"
TXN_001716,USER_008,46.01,2025-11-20 16:51:00,Walmart,Healthcare,"Berlin, DE"
TXN_003756,USER_008,110.07,2025-11-20 17:16:00,Amazon,Fuel,"Brussels, BE"
TXN_003187,USER_017,27.26,2025-11-20 18:21:00,Netflix,Subscription,"Marseille, FR"
TXN_000346,USER_018,37.34,2025-11-20 18:34:00,PayPal,Food,"Madrid, ES"
TXN_002260,USER_048,34.52,2025-11-20 23:00:00,Steam,Food,"London, UK"
TXN_FRAUD_555_0,USER_048,169.54705639309617,2025-11-20 23:00:00,Steam,Food,"London, UK"
TXN_FRAUD_555_1,USER_048,121.80350640321521,2025-11-20 23:05:00,Steam,Food,"London, UK"
TXN_FRAUD_555_2,USER_048,424.0959274272419,2025-11-20 23:10:00,Steam,Food,"London, UK"
TXN_002815,USER_007,24.32,2025-11-21 00:28:00,Steam,Travel,"Amsterdam, NL"
TXN_002149,USER_007,8.74,2025-11-21 00:39:00,BestBuy,Food,"Paris, FR"
TXN_001247,USER_040,180.05,2025-11-21 01:03:00,Hotels.com,Food,"Brussels, BE"
TXN_004232,USER_006,60.77,2025-11-21 01:51:00,BestBuy,Fuel,"Rome, IT"
TXN_004202,USER_042,11.34,2025-11-21 03:29:00,Hotels.com,Subscription,"London, UK"
TXN_003894,USER_020,39.85,2025-11-21 03:33:00,Target,Entertainment,"London, UK"
TXN_000479,USER_024,4.06,2025-11-21 04:22:00,Shell Gas,Shopping,"London, UK"
TXN_002968,USER_012,5.91,2025-11-21 04:33:00,Target,Shopping,"Madrid, ES"
TXN_000254,USER_005,16.93,2025-11-21 04:41:00,Target,Food,"Madrid, ES"
TXN_000658,USER_008,4.93,2025-11-21 04:58:00,Spotify,Other,"Paris, FR"
TXN_000185,USER_027,69.17,2025-11-21 05:02:00,BestBuy,Subscription,"Lyon, FR"
TXN_004799,USER_012,8.5,2025-11-21 05:13:00,Netflix,Entertainment,"Berlin, DE"
TXN_004971,USER_042,0.76,2025-11-21 05:29:00,PayPal,Utilities,"Paris, FR"
TXN_004390,USER_032,18.96,2025-11-21 05:35:00,Hotels.com,Subscription,"Madrid, ES"
TXN_001549,USER_023,21.0,2025-11-21 06:01:00,Spotify,Transport,"Marseille, FR"
TXN_001955,USER_041,16.17,2025-11-21 06:11:00,Apple Store,Utilities,"Marseille, FR"
TXN_002719,USER_033,93.92,2025-11-21 06:24:00,Airbnb,Other,"New York, US"
TXN_004490,USER_011,70.72,2025-11-21 06:54:00,Shell Gas,Fuel,"Madrid, ES"
TXN_002537,USER_030,28.42,2025-11-21 06:55:00,Target,Transport,"Lyon, FR"
TXN_003140,USER_022,31.85,2025-11-21 07:32:00,Hotels.com,Travel,"Brussels, BE"
TXN_000777,USER_032,74.91,2025-11-21 07:56:00,CVS,Healthcare,"Madrid, ES"
TXN_000957,USER_011,41.9,2025-11-21 08:05:00,Steam,Travel,"Madrid, ES"
TXN_003606,USER_020,28.02,2025-11-21 09:08:00,Spotify,Subscription,"Lyon, FR"
TXN_004780,USER_046,235.39,2025-11-21 09:15:00,Spotify,Transport,"New York, US"
TXN_002544,USER_017,7.69,2025-11-21 09:19:00,Google Play,Other,"Berlin, DE"
TXN_003166,USER_011,33.46,2025-11-21 09:24:00,CVS,Utilities,"Rome, IT"
TXN_001864,USER_050,8.09,2025-11-21 09:29:00,Steam,Healthcare,"Amsterdam, NL"
TXN_000321,USER_028,96.63,2025-11-21 09:46:00,Uber,Subscription,"Berlin, DE"
TXN_001429,USER_002,49.43,2025-11-21 09:57:00,Netflix,Other,"Berlin, DE"
TXN_004952,USER_006,5.19,2025-11-21 10:00:00,Starbucks,Healthcare,"Madrid, ES"
TXN_000143,USER_002,13.78,2025-11-21 10:06:00,Uber,Healthcare,"New York, US"
TXN_003190,USER_015,63.98,2025-11-21 10:27:00,Walmart,Other,"Marseille, FR"
TXN_002566,USER_028,33.52,2025-11-21 10:34:00,Uber,Transport,"Brussels, BE"
TXN_003893,USER_018,83.43,2025-11-21 10:52:00,Amazon,Healthcare,"Berlin, DE"
TXN_001843,USER_009,80.97,2025-11-21 10:59:00,Whole Foods,Fuel,"New York, US"
TXN_004148,USER_039,4.23,2025-11-21 11:28:00,Steam,Travel,"London, UK"
TXN_003405,USER_035,53.42,2025-11-21 12:04:00,Netflix,Travel,"Brussels, BE"
TXN_000666,USER_009,39.14,2025-11-21 13:45:00,Apple Store,Food,"Paris, FR"
TXN_001509,USER_020,30.59,2025-11-21 13:47:00,Uber,Utilities,"New York, US"
TXN_003097,USER_035,72.01,2025-11-21 13:53:00,Uber,Food,"Rome, IT"
TXN_003907,USER_002,72.57,2025-11-21 13:56:00,PayPal,Travel,"Rome, IT"
TXN_FRAUD_593_0,USER_002,182.45217079608767,2025-11-21 13:56:00,PayPal,Travel,"Rome, IT"
TXN_FRAUD_593_1,USER_002,133.72309304646393,2025-11-21 14:01:00,PayPal,Travel,"Rome, IT"
TXN_FRAUD_593_2,USER_002,136.83968466019252,2025-11-21 14:06:00,PayPal,Travel,"Rome, IT"
TXN_003301,USER_023,3.04,2025-11-21 14:10:00,McDonalds,Healthcare,"New York, US"
TXN_004489,USER_030,13.98,2025-11-21 15:00:00,Walmart,Subscription,"Marseille, FR"
TXN_003884,USER_025,7.09,2025-11-21 15:06:00,Walmart,Entertainment,"Brussels, BE"
TXN_002738,USER_014,19.42,2025-11-21 15:39:00,Delta Airlines,Travel,"Rome, IT"
TXN_004070,USER_033,119.94,2025-11-21 15:40:00,Apple Store,Transport,"Madrid, ES"
TXN_001275,USER_040,65.51,2025-11-21 15:51:00,CVS,Entertainment,"Amsterdam, NL"
TXN_001028,USER_015,8.9,2025-11-21 15:57:00,Amazon,Subscription,"New York, US"
TXN_004567,USER_040,9.82,2025-11-21 16:09:00,Uber,Shopping,"Berlin, DE"
TXN_001395,USER_039,20.75,2025-11-21 16:57:00,Shell Gas,Utilities,"Rome, IT"
TXN_001586,USER_013,12.01,2025-11-21 17:07:00,Airbnb,Transport,"Rome, IT"
TXN_002878,USER_013,8.07,2025-11-21 17:07:00,Whole Foods,Other,"Brussels, BE"
TXN_000438,USER_021,30.07,2025-11-21 17:13:00,BestBuy,Transport,"Marseille, FR"
TXN_002871,USER_034,34.77,2025-11-21 17:30:00,Apple Store,Fuel,"Amsterdam, NL"
TXN_004698,USER_035,3.73,2025-11-21 18:58:00,Whole Foods,Food,"Madrid, ES"
TXN_002016,USER_025,117.37,2025-11-21 19:44:00,BestBuy,Transport,"Amsterdam, NL"
TXN_000202,USER_048,107.79,2025-11-21 21:15:00,BestBuy,Food,"Rome, IT"
TXN_000697,USER_041,76.25,2025-11-21 21:40:00,Apple Store,Subscription,"Paris, FR"
TXN_000387,USER_010,4.46,2025-11-21 22:51:00,Spotify,Healthcare,"Amsterdam, NL"
TXN_001767,USER_015,217.32,2025-11-22 00:55:00,Target,Travel,"Paris, FR"
TXN_001667,USER_008,55.04,2025-11-22 01:22:00,McDonalds,Utilities,"Marseille, FR"
TXN_000043,USER_007,6.03,2025-11-22 01:30:00,PayPal,Travel,"Madrid, ES"
TXN_004781,USER_046,150.06,2025-11-22 02:12:00,Google Play,Utilities,"London, UK"
TXN_000651,USER_038,26.4,2025-11-22 03:20:00,Starbucks,Healthcare,"Lyon, FR"
TXN_001313,USER_009,63.39,2025-11-22 03:38:00,CVS,Healthcare,"Marseille, FR"
TXN_000678,USER_011,57.07,2025-11-22 04:03:00,Uber,Utilities,"Brussels, BE"
TXN_002236,USER_024,28.44,2025-11-22 04:51:00,Steam,Healthcare,"New York, US"
TXN_002111,USER_032,59.26,2025-11-22 05:17:00,Apple Store,Transport,"London, UK"
TXN_002856,USER_049,87.07,2025-11-22 05:21:00,Netflix,Shopping,"Amsterdam, NL"
TXN_001321,USER_034,203.63,2025-11-22 05:27:00,Google Play,Fuel,"Brussels, BE"
TXN_003718,USER_034,121.73,2025-11-22 05:39:00,Google Play,Subscription,"Lyon, FR"
TXN_001960,USER_039,21.34,2025-11-22 05:45:00,Walmart,Transport,"Berlin, DE"
TXN_000595,USER_003,2.68,2025-11-22 06:28:00,Airbnb,Shopping,"Lyon, FR"
TXN_000701,USER_025,10.09,2025-11-22 06:41:00,Hotels.com,Other,"New York, US"
TXN_000008,USER_025,103.59,2025-11-22 07:10:00,Google Play,Other,"London, UK"
TXN_000662,USER_016,10.75,2025-11-22 07:17:00,BestBuy,Transport,"Lyon, FR"
TXN_004536,USER_008,45.09,2025-11-22 07:34:00,Uber,Subscription,"Lyon, FR"
TXN_002753,USER_011,31.15,2025-11-22 07:48:00,Google Play,Entertainment,"Lyon, FR"
TXN_002410,USER_048,16.33,2025-11-22 07:56:00,Walmart,Healthcare,"Paris, FR"
TXN_003545,USER_003,19.72,2025-11-22 08:15:00,Netflix,Utilities,"Paris, FR"
TXN_000324,USER_021,65.54,2025-11-22 08:41:00,Apple Store,Transport,"Marseille, FR"
TXN_002295,USER_034,9.02,2025-11-22 09:03:00,Shell Gas,Food,"Rome, IT"
TXN_003100,USER_027,79.47,2025-11-22 09:48:00,Starbucks,Other,"Paris, FR"
TXN_003791,USER_033,24.54,2025-11-22 10:13:00,Apple Store,Shopping,"Marseille, FR"
TXN_000766,USER_019,8.63,2025-11-22 10:18:00,Starbucks,Utilities,"Brussels, BE"
TXN_001534,USER_005,36.22,2025-11-22 10:23:00,Walmart,Shopping,"Berlin, DE"
TXN_000800,USER_047,12.47,2025-11-22 10:45:00,Netflix,Entertainment,"Rome, IT"
TXN_000890,USER_017,36.18,2025-11-22 11:00:00,Whole Foods,Subscription,"Berlin, DE"
TXN_003697,USER_050,38.99,2025-11-22 11:02:00,Airbnb,Food,"Marseille, FR"
TXN_001720,USER_026,18.77,2025-11-22 11:27:00,PayPal,Entertainment,"Amsterdam, NL"
TXN_004462,USER_017,334.75,2025-11-22 12:02:00,Amazon,Other,"Paris, FR"
TXN_003322,USER_008,284.29,2025-11-22 12:04:00,Apple Store,Travel,"Lyon, FR"
TXN_002048,USER_039,22.18,2025-11-22 12:12:00,Steam,Shopping,"Lyon, FR"
TXN_004436,USER_008,48.86,2025-11-22 12:12:00,Spotify,Entertainment,"Madrid, ES"
TXN_000426,USER_004,101.03,2025-11-22 13:14:00,Apple Store,Subscription,"Lyon, FR"
TXN_000228,USER_008,62.97,2025-11-22 14:03:00,Hertz,Transport,"Madrid, ES"
TXN_001474,USER_032,69.51,2025-11-22 14:32:00,Shell Gas,Travel,"Rome, IT"
TXN_001613,USER_047,44.66,2025-11-22 14:57:00,Google Play,Travel,"Marseille, FR"
TXN_003744,USER_025,101.83,2025-11-22 14:57:00,Shell Gas,Subscription,"London, UK"
TXN_004803,USER_048,4.37,2025-11-22 15:06:00,Uber,Subscription,"Brussels, BE"
TXN_004953,USER_007,48.01,2025-11-22 15:09:00,Hertz,Utilities,"Brussels, BE"
TXN_004480,USER_028,8.81,2025-11-22 15:32:00,Steam,Entertainment,"Paris, FR"
TXN_003665,USER_044,181.65,2025-11-22 15:56:00,Google Play,Healthcare,"Paris, FR"
TXN_004502,USER_021,53.47,2025-11-22 16:02:00,Starbucks,Subscription,"Madrid, ES"
TXN_003167,USER_008,13.84,2025-11-22 16:03:00,PayPal,Entertainment,"New York, US"
TXN_002629,USER_044,18.99,2025-11-22 16:12:00,Whole Foods,Healthcare,"Madrid, ES"
TXN_000501,USER_007,45.6,2025-11-22 16:21:00,Starbucks,Entertainment,"New York, US"
TXN_000730,USER_038,23.1,2025-11-22 16:47:00,BestBuy,Other,"Lyon, FR"
TXN_000601,USER_046,51.17,2025-11-22 16:48:00,Shell Gas,Subscription,"Lyon, FR"
TXN_003214,USER_041,30.97,2025-11-22 17:06:00,Google Play,Shopping,"Berlin, DE"
TXN_003459,USER_025,9.51,2025-11-22 17:17:00,Delta Airlines,Healthcare,"Brussels, BE"
TXN_004571,USER_049,410.44,2025-11-22 17:35:00,Starbucks,Subscription,"Marseille, FR"
TXN_FRAUD_667_0,USER_049,332.91686756880074,2025-11-22 17:35:00,Starbucks,Subscription,"Marseille, FR"
TXN_000827,USER_008,4.31,2025-11-22 17:36:00,Uber,Shopping,"Berlin, DE"
TXN_FRAUD_667_1,USER_049,299.2877851904973,2025-11-22 17:40:00,Starbucks,Subscription,"Marseille, FR"
TXN_FRAUD_667_2,USER_049,281.2024077964379,2025-11-22 17:45:00,Starbucks,Subscription,"Marseille, FR"
TXN_003629,USER_044,7.23,2025-11-22 18:06:00,Spotify,Utilities,"Brussels, BE"
TXN_004033,USER_038,150.56,2025-11-22 18:27:00,Hertz,Entertainment,"Marseille, FR"
TXN_001933,USER_009,18.44,2025-11-22 19:08:00,Target,Fuel,"Marseille, FR"
TXN_002771,USER_043,8.49,2025-11-22 19:30:00,Apple Store,Fuel,"London, UK"
TXN_004596,USER_010,55.52,2025-11-22 20:33:00,Delta Airlines,Healthcare,"Paris, FR"
TXN_003706,USER_042,13.51,2025-11-22 23:09:00,Apple Store,Utilities,"Marseille, FR"
TXN_002912,USER_010,87.62,2025-11-23 01:31:00,Uber,Shopping,"Madrid, ES"
TXN_004223,USER_047,1813.854866899594,2025-11-23 03:41:00,Hotels.com,Subscription,"Moscow, RU"
TXN_002798,USER_041,144.51,2025-11-23 04:43:00,Netflix,Utilities,"London, UK"
TXN_001416,USER_011,12.84,2025-11-23 05:01:00,Starbucks,Fuel,"New York, US"
TXN_003277,USER_001,121.37,2025-11-23 05:18:00,Delta Airlines,Entertainment,"New York, US"
TXN_000554,USER_042,13.76,2025-11-23 05:31:00,McDonalds,Entertainment,"Brussels, BE"
TXN_002687,USER_050,31.99,2025-11-23 05:36:00,Uber,Entertainment,"London, UK"
TXN_003453,USER_010,485.91,2025-11-23 05:53:00,BestBuy,Other,"Rome, IT"
TXN_004411,USER_034,47.51,2025-11-23 05:53:00,McDonalds,Entertainment,"Paris, FR"
TXN_000849,USER_029,6.09,2025-11-23 06:27:00,Hertz,Entertainment,"Brussels, BE"
TXN_000002,USER_009,48.55,2025-11-23 06:31:00,Hertz,Food,"Amsterdam, NL"
TXN_FRAUD_685_0,USER_009,120.9439791382557,2025-11-23 06:31:00,Hertz,Food,"Amsterdam, NL"
TXN_FRAUD_685_1,USER_009,251.38085722199216,2025-11-23 06:36:00,Hertz,Food,"Amsterdam, NL"
TXN_FRAUD_685_2,USER_009,113.82128100114488,2025-11-23 06:41:00,Hertz,Food,"Amsterdam, NL"
TXN_001590,USER_001,63.23,2025-11-23 07:28:00,PayPal,Healthcare,"Rome, IT"
TXN_003538,USER_044,18.78,2025-11-23 08:53:00,CVS,Transport,"Paris, FR"
TXN_002055,USER_003,51.1,2025-11-23 09:22:00,Spotify,Food,"Brussels, BE"
TXN_004335,USER_034,88.69,2025-11-23 09:37:00,Uber,Shopping,"Brussels, BE"
TXN_002051,USER_001,52.17,2025-11-23 10:22:00,Apple Store,Food,"New York, US"
TXN_001957,USER_025,139.94,2025-11-23 10:38:00,BestBuy,Transport,"Brussels, BE"
TXN_002093,USER_018,44.61,2025-11-23 10:54:00,Target,Travel,"Amsterdam, NL"
TXN_001554,USER_038,9.25,2025-11-23 11:41:00,Apple Store,Transport,"Paris, FR"
TXN_002227,USER_033,136.99,2025-11-23 11:46:00,Starbucks,Entertainment,"Berlin, DE"
TXN_002225,USER_032,64.13,2025-11-23 12:09:00,Shell Gas,Other,"Brussels, BE"
TXN_000962,USER_033,15.26,2025-11-23 12:23:00,Target,Fuel,"Lagos, NG"
TXN_003550,USER_012,4.95,2025-11-23 12:28:00,Shell Gas,Utilities,"Brussels, BE"
TXN_002002,USER_046,109.87,2025-11-23 12:32:00,Delta Airlines,Other,"Marseille, FR"
TXN_002231,USER_030,29.16,2025-11-23 12:35:00,BestBuy,Entertainment,"Paris, FR"
TXN_001820,USER_033,7.43,2025-11-23 12:40:00,Apple Store,Travel,"Brussels, BE"
TXN_004506,USER_009,28.52,2025-11-23 12:54:00,Whole Foods,Food,"Berlin, DE"
TXN_003156,USER_039,20.56,2025-11-23 13:18:00,PayPal,Healthcare,"Berlin, DE"
TXN_001067,USER_048,19.35,2025-11-23 13:37:00,Whole Foods,Travel,"Rome, IT"
TXN_004990,USER_027,43.62,2025-11-23 13:39:00,PayPal,Transport,"London, UK"
TXN_004578,USER_027,14.1,2025-11-23 13:39:00,Delta Airlines,Utilities,"Brussels, BE"
TXN_002796,USER_034,12.23,2025-11-23 13:53:00,CVS,Other,"Berlin, DE"
TXN_003721,USER_029,57.96,2025-11-23 14:03:00,Walmart,Subscription,"New York, US"
TXN_002899,USER_031,44.94,2025-11-23 14:55:00,Uber,Shopping,"Madrid, ES"
TXN_003684,USER_026,7.46,2025-11-23 14:56:00,McDonalds,Shopping,"Lyon, FR"
TXN_003592,USER_037,27.66,2025-11-23 15:09:00,Steam,Transport,"London, UK"
TXN_001443,USER_044,155.6,2025-11-23 15:13:00,Airbnb,Fuel,"Lyon, FR"
TXN_002303,USER_045,38.99,2025-11-23 15:17:00,PayPal,Healthcare,"Marseille, FR"
TXN_000578,USER_028,365.8,2025-11-23 15:35:00,Uber,Utilities,"Paris, FR"
TXN_004010,USER_028,71.09,2025-11-23 15:37:00,BestBuy,Fuel,"Madrid, ES"
TXN_001501,USER_010,276.59,2025-11-23 15:59:00,Shell Gas,Utilities,"Rome, IT"
TXN_001989,USER_018,214.98,2025-11-23 16:16:00,Airbnb,Transport,"Marseille, FR"
TXN_002095,USER_035,46.81,2025-11-23 16:52:00,Shell Gas,Other,"Paris, FR"
TXN_000974,USER_050,71.54,2025-11-23 16:55:00,Target,Subscription,"Amsterdam, NL"
TXN_001611,USER_033,5.14,2025-11-23 16:58:00,BestBuy,Entertainment,"Berlin, DE"
TXN_002963,USER_009,12.36,2025-11-23 17:03:00,Target,Transport,"Berlin, DE"
TXN_003085,USER_033,14.55,2025-11-23 17:19:00,Starbucks,Food,"London, UK"
TXN_003027,USER_010,6.68,2025-11-23 17:21:00,McDonalds,Entertainment,"Lyon, FR"
TXN_002190,USER_040,7.96,2025-11-23 17:26:00,Steam,Healthcare,"New York, US"
TXN_004442,USER_003,9.24,2025-11-23 17:27:00,Airbnb,Travel,"New York, US"
TXN_004117,USER_041,51.9,2025-11-23 17:36:00,CVS,Utilities,"London, UK"
TXN_003345,USER_027,111.74,2025-11-23 18:09:00,Shell Gas,Subscription,"Marseille, FR"
TXN_000521,USER_024,25.36,2025-11-23 18:53:00,Amazon,Utilities,"Rome, IT"
TXN_001435,USER_044,41.67,2025-11-23 18:59:00,Google Play,Healthcare,"Madrid, ES"
TXN_FRAUD_728_0,USER_044,435.3314493422205,2025-11-23 18:59:00,Google Play,Healthcare,"Madrid, ES"
TXN_FRAUD_728_1,USER_044,399.4661020581502,2025-11-23 19:04:00,Google Play,Healthcare,"Madrid, ES"
TXN_FRAUD_728_2,USER_044,496.59801671310555,2025-11-23 19:09:00,Google Play,Healthcare,"Madrid, ES"
TXN_000394,USER_001,17.22,2025-11-23 19:15:00,Starbucks,Utilities,"Berlin, DE"
TXN_004682,USER_012,105.89,2025-11-23 19:41:00,PayPal,Other,"Paris, FR"
TXN_001216,USER_046,65.79,2025-11-23 20:08:00,Hertz,Food,"London, UK"
TXN_004281,USER_014,2.83,2025-11-23 22:06:00,Hotels.com,Fuel,"Amsterdam, NL"
TXN_003060,USER_001,23.3,2025-11-23 23:53:00,Uber,Subscription,"Amsterdam, NL"
TXN_000713,USER_031,2972.8980428230434,2025-11-24 01:07:00,Steam,Subscription,"Rome, IT"
TXN_004463,USER_040,86.48,2025-11-24 01:10:00,Shell Gas,Fuel,"Madrid, ES"
TXN_003881,USER_025,24.53,2025-11-24 01:50:00,Amazon,Fuel,"Amsterdam, NL"
TXN_003399,USER_038,35.38,2025-11-24 03:38:00,Starbucks,Shopping,"New York, US"
TXN_004090,USER_001,3540.455912784205,2025-11-24 04:05:00,Walmart,Shopping,"Berlin, DE"
TXN_001330,USER_050,41.38,2025-11-24 04:08:00,Uber,Food,"New York, US"
TXN_001632,USER_033,7.13,2025-11-24 04:34:00,Walmart,Travel,"London, UK"
TXN_000963,USER_022,3.45,2025-11-24 04:39:00,Delta Airlines,Utilities,"Brussels, BE"
TXN_003659,USER_040,10.22,2025-11-24 04:59:00,Airbnb,Other,"Amsterdam, NL"
TXN_004526,USER_038,10.76,2025-11-24 05:27:00,Amazon,Shopping,"Brussels, BE"
TXN_003079,USER_027,12.88,2025-11-24 06:20:00,Hertz,Shopping,"Brussels, BE"
TXN_004122,USER_042,57.28,2025-11-24 06:22:00,Walmart,Utilities,"Madrid, ES"
TXN_004494,USER_032,15.61,2025-11-24 06:24:00,McDonalds,Fuel,"Lyon, FR"
TXN_002601,USER_028,22.46,2025-11-24 07:38:00,Shell Gas,Other,"London, UK"
TXN_000790,USER_045,50.96,2025-11-24 08:14:00,Airbnb,Healthcare,"Lyon, FR"
TXN_004162,USER_006,136.71,2025-11-24 08:44:00,Whole Foods,Travel,"Marseille, FR"
TXN_000001,USER_041,8.72,2025-11-24 08:49:00,Netflix,Entertainment,"New York, US"
TXN_003045,USER_012,42.87,2025-11-24 08:50:00,Steam,Food,"New York, US"
TXN_002013,USER_020,64.82,2025-11-24 08:54:00,Amazon,Fuel,"Marseille, FR"
TXN_001647,USER_027,23.95,2025-11-24 08:55:00,Google Play,Other,"London, UK"
TXN_003313,USER_036,109.38,2025-11-24 09:25:00,Starbucks,Subscription,"Rome, IT"
TXN_003673,USER_021,115.71,2025-11-24 10:17:00,Target,Travel,"Marseille, FR"
TXN_FRAUD_755_0,USER_021,255.69623890338207,2025-11-24 10:17:00,Target,Travel,"Marseille, FR"
TXN_FRAUD_755_1,USER_021,208.12072016783586,2025-11-24 10:22:00,Target,Travel,"Marseille, FR"
TXN_000125,USER_043,3.87,2025-11-24 10:24:00,Shell Gas,Subscription,"London, UK"
TXN_FRAUD_755_2,USER_021,105.2730062568906,2025-11-24 10:27:00,Target,Travel,"Marseille, FR"
TXN_001323,USER_013,8.76,2025-11-24 10:38:00,Starbucks,Subscription,"Rome, IT"
TXN_004778,USER_044,22.86,2025-11-24 11:01:00,Shell Gas,Healthcare,"Lyon, FR"
TXN_002705,USER_019,547.64,2025-11-24 11:18:00,Starbucks,Food,"Berlin, DE"
TXN_000451,USER_029,99.86,2025-11-24 11:31:00,Shell Gas,Other,"Rome, IT"
TXN_002257,USER_031,13.14,2025-11-24 12:05:00,Delta Airlines,Shopping,"Marseille, FR"
TXN_002387,USER_029,45.36,2025-11-24 13:20:00,Target,Entertainment,"New York, US"
TXN_000843,USER_046,41.59,2025-11-24 13:36:00,Google Play,Fuel,"Rome, IT"
TXN_004404,USER_034,17.83,2025-11-24 13:41:00,Whole Foods,Shopping,"Marseille, FR"
TXN_004773,USER_026,14.87,2025-11-24 14:47:00,PayPal,Shopping,"Rome, IT"
TXN_000566,USER_020,454.41,2025-11-24 14:59:00,Google Play,Transport,"Brussels, BE"
TXN_000561,USER_030,16.52,2025-11-24 15:04:00,Hotels.com,Fuel,"Berlin, DE"
TXN_001024,USER_019,79.77,2025-11-24 15:28:00,Airbnb,Other,"Rome, IT"
TXN_002550,USER_003,92.8,2025-11-24 16:21:00,McDonalds,Subscription,"Marseille, FR"
TXN_000166,USER_028,14.12,2025-11-24 16:22:00,Uber,Transport,"London, UK"
TXN_002401,USER_021,8.46,2025-11-24 16:32:00,Uber,Subscription,"Madrid, ES"
TXN_001383,USER_045,14.39,2025-11-24 16:34:00,Hotels.com,Shopping,"Marseille, FR"
TXN_001929,USER_008,63.84,2025-11-24 16:53:00,BestBuy,Subscription,"Brussels, BE"
TXN_003539,USER_025,39.12,2025-11-24 17:02:00,PayPal,Entertainment,"Brussels, BE"
TXN_004326,USER_020,36.76,2025-11-24 17:14:00,Airbnb,Entertainment,"London, UK"
TXN_001497,USER_016,2520.0754116152707,2025-11-24 17:24:00,Delta Airlines,Food,"Brussels, BE"
TXN_003942,USER_031,57.25,2025-11-24 18:14:00,Target,Other,"Brussels, BE"
TXN_001418,USER_045,7.09,2025-11-24 18:14:00,Airbnb,Food,"Lyon, FR"
TXN_004238,USER_048,87.3,2025-11-24 18:19:00,BestBuy,Transport,"Marseille, FR"
TXN_004860,USER_044,4.39,2025-11-24 18:34:00,CVS,Healthcare,"Lyon, FR"
TXN_002489,USER_029,8.37,2025-11-24 18:50:00,PayPal,Subscription,"Marseille, FR"
TXN_000615,USER_025,46.15,2025-11-24 19:03:00,Hotels.com,Other,"Lyon, FR"
TXN_000919,USER_022,45.52,2025-11-24 19:18:00,Hotels.com,Subscription,"New York, US"
TXN_002450,USER_043,61.17,2025-11-24 20:10:00,Steam,Transport,"Rome, IT"
TXN_003489,USER_040,85.63,2025-11-24 21:51:00,BestBuy,Travel,"Rome, IT"
TXN_004528,USER_017,8.25,2025-11-24 22:13:00,Amazon,Shopping,"Amsterdam, NL"
TXN_FRAUD_787_0,USER_006,346.36713948344186,2025-11-24 22:20:00,Spotify,Travel,"Brussels, BE"
TXN_001940,USER_006,37.43,2025-11-24 22:20:00,Spotify,Travel,"Brussels, BE"
TXN_FRAUD_787_1,USER_006,324.95395223136427,2025-11-24 22:25:00,Spotify,Travel,"Brussels, BE"
TXN_FRAUD_787_2,USER_006,235.7736951946569,2025-11-24 22:30:00,Spotify,Travel,"Brussels, BE"
TXN_001645,USER_034,70.99,2025-11-24 22:32:00,Shell Gas,Subscription,"Rome, IT"
TXN_001426,USER_031,38.8,2025-11-25 01:46:00,Netflix,Shopping,"Lyon, FR"
TXN_001276,USER_041,37.58,2025-11-25 02:33:00,BestBuy,Food,"Amsterdam, NL"
TXN_003806,USER_008,4.0,2025-11-25 04:27:00,Starbucks,Other,"Marseille, FR"
TXN_001938,USER_021,38.75,2025-11-25 04:50:00,Starbucks,Other,"New York, US"
TXN_004988,USER_010,54.94,2025-11-25 05:19:00,CVS,Subscription,"Paris, FR"
TXN_004585,USER_050,446.17,2025-11-25 05:54:00,CVS,Subscription,"New York, US"
TXN_004040,USER_013,21.69,2025-11-25 06:14:00,Hotels.com,Shopping,"Brussels, BE"
TXN_000089,USER_043,43.45,2025-11-25 06:34:00,Spotify,Fuel,"London, UK"
TXN_002397,USER_047,239.78,2025-11-25 06:42:00,Delta Airlines,Shopping,"Amsterdam, NL"
TXN_003264,USER_038,73.64,2025-11-25 06:57:00,BestBuy,Subscription,"Marseille, FR"
TXN_002850,USER_047,38.7,2025-11-25 07:09:00,Target,Food,"Madrid, ES"
TXN_001406,USER_045,16.26,2025-11-25 07:11:00,Delta Airlines,Other,"Paris, FR"
TXN_003089,USER_029,33.89,2025-11-25 07:15:00,Google Play,Healthcare,"Paris, FR"
TXN_003148,USER_012,18.84,2025-11-25 07:34:00,Spotify,Entertainment,"New York, US"
TXN_004037,USER_014,10.01,2025-11-25 07:38:00,Amazon,Utilities,"New York, US"
TXN_001672,USER_025,56.87,2025-11-25 07:51:00,Shell Gas,Entertainment,"Lagos, NG"
TXN_003656,USER_027,216.98,2025-11-25 08:19:00,Airbnb,Subscription,"New York, US"
TXN_000821,USER_021,46.23,2025-11-25 08:19:00,Amazon,Food,"Madrid, ES"
TXN_002589,USER_003,32.83,2025-11-25 08:43:00,Hotels.com,Subscription,"Lagos, NG"
TXN_004150,USER_015,158.74,2025-11-25 08:57:00,Walmart,Transport,"Lyon, FR"
TXN_001822,USER_028,46.74,2025-11-25 09:02:00,Shell Gas,Food,"Berlin, DE"
TXN_002897,USER_049,108.86,2025-11-25 09:13:00,Shell Gas,Food,"Brussels, BE"
TXN_000234,USER_013,40.42,2025-11-25 09:42:00,Airbnb,Food,"New York, US"
TXN_004608,USER_046,14.39,2025-11-25 09:49:00,Hotels.com,Transport,"Lagos, NG"
TXN_000157,USER_016,75.51,2025-11-25 10:23:00,PayPal,Other,"Amsterdam, NL"
TXN_004125,USER_050,15.74,2025-11-25 10:29:00,Hertz,Travel,"Marseille, FR"
TXN_004098,USER_013,18.98,2025-11-25 11:00:00,Steam,Other,"Berlin, DE"
TXN_003515,USER_022,87.59,2025-11-25 11:04:00,Shell Gas,Utilities,"Madrid, ES"
TXN_003681,USER_011,22.86,2025-11-25 11:43:00,Airbnb,Healthcare,"Rome, IT"
TXN_004050,USER_028,42.89,2025-11-25 11:53:00,Spotify,Transport,"London, UK"
TXN_002203,USER_008,8.16,2025-11-25 12:16:00,McDonalds,Other,"Berlin, DE"
TXN_004826,USER_009,250.2,2025-11-25 12:32:00,Airbnb,Shopping,"London, UK"
TXN_003613,USER_034,8.47,2025-11-25 12:32:00,Whole Foods,Fuel,"Rome, IT"
TXN_000831,USER_013,472.06,2025-11-25 13:47:00,Steam,Entertainment,"Rome, IT"
TXN_000483,USER_048,0.51,2025-11-25 15:35:00,Hotels.com,Entertainment,"Amsterdam, NL"
TXN_002735,USER_038,19.72,2025-11-25 15:53:00,McDonalds,Fuel,"Amsterdam, NL"
TXN_004421,USER_002,98.67,2025-11-25 15:55:00,Whole Foods,Entertainment,"Amsterdam, NL"
TXN_001450,USER_007,54.47,2025-11-25 16:04:00,Hotels.com,Subscription,"New York, US"
TXN_002409,USER_011,101.95,2025-11-25 16:14:00,Netflix,Fuel,"Rome, IT"
TXN_000223,USER_035,204.28,2025-11-25 16:17:00,Google Play,Utilities,"Amsterdam, NL"
TXN_002967,USER_040,326.61,2025-11-25 16:51:00,Starbucks,Entertainment,"Lyon, FR"
TXN_000037,USER_029,9.53,2025-11-25 17:03:00,Uber,Food,"Berlin, DE"
TXN_004863,USER_040,38.15,2025-11-25 17:17:00,Walmart,Transport,"Madrid, ES"
TXN_004984,USER_006,8.59,2025-11-25 17:23:00,Amazon,Fuel,"Lyon, FR"
TXN_000610,USER_009,57.0,2025-11-25 17:25:00,Steam,Travel,"Madrid, ES"
TXN_002154,USER_031,24.12,2025-11-25 18:10:00,Airbnb,Healthcare,"Madrid, ES"
TXN_001361,USER_034,6.17,2025-11-25 18:18:00,Hertz,Fuel,"London, UK"
TXN_004096,USER_045,36.88,2025-11-25 18:37:00,Shell Gas,Healthcare,"Brussels, BE"
TXN_002347,USER_029,22.54,2025-11-25 18:45:00,CVS,Travel,"Berlin, DE"
TXN_001200,USER_043,27.47,2025-11-25 19:05:00,Starbucks,Transport,"London, UK"
TXN_003793,USER_017,33.54,2025-11-25 19:27:00,BestBuy,Healthcare,"Berlin, DE"
TXN_003223,USER_038,3.37,2025-11-25 19:44:00,Airbnb,Subscription,"Madrid, ES"
TXN_004106,USER_015,7.21,2025-11-26 00:02:00,PayPal,Healthcare,"Lyon, FR"
TXN_001528,USER_025,2865.907447814312,2025-11-26 01:15:00,Shell Gas,Other,"Moscow, RU"
TXN_004180,USER_029,2.15,2025-11-26 01:51:00,McDonalds,Food,"Rome, IT"
TXN_000594,USER_037,23.88,2025-11-26 04:24:00,Hotels.com,Travel,"Paris, FR"
TXN_000857,USER_017,42.39,2025-11-26 04:58:00,Whole Foods,Utilities,"Paris, FR"
TXN_002607,USER_043,7.32,2025-11-26 05:05:00,Netflix,Subscription,"Amsterdam, NL"
TXN_004675,USER_026,799.89,2025-11-26 06:17:00,Shell Gas,Transport,"Paris, FR"
TXN_002161,USER_028,24.64,2025-11-26 06:28:00,Steam,Transport,"Madrid, ES"
TXN_001947,USER_018,69.75,2025-11-26 06:34:00,CVS,Healthcare,"Lyon, FR"
TXN_000236,USER_016,94.95,2025-11-26 06:38:00,Whole Foods,Entertainment,"Lyon, FR"
TXN_002020,USER_003,5.74,2025-11-26 08:00:00,PayPal,Fuel,"London, UK"
TXN_002168,USER_002,85.15,2025-11-26 08:17:00,Google Play,Transport,"New York, US"
TXN_003026,USER_004,13.9,2025-11-26 08:19:00,Target,Food,"Marseille, FR"
TXN_004027,USER_009,4.72,2025-11-26 08:33:00,Airbnb,Subscription,"Berlin, DE"
TXN_002506,USER_007,63.25,2025-11-26 08:39:00,Delta Airlines,Other,"Madrid, ES"
TXN_003823,USER_025,4.2,2025-11-26 08:42:00,McDonalds,Healthcare,"Berlin, DE"
TXN_003842,USER_020,77.73,2025-11-26 08:55:00,Hertz,Entertainment,"Brussels, BE"
TXN_000371,USER_050,8.06,2025-11-26 09:15:00,Delta Airlines,Shopping,"Lyon, FR"
TXN_000929,USER_025,27.15,2025-11-26 09:54:00,Amazon,Entertainment,"Brussels, BE"
TXN_004353,USER_050,3.1,2025-11-26 09:55:00,Apple Store,Travel,"Amsterdam, NL"
TXN_000597,USER_045,72.15,2025-11-26 10:44:00,Spotify,Transport,"London, UK"
TXN_000370,USER_023,4297.826472762417,2025-11-26 10:44:00,Hertz,Other,"Marseille, FR"
TXN_003535,USER_006,32.91,2025-11-26 10:47:00,Apple Store,Travel,"Marseille, FR"
TXN_003430,USER_012,33.99,2025-11-26 10:52:00,Walmart,Utilities,"Paris, FR"
TXN_001126,USER_007,171.34,2025-11-26 10:59:00,Amazon,Other,"Amsterdam, NL"
TXN_000586,USER_045,23.34,2025-11-26 11:03:00,Starbucks,Travel,"New York, US"
TXN_000810,USER_044,120.36,2025-11-26 11:18:00,Hotels.com,Food,"Madrid, ES"
TXN_004023,USER_047,6.34,2025-11-26 11:47:00,Delta Airlines,Food,"Lagos, NG"
TXN_004277,USER_047,65.71,2025-11-26 12:01:00,Spotify,Transport,"Lyon, FR"
TXN_004774,USER_028,96.67,2025-11-26 12:13:00,Spotify,Entertainment,"Brussels, BE"
TXN_003213,USER_030,38.04,2025-11-26 12:14:00,Walmart,Entertainment,"Marseille, FR"
TXN_001748,USER_010,30.29,2025-11-26 12:38:00,Shell Gas,Entertainment,"Lagos, NG"
TXN_002922,USER_026,11.67,2025-11-26 12:41:00,Google Play,Entertainment,"Lagos, NG"
TXN_002218,USER_008,202.28,2025-11-26 13:08:00,Starbucks,Other,"Madrid, ES"
TXN_002330,USER_006,8.76,2025-11-26 13:38:00,Delta Airlines,Utilities,"Lyon, FR"
TXN_004720,USER_008,67.96,2025-11-26 13:41:00,Netflix,Utilities,"Lyon, FR"
TXN_001423,USER_014,8.88,2025-11-26 13:53:00,PayPal,Food,"Lyon, FR"
TXN_002570,USER_025,5.63,2025-11-26 14:08:00,Starbucks,Healthcare,"Berlin, DE"
TXN_000921,USER_003,7.95,2025-11-26 14:24:00,Whole Foods,Transport,"Marseille, FR"
TXN_001725,USER_037,166.67,2025-11-26 14:28:00,Delta Airlines,Utilities,"Berlin, DE"
TXN_003636,USER_005,4.98,2025-11-26 15:00:00,CVS,Transport,"Paris, FR"
TXN_002729,USER_003,81.41,2025-11-26 15:22:00,Google Play,Food,"Berlin, DE"
TXN_003159,USER_018,4.4,2025-11-26 15:38:00,BestBuy,Healthcare,"New York, US"
TXN_000933,USER_043,16.8,2025-11-26 15:45:00,CVS,Fuel,"Paris, FR"
TXN_000836,USER_012,89.43,2025-11-26 15:54:00,Steam,Other,"Amsterdam, NL"
TXN_002163,USER_046,4389.821213811872,2025-11-26 16:20:00,BestBuy,Other,"Madrid, ES"
TXN_004753,USER_031,259.17,2025-11-26 16:30:00,Whole Foods,Transport,"Berlin, DE"
TXN_000891,USER_023,15.23,2025-11-26 16:30:00,Uber,Food,"London, UK"
TXN_000807,USER_008,4275.413810677508,2025-11-26 16:32:00,Walmart,Transport,"Lyon, FR"
TXN_001120,USER_035,49.5,2025-11-26 17:01:00,Starbucks,Other,"Brussels, BE"
TXN_002206,USER_019,3.48,2025-11-26 17:41:00,Steam,Shopping,"Brussels, BE"
TXN_004911,USER_035,41.7,2025-11-26 17:44:00,Amazon,Food,"Lagos, NG"
TXN_003198,USER_010,52.52,2025-11-26 18:03:00,CVS,Travel,"Amsterdam, NL"
TXN_000239,USER_010,42.1,2025-11-26 18:22:00,Netflix,Transport,"Lyon, FR"
TXN_002285,USER_024,11.09,2025-11-26 18:27:00,Hertz,Other,"London, UK"
TXN_003110,USER_009,24.47,2025-11-26 18:35:00,CVS,Other,"Paris, FR"
TXN_000461,USER_034,529.36,2025-11-26 19:34:00,Uber,Shopping,"Paris, FR"
TXN_004025,USER_044,267.09,2025-11-26 19:35:00,Amazon,Transport,"Paris, FR"
TXN_003696,USER_023,27.42,2025-11-26 19:37:00,Whole Foods,Subscription,"Paris, FR"
TXN_000060,USER_026,178.53,2025-11-26 20:30:00,Spotify,Subscription,"Berlin, DE"
TXN_001166,USER_031,8.49,2025-11-26 22:55:00,Netflix,Travel,"Brussels, BE"
TXN_001745,USER_044,14.7,2025-11-26 23:12:00,BestBuy,Travel,"New York, US"
TXN_002496,USER_048,30.05,2025-11-27 00:58:00,Delta Airlines,Subscription,"Paris, FR"
TXN_003210,USER_049,343.77,2025-11-27 01:29:00,Spotify,Healthcare,"New York, US"
TXN_000839,USER_029,2327.1664145018135,2025-11-27 02:56:00,PayPal,Other,"Beijing, CN"
TXN_002732,USER_002,4.37,2025-11-27 03:44:00,Airbnb,Food,"Madrid, ES"
TXN_000611,USER_021,2616.152671426741,2025-11-27 04:03:00,Netflix,Food,"Beijing, CN"
TXN_004769,USER_012,45.62,2025-11-27 04:58:00,Spotify,Subscription,"Lyon, FR"
TXN_001239,USER_006,5.3,2025-11-27 05:29:00,PayPal,Subscription,"Amsterdam, NL"
TXN_003357,USER_029,5.48,2025-11-27 05:49:00,Uber,Subscription,"Madrid, ES"
TXN_003965,USER_043,276.77,2025-11-27 05:59:00,Airbnb,Travel,"Amsterdam, NL"
TXN_000022,USER_015,138.71,2025-11-27 06:20:00,Hotels.com,Food,"Paris, FR"
TXN_003910,USER_024,5.56,2025-11-27 06:52:00,Airbnb,Travel,"Berlin, DE"
TXN_001117,USER_043,36.4,2025-11-27 06:53:00,Steam,Fuel,"Amsterdam, NL"
TXN_003317,USER_043,81.09,2025-11-27 07:32:00,Netflix,Healthcare,"Marseille, FR"
TXN_001493,USER_018,7.83,2025-11-27 07:49:00,Netflix,Utilities,"Brussels, BE"
TXN_002652,USER_003,12.5,2025-11-27 07:57:00,Delta Airlines,Utilities,"Paris, FR"
TXN_000937,USER_028,29.26,2025-11-27 08:04:00,Hotels.com,Entertainment,"Lyon, FR"
TXN_004610,USER_031,15.22,2025-11-27 08:37:00,Airbnb,Other,"Paris, FR"
TXN_000427,USER_044,6.8,2025-11-27 08:48:00,Hertz,Transport,"Madrid, ES"
TXN_003589,USER_013,25.55,2025-11-27 09:10:00,CVS,Utilities,"Marseille, FR"
TXN_004187,USER_007,11.65,2025-11-27 09:37:00,BestBuy,Entertainment,"Rome, IT"
TXN_002359,USER_014,11.92,2025-11-27 09:41:00,Delta Airlines,Entertainment,"London, UK"
TXN_002277,USER_038,21.4,2025-11-27 10:31:00,Shell Gas,Utilities,"Marseille, FR"
TXN_002083,USER_031,34.49,2025-11-27 10:35:00,Delta Airlines,Utilities,"Rome, IT"
TXN_003078,USER_037,4.02,2025-11-27 10:40:00,Shell Gas,Healthcare,"Lyon, FR"
TXN_000773,USER_010,25.16,2025-11-27 11:00:00,Apple Store,Healthcare,"Amsterdam, NL"
TXN_004642,USER_007,60.81,2025-11-27 11:02:00,Whole Foods,Travel,"Amsterdam, NL"
TXN_000414,USER_046,4.04,2025-11-27 11:21:00,Shell Gas,Fuel,"Berlin, DE"
TXN_001583,USER_009,21.76,2025-11-27 11:48:00,Shell Gas,Food,"Paris, FR"
TXN_003337,USER_023,68.28,2025-11-27 12:13:00,Whole Foods,Healthcare,"Amsterdam, NL"
TXN_002075,USER_031,33.01,2025-11-27 13:46:00,BestBuy,Shopping,"Berlin, DE"
TXN_002745,USER_010,96.41,2025-11-27 14:32:00,Hotels.com,Shopping,"Paris, FR"
TXN_000274,USER_014,98.76,2025-11-27 14:36:00,Netflix,Utilities,"Berlin, DE"
TXN_003201,USER_025,4.72,2025-11-27 14:48:00,Spotify,Subscription,"Brussels, BE"
TXN_002562,USER_037,19.05,2025-11-27 14:56:00,Apple Store,Shopping,"Lyon, FR"
TXN_003157,USER_008,277.86,2025-11-27 14:59:00,BestBuy,Travel,"Paris, FR"
TXN_003846,USER_008,17.01,2025-11-27 15:00:00,Starbucks,Subscription,"London, UK"
TXN_003374,USER_029,17.91,2025-11-27 15:02:00,Shell Gas,Entertainment,"Berlin, DE"
TXN_004361,USER_006,101.75,2025-11-27 15:06:00,Apple Store,Travel,"New York, US"
TXN_001460,USER_028,7.69,2025-11-27 15:07:00,Steam,Subscription,"Lyon, FR"
TXN_003120,USER_020,381.22,2025-11-27 15:35:00,Steam,Shopping,"Berlin, DE"
TXN_000458,USER_050,7.78,2025-11-27 15:37:00,PayPal,Travel,"Madrid, ES"
TXN_003750,USER_043,20.65,2025-11-27 15:49:00,Shell Gas,Subscription,"Paris, FR"
TXN_001451,USER_041,8.39,2025-11-27 15:49:00,BestBuy,Shopping,"Lyon, FR"
TXN_001131,USER_031,15.62,2025-11-27 15:58:00,Shell Gas,Entertainment,"Paris, FR"
TXN_000628,USER_046,24.46,2025-11-27 16:32:00,Amazon,Transport,"Rome, IT"
TXN_004484,USER_047,32.41,2025-11-27 16:52:00,Whole Foods,Travel,"New York, US"
TXN_001519,USER_048,62.03,2025-11-27 17:04:00,McDonalds,Other,"Berlin, DE"
TXN_002310,USER_030,51.55,2025-11-27 17:05:00,Spotify,Healthcare,"Lyon, FR"
TXN_000896,USER_024,37.11,2025-11-27 17:31:00,Apple Store,Subscription,"Rome, IT"
TXN_002076,USER_024,33.96,2025-11-27 18:06:00,Airbnb,Transport,"Brussels, BE"
TXN_002511,USER_004,60.13,2025-11-27 18:20:00,Airbnb,Healthcare,"Rome, IT"
TXN_000606,USER_050,9.56,2025-11-27 18:29:00,Starbucks,Food,"Brussels, BE"
TXN_003507,USER_034,380.7,2025-11-27 18:30:00,Hertz,Shopping,"London, UK"
TXN_000227,USER_008,6.41,2025-11-27 18:50:00,Walmart,Utilities,"Rome, IT"
TXN_003312,USER_006,9.25,2025-11-27 19:41:00,BestBuy,Other,"Brussels, BE"
TXN_001727,USER_016,36.17,2025-11-27 21:39:00,Walmart,Shopping,"Marseille, FR"
TXN_001444,USER_008,105.81,2025-11-27 22:13:00,Steam,Other,"Lyon, FR"
TXN_000265,USER_005,91.99,2025-11-28 01:35:00,Amazon,Food,"Brussels, BE"
TXN_000774,USER_030,36.89,2025-11-28 04:08:00,McDonalds,Food,"Rome, IT"
TXN_000725,USER_041,7.96,2025-11-28 04:41:00,CVS,Utilities,"Berlin, DE"
TXN_002056,USER_027,68.71,2025-11-28 04:48:00,Uber,Shopping,"New York, US"
TXN_003526,USER_041,29.5,2025-11-28 04:51:00,Google Play,Entertainment,"London, UK"
TXN_000421,USER_023,41.09,2025-11-28 05:06:00,Walmart,Utilities,"Lyon, FR"
TXN_000476,USER_046,66.72,2025-11-28 05:39:00,Airbnb,Shopping,"Lagos, NG"
TXN_002042,USER_024,19.86,2025-11-28 05:45:00,Hotels.com,Food,"Rome, IT"
TXN_003980,USER_022,76.35,2025-11-28 05:50:00,Google Play,Healthcare,"Lyon, FR"
TXN_001921,USER_019,17.8,2025-11-28 06:01:00,Shell Gas,Entertainment,"Lagos, NG"
TXN_003071,USER_035,15.62,2025-11-28 06:08:00,Google Play,Healthcare,"Marseille, FR"
TXN_002299,USER_028,8.25,2025-11-28 06:28:00,Amazon,Transport,"Marseille, FR"
TXN_FRAUD_971_0,USER_028,110.33218126280309,2025-11-28 06:28:00,Amazon,Transport,"Marseille, FR"
TXN_FRAUD_971_1,USER_028,498.48952629703723,2025-11-28 06:33:00,Amazon,Transport,"Marseille, FR"
TXN_FRAUD_971_2,USER_028,336.5965330909636,2025-11-28 06:38:00,Amazon,Transport,"Marseille, FR"
TXN_002563,USER_020,170.19,2025-11-28 06:39:00,Google Play,Subscription,"Lagos, NG"
TXN_000400,USER_049,37.37,2025-11-28 07:00:00,CVS,Fuel,"Madrid, ES"
TXN_003018,USER_030,5.63,2025-11-28 07:16:00,Steam,Fuel,"Marseille, FR"
TXN_002765,USER_001,113.13,2025-11-28 07:28:00,Walmart,Entertainment,"Marseille, FR"
TXN_004278,USER_040,70.41,2025-11-28 07:33:00,PayPal,Transport,"Marseille, FR"
TXN_004446,USER_017,34.94,2025-11-28 08:19:00,PayPal,Entertainment,"Madrid, ES"
TXN_001910,USER_019,141.18,2025-11-28 08:35:00,Walmart,Other,"Berlin, DE"
TXN_003921,USER_037,35.26,2025-11-28 08:56:00,Google Play,Subscription,"Paris, FR"
TXN_001585,USER_042,38.07,2025-11-28 09:29:00,Uber,Healthcare,"Brussels, BE"
TXN_004473,USER_041,81.96,2025-11-28 09:57:00,Netflix,Fuel,"Rome, IT"
TXN_000238,USER_022,187.39,2025-11-28 10:38:00,CVS,Shopping,"London, UK"
TXN_003188,USER_019,32.12,2025-11-28 10:42:00,PayPal,Utilities,"Marseille, FR"
TXN_001211,USER_015,14.01,2025-11-28 10:43:00,CVS,Utilities,"Berlin, DE"
TXN_004071,USER_039,32.23,2025-11-28 11:08:00,Google Play,Other,"Madrid, ES"
TXN_002909,USER_011,78.98,2025-11-28 11:23:00,Apple Store,Shopping,"Lyon, FR"
TXN_004539,USER_033,79.35,2025-11-28 11:36:00,Whole Foods,Utilities,"Marseille, FR"
TXN_003135,USER_046,41.29,2025-11-28 11:37:00,Walmart,Travel,"London, UK"
TXN_004667,USER_050,16.32,2025-11-28 12:18:00,Shell Gas,Other,"Madrid, ES"
TXN_004674,USER_017,56.89,2025-11-28 12:42:00,McDonalds,Subscription,"New York, US"
TXN_002389,USER_019,12.32,2025-11-28 12:49:00,Apple Store,Other,"Berlin, DE"
TXN_000198,USER_047,83.52,2025-11-28 13:14:00,Starbucks,Food,"Rome, IT"
TXN_003497,USER_019,7.61,2025-11-28 13:22:00,Google Play,Other,"Madrid, ES"
TXN_000907,USER_043,137.8,2025-11-28 13:35:00,Hotels.com,Travel,"Paris, FR"
TXN_001159,USER_012,212.21,2025-11-28 13:51:00,Google Play,Shopping,"Marseille, FR"
TXN_004625,USER_045,578.33,2025-11-28 13:53:00,Apple Store,Shopping,"Lyon, FR"
TXN_002138,USER_030,8.76,2025-11-28 14:19:00,Apple Store,Food,"Madrid, ES"
TXN_002291,USER_034,141.82,2025-11-28 14:23:00,Hotels.com,Transport,"New York, US"
TXN_002110,USER_001,46.82,2025-11-28 14:37:00,Spotify,Fuel,"Lyon, FR"
TXN_000884,USER_036,39.76,2025-11-28 14:55:00,Walmart,Shopping,"Amsterdam, NL"
TXN_001124,USER_021,84.66,2025-11-28 15:34:00,Amazon,Travel,"Madrid, ES"
TXN_004498,USER_001,39.64,2025-11-28 16:09:00,McDonalds,Entertainment,"Amsterdam, NL"
TXN_002253,USER_011,10.42,2025-11-28 16:37:00,BestBuy,Food,"London, UK"
TXN_004899,USER_026,21.39,2025-11-28 16:41:00,CVS,Food,"London, UK"
TXN_002646,USER_007,38.64,2025-11-28 16:42:00,Netflix,Other,"Lyon, FR"
TXN_002046,USER_005,289.4,2025-11-28 16:52:00,PayPal,Entertainment,"Rome, IT"
TXN_002759,USER_009,52.83,2025-11-28 17:02:00,Target,Food,"Madrid, ES"
TXN_003077,USER_041,15.54,2025-11-28 17:26:00,Apple Store,Fuel,"Marseille, FR"
TXN_001382,USER_043,9.52,2025-11-28 17:39:00,Whole Foods,Subscription,"Lagos, NG"
TXN_003544,USER_004,18.37,2025-11-28 17:43:00,Steam,Utilities,"Brussels, BE"
TXN_002171,USER_006,203.57,2025-11-28 18:28:00,Amazon,Other,"Lyon, FR"
TXN_003865,USER_008,79.84,2025-11-28 20:22:00,Airbnb,Fuel,"Brussels, BE"
TXN_004521,USER_012,538.03,2025-11-28 20:33:00,Amazon,Transport,"Lyon, FR"
TXN_002618,USER_002,2821.6090471216767,2025-11-28 22:27:00,Whole Foods,Transport,"Amsterdam, NL"
TXN_002613,USER_029,2382.5746462965517,2025-11-29 01:17:00,Hotels.com,Entertainment,"Moscow, RU"
TXN_004854,USER_026,2548.113167539981,2025-11-29 02:21:00,McDonalds,Other,"Beijing, CN"
TXN_001608,USER_018,2450.558517145236,2025-11-29 02:42:00,Delta Airlines,Other,"Beijing, CN"
TXN_000309,USER_009,59.48,2025-11-29 02:52:00,Spotify,Food,"Brussels, BE"
TXN_003730,USER_028,44.53,2025-11-29 02:53:00,Google Play,Other,"Lyon, FR"
TXN_004613,USER_031,40.68,2025-11-29 02:56:00,Shell Gas,Other,"Amsterdam, NL"
TXN_003225,USER_005,13.79,2025-11-29 03:47:00,Steam,Travel,"Rome, IT"
TXN_001996,USER_009,42.1,2025-11-29 04:10:00,Delta Airlines,Shopping,"Lagos, NG"
TXN_001851,USER_035,136.54,2025-11-29 04:23:00,McDonalds,Utilities,"Madrid, ES"
TXN_003875,USER_007,9.06,2025-11-29 04:55:00,Hertz,Subscription,"Paris, FR"
TXN_002061,USER_039,34.08,2025-11-29 04:59:00,PayPal,Fuel,"Berlin, DE"
TXN_FRAUD_1021_0,USER_039,468.70666356450545,2025-11-29 04:59:00,PayPal,Fuel,"Berlin, DE"
TXN_FRAUD_1021_1,USER_039,364.755518151223,2025-11-29 05:04:00,PayPal,Fuel,"Berlin, DE"
TXN_FRAUD_1021_2,USER_039,357.01318431996526,2025-11-29 05:09:00,PayPal,Fuel,"Berlin, DE"
TXN_000186,USER_042,168.93,2025-11-29 05:19:00,Spotify,Fuel,"London, UK"
TXN_002721,USER_029,66.75,2025-11-29 05:29:00,Apple Store,Food,"Marseille, FR"
TXN_001380,USER_021,18.34,2025-11-29 05:48:00,Hertz,Fuel,"Berlin, DE"
TXN_004254,USER_037,11.17,2025-11-29 05:49:00,PayPal,Food,"Madrid, ES"
TXN_000372,USER_034,42.29,2025-11-29 06:07:00,McDonalds,Transport,"Berlin, DE"
TXN_002918,USER_031,40.58,2025-11-29 06:17:00,Hertz,Travel,"New York, US"
TXN_003827,USER_012,33.59,2025-11-29 07:06:00,McDonalds,Subscription,"Madrid, ES"
TXN_001854,USER_013,32.35,2025-11-29 07:46:00,Shell Gas,Shopping,"Paris, FR"
TXN_004897,USER_006,47.4,2025-11-29 07:56:00,Steam,Shopping,"Paris, FR"
TXN_003392,USER_005,89.22,2025-11-29 08:14:00,BestBuy,Healthcare,"New York, US"
TXN_004241,USER_019,14.75,2025-11-29 08:57:00,BestBuy,Healthcare,"Marseille, FR"
TXN_003423,USER_034,103.58,2025-11-29 09:13:00,Steam,Other,"Lyon, FR"
TXN_004093,USER_002,35.84,2025-11-29 09:18:00,McDonalds,Transport,"Lyon, FR"
TXN_001026,USER_002,91.35,2025-11-29 09:51:00,Hertz,Shopping,"Marseille, FR"
TXN_003778,USER_020,5.43,2025-11-29 09:52:00,Airbnb,Shopping,"Marseille, FR"
TXN_002988,USER_029,11.27,2025-11-29 09:57:00,Steam,Healthcare,"Paris, FR"
TXN_002964,USER_005,27.01,2025-11-29 10:24:00,Uber,Food,"Lyon, FR"
TXN_003435,USER_016,155.81,2025-11-29 10:31:00,Target,Transport,"Madrid, ES"
TXN_003680,USER_041,18.1,2025-11-29 10:34:00,Starbucks,Food,"New York, US"
TXN_004267,USER_012,37.36,2025-11-29 10:54:00,McDonalds,Food,"Berlin, DE"
TXN_004301,USER_013,13.8,2025-11-29 11:30:00,Delta Airlines,Transport,"New York, US"
TXN_004116,USER_045,19.43,2025-11-29 11:57:00,McDonalds,Fuel,"Paris, FR"
TXN_002690,USER_044,26.09,2025-11-29 12:08:00,McDonalds,Entertainment,"Madrid, ES"
TXN_001288,USER_018,102.01,2025-11-29 12:32:00,Apple Store,Healthcare,"Amsterdam, NL"
TXN_003414,USER_002,3.5,2025-11-29 13:10:00,Apple Store,Healthcare,"Lyon, FR"
TXN_003297,USER_005,112.95,2025-11-29 13:43:00,BestBuy,Shopping,"New York, US"
TXN_004810,USER_004,26.27,2025-11-29 14:16:00,Hotels.com,Transport,"Amsterdam, NL"
TXN_000259,USER_014,91.98,2025-11-29 14:30:00,Hotels.com,Entertainment,"Lyon, FR"
TXN_FRAUD_1052_0,USER_014,465.74918640326666,2025-11-29 14:30:00,Hotels.com,Entertainment,"Lyon, FR"
TXN_FRAUD_1052_1,USER_014,285.6154775757907,2025-11-29 14:35:00,Hotels.com,Entertainment,"Lyon, FR"
TXN_000156,USER_010,153.95,2025-11-29 14:39:00,Whole Foods,Utilities,"Lyon, FR"
TXN_FRAUD_1052_2,USER_014,241.5749929949969,2025-11-29 14:40:00,Hotels.com,Entertainment,"Lyon, FR"
TXN_000230,USER_048,23.0,2025-11-29 14:44:00,PayPal,Food,"Rome, IT"
TXN_003868,USER_050,87.15,2025-11-29 14:44:00,CVS,Shopping,"London, UK"
TXN_003516,USER_035,97.6,2025-11-29 15:03:00,Whole Foods,Utilities,"Brussels, BE"
TXN_004111,USER_008,22.1,2025-11-29 15:13:00,BestBuy,Travel,"Brussels, BE"
TXN_000623,USER_014,9.1,2025-11-29 15:22:00,Apple Store,Healthcare,"Amsterdam, NL"
TXN_003644,USER_025,33.56,2025-11-29 15:43:00,Whole Foods,Shopping,"Berlin, DE"
TXN_002182,USER_049,59.47,2025-11-29 16:01:00,Google Play,Food,"New York, US"
TXN_001257,USER_038,10.56,2025-11-29 16:30:00,Airbnb,Travel,"Marseille, FR"
TXN_004582,USER_008,27.83,2025-11-29 16:53:00,Apple Store,Healthcare,"London, UK"
TXN_000490,USER_019,78.1,2025-11-29 17:00:00,Apple Store,Entertainment,"Madrid, ES"
TXN_000109,USER_009,10.9,2025-11-29 17:02:00,Steam,Transport,"New York, US"
TXN_002663,USER_015,0.65,2025-11-29 17:05:00,CVS,Food,"New York, US"
TXN_001952,USER_027,21.8,2025-11-29 17:08:00,PayPal,Healthcare,"Lagos, NG"
TXN_001835,USER_013,16.87,2025-11-29 17:12:00,Shell Gas,Shopping,"New York, US"
TXN_003948,USER_022,117.76,2025-11-29 17:14:00,Delta Airlines,Shopping,"Madrid, ES"
TXN_002440,USER_031,51.08,2025-11-29 17:19:00,McDonalds,Subscription,"London, UK"
TXN_001181,USER_031,74.01,2025-11-29 17:28:00,Airbnb,Fuel,"Berlin, DE"
TXN_000327,USER_014,18.45,2025-11-29 18:23:00,CVS,Fuel,"Madrid, ES"
TXN_000023,USER_008,43.05,2025-11-29 19:28:00,McDonalds,Healthcare,"Amsterdam, NL"
TXN_002894,USER_008,3.02,2025-11-29 22:45:00,Hotels.com,Food,"Marseille, FR"
TXN_001736,USER_022,25.29,2025-11-29 22:54:00,Airbnb,Shopping,"Rome, IT"
TXN_003471,USER_047,220.48,2025-11-30 00:01:00,CVS,Other,"Brussels, BE"
TXN_000127,USER_050,11.34,2025-11-30 01:07:00,BestBuy,Other,"Paris, FR"
TXN_002786,USER_031,106.16,2025-11-30 02:36:00,Uber,Healthcare,"Marseille, FR"
TXN_003661,USER_005,28.0,2025-11-30 02:51:00,Apple Store,Entertainment,"Amsterdam, NL"
TXN_000741,USER_033,16.84,2025-11-30 02:52:00,Spotify,Fuel,"Madrid, ES"
TXN_001327,USER_012,36.79,2025-11-30 04:38:00,Amazon,Subscription,"Brussels, BE"
TXN_002086,USER_033,87.27,2025-11-30 04:48:00,Steam,Healthcare,"Rome, IT"
TXN_001939,USER_042,12.84,2025-11-30 04:53:00,Hertz,Utilities,"Paris, FR"
TXN_002465,USER_003,22.5,2025-11-30 05:06:00,Spotify,Shopping,"New York, US"
TXN_000184,USER_046,86.88,2025-11-30 05:07:00,Hertz,Shopping,"Brussels, BE"
TXN_000435,USER_022,56.6,2025-11-30 05:34:00,Airbnb,Utilities,"Marseille, FR"
TXN_003351,USER_030,60.24,2025-11-30 05:51:00,Walmart,Subscription,"Brussels, BE"
TXN_004083,USER_021,9.88,2025-11-30 06:01:00,Google Play,Utilities,"Marseille, FR"
TXN_001517,USER_008,20.55,2025-11-30 06:03:00,Delta Airlines,Transport,"Amsterdam, NL"
TXN_003988,USER_049,14.4,2025-11-30 06:09:00,Apple Store,Shopping,"New York, US"
TXN_000006,USER_049,17.63,2025-11-30 06:32:00,PayPal,Travel,"London, UK"
TXN_002654,USER_046,7.26,2025-11-30 07:24:00,Spotify,Subscription,"Rome, IT"
TXN_001407,USER_017,37.9,2025-11-30 07:25:00,Walmart,Transport,"Berlin, DE"
TXN_002691,USER_011,110.82,2025-11-30 07:27:00,McDonalds,Travel,"Brussels, BE"
TXN_001324,USER_012,4.51,2025-11-30 07:30:00,Walmart,Shopping,"Berlin, DE"
TXN_004941,USER_026,30.19,2025-11-30 07:37:00,Walmart,Entertainment,"Brussels, BE"
TXN_003186,USER_046,21.08,2025-11-30 07:53:00,CVS,Fuel,"Paris, FR"
TXN_002555,USER_020,34.25,2025-11-30 08:17:00,Hertz,Transport,"Paris, FR"
TXN_003258,USER_017,67.9,2025-11-30 08:29:00,Delta Airlines,Food,"Rome, IT"
TXN_002848,USER_047,29.28,2025-11-30 08:34:00,Shell Gas,Entertainment,"Amsterdam, NL"
TXN_000704,USER_025,22.92,2025-11-30 08:34:00,Target,Fuel,"Lyon, FR"
TXN_002315,USER_002,24.54,2025-11-30 09:02:00,BestBuy,Food,"Rome, IT"
TXN_003874,USER_029,259.04,2025-11-30 09:21:00,Uber,Entertainment,"Amsterdam, NL"
TXN_001646,USER_003,8.66,2025-11-30 09:23:00,Google Play,Food,"Amsterdam, NL"
TXN_003759,USER_009,180.34,2025-11-30 09:36:00,BestBuy,Subscription,"Berlin, DE"
TXN_003788,USER_041,7.95,2025-11-30 09:40:00,Shell Gas,Healthcare,"Lyon, FR"
TXN_002461,USER_013,2.39,2025-11-30 09:41:00,Hertz,Healthcare,"New York, US"
TXN_004987,USER_026,156.34,2025-11-30 09:43:00,McDonalds,Other,"Berlin, DE"
TXN_003116,USER_002,8.61,2025-11-30 09:53:00,Whole Foods,Transport,"New York, US"
TXN_003303,USER_005,1.53,2025-11-30 09:57:00,Apple Store,Transport,"Brussels, BE"
TXN_001920,USER_042,43.9,2025-11-30 10:24:00,Starbucks,Subscription,"Rome, IT"
TXN_000317,USER_027,14.71,2025-11-30 10:40:00,Shell Gas,Other,"Marseille, FR"
TXN_004620,USER_012,15.53,2025-11-30 10:40:00,BestBuy,Healthcare,"Amsterdam, NL"
TXN_000749,USER_004,18.02,2025-11-30 10:42:00,Whole Foods,Entertainment,"New York, US"
TXN_004760,USER_011,13.72,2025-11-30 11:03:00,Netflix,Food,"London, UK"
TXN_000064,USER_019,19.7,2025-11-30 11:16:00,Hertz,Utilities,"Amsterdam, NL"
TXN_004285,USER_042,5.47,2025-11-30 11:20:00,Shell Gas,Food,"Brussels, BE"
TXN_004553,USER_006,826.01,2025-11-30 11:27:00,BestBuy,Fuel,"Marseille, FR"
TXN_001280,USER_017,10.51,2025-11-30 11:37:00,Target,Utilities,"Paris, FR"
TXN_003876,USER_026,33.9,2025-11-30 11:44:00,Whole Foods,Entertainment,"Marseille, FR"
TXN_002818,USER_049,105.13,2025-11-30 11:58:00,Apple Store,Shopping,"Lyon, FR"
TXN_001561,USER_014,128.43,2025-11-30 13:12:00,Steam,Utilities,"Marseille, FR"
TXN_001338,USER_039,46.16,2025-11-30 13:38:00,CVS,Transport,"Amsterdam, NL"
TXN_001858,USER_037,170.61,2025-11-30 14:00:00,PayPal,Utilities,"Berlin, DE"
TXN_002701,USER_016,27.45,2025-11-30 14:08:00,Hotels.com,Other,"Rome, IT"
TXN_002635,USER_013,2.89,2025-11-30 14:17:00,Google Play,Entertainment,"Lagos, NG"
TXN_004718,USER_026,26.76,2025-11-30 14:25:00,PayPal,Transport,"Paris, FR"
TXN_000920,USER_038,31.37,2025-11-30 14:29:00,PayPal,Shopping,"New York, US"
TXN_000105,USER_029,28.53,2025-11-30 14:35:00,Hotels.com,Subscription,"London, UK"
TXN_003561,USER_044,53.24,2025-11-30 14:53:00,Steam,Travel,"Paris, FR"
TXN_003956,USER_026,69.0,2025-11-30 15:01:00,Whole Foods,Transport,"Paris, FR"
TXN_003900,USER_026,4055.7435261976716,2025-11-30 15:12:00,CVS,Subscription,"Paris, FR"
TXN_002462,USER_019,22.15,2025-11-30 15:46:00,Google Play,Travel,"Madrid, ES"
TXN_001049,USER_036,3.8,2025-11-30 15:52:00,Delta Airlines,Transport,"Rome, IT"
TXN_003916,USER_012,18.2,2025-11-30 16:57:00,CVS,Subscription,"Berlin, DE"
TXN_000847,USER_049,139.54,2025-11-30 17:06:00,Netflix,Transport,"Paris, FR"
TXN_000027,USER_028,3690.985847687913,2025-11-30 17:17:00,Amazon,Utilities,"Brussels, BE"
TXN_001430,USER_023,23.17,2025-11-30 17:42:00,Delta Airlines,Other,"New York, US"
TXN_000320,USER_049,33.76,2025-11-30 18:05:00,Airbnb,Fuel,"Marseille, FR"
TXN_002993,USER_026,54.03,2025-11-30 18:07:00,Hertz,Utilities,"New York, US"
TXN_002747,USER_027,37.24,2025-11-30 18:14:00,McDonalds,Transport,"Brussels, BE"
TXN_003268,USER_024,8.79,2025-11-30 19:13:00,Shell Gas,Travel,"Lyon, FR"
TXN_002307,USER_001,35.87,2025-11-30 20:10:00,Delta Airlines,Fuel,"New York, US"
TXN_004142,USER_005,1710.9742812297307,2025-12-01 02:15:00,Hotels.com,Subscription,"Moscow, RU"
TXN_004362,USER_007,60.95,2025-12-01 02:32:00,CVS,Shopping,"Paris, FR"
TXN_004789,USER_003,91.5,2025-12-01 03:06:00,Hertz,Entertainment,"Rome, IT"
TXN_000015,USER_041,16.11,2025-12-01 03:22:00,Uber,Transport,"Rome, IT"
TXN_001923,USER_044,46.69,2025-12-01 03:47:00,Walmart,Food,"Berlin, DE"
TXN_000573,USER_032,122.64,2025-12-01 03:53:00,Whole Foods,Shopping,"New York, US"
TXN_001364,USER_007,258.35,2025-12-01 04:05:00,BestBuy,Transport,"Rome, IT"
TXN_000817,USER_032,155.33,2025-12-01 04:52:00,Hotels.com,Travel,"New York, US"
TXN_003560,USER_043,19.06,2025-12-01 04:59:00,Uber,Travel,"Berlin, DE"
TXN_002659,USER_040,169.49,2025-12-01 05:10:00,Starbucks,Other,"Brussels, BE"
TXN_002647,USER_047,364.54,2025-12-01 05:11:00,PayPal,Travel,"Marseille, FR"
TXN_003253,USER_003,35.3,2025-12-01 05:45:00,Spotify,Travel,"Lyon, FR"
TXN_FRAUD_1155_0,USER_038,456.49613439569947,2025-12-01 06:13:00,CVS,Other,"Amsterdam, NL"
TXN_003493,USER_038,73.02,2025-12-01 06:13:00,CVS,Other,"Amsterdam, NL"
TXN_FRAUD_1155_1,USER_038,139.5527488825517,2025-12-01 06:18:00,CVS,Other,"Amsterdam, NL"
TXN_FRAUD_1155_2,USER_038,415.09425569536745,2025-12-01 06:23:00,CVS,Other,"Amsterdam, NL"
TXN_000376,USER_042,30.46,2025-12-01 06:25:00,Whole Foods,Transport,"Marseille, FR"
TXN_000706,USER_042,6.12,2025-12-01 06:26:00,PayPal,Transport,"Paris, FR"
TXN_004707,USER_037,7.58,2025-12-01 06:26:00,Walmart,Transport,"Marseille, FR"
TXN_002614,USER_045,128.54,2025-12-01 06:31:00,Steam,Utilities,"Madrid, ES"
TXN_001445,USER_048,25.77,2025-12-01 06:52:00,Google Play,Entertainment,"Berlin, DE"
TXN_003654,USER_016,139.01,2025-12-01 07:08:00,Google Play,Entertainment,"Amsterdam, NL"
TXN_002510,USER_010,3.17,2025-12-01 07:18:00,Amazon,Travel,"Lyon, FR"
TXN_001754,USER_005,72.68,2025-12-01 07:20:00,Steam,Fuel,"Berlin, DE"
TXN_004402,USER_029,66.03,2025-12-01 07:23:00,Google Play,Subscription,"Berlin, DE"
TXN_001306,USER_040,15.37,2025-12-01 07:41:00,Whole Foods,Food,"Lyon, FR"
TXN_004007,USER_045,14.31,2025-12-01 07:54:00,CVS,Transport,"Lyon, FR"
TXN_003393,USER_045,21.99,2025-12-01 08:05:00,Delta Airlines,Fuel,"Brussels, BE"
TXN_004748,USER_004,26.76,2025-12-01 08:09:00,Airbnb,Fuel,"London, UK"
TXN_003841,USER_041,12.92,2025-12-01 08:11:00,Netflix,Fuel,"Marseille, FR"
TXN_001312,USER_036,15.05,2025-12-01 08:16:00,Uber,Other,"Paris, FR"
TXN_003205,USER_027,37.42,2025-12-01 08:20:00,Hotels.com,Transport,"Paris, FR"
TXN_000095,USER_048,83.43,2025-12-01 08:30:00,Target,Utilities,"Brussels, BE"
TXN_003051,USER_039,27.52,2025-12-01 08:46:00,Hotels.com,Subscription,"Brussels, BE"
TXN_004706,USER_002,26.96,2025-12-01 08:50:00,Hertz,Shopping,"Lyon, FR"
TXN_002023,USER_002,12.18,2025-12-01 09:26:00,Netflix,Transport,"London, UK"
TXN_002411,USER_045,101.32,2025-12-01 09:52:00,Starbucks,Fuel,"Brussels, BE"
TXN_000220,USER_018,46.27,2025-12-01 10:04:00,Hotels.com,Utilities,"Berlin, DE"
TXN_003851,USER_044,34.12,2025-12-01 10:40:00,Target,Subscription,"Berlin, DE"
TXN_003390,USER_001,68.32,2025-12-01 11:11:00,Walmart,Fuel,"Marseille, FR"
TXN_003595,USER_025,104.37,2025-12-01 11:24:00,McDonalds,Healthcare,"Amsterdam, NL"
TXN_004352,USER_024,12.34,2025-12-01 12:07:00,Walmart,Healthcare,"Marseille, FR"
TXN_001525,USER_024,4.11,2025-12-01 13:24:00,BestBuy,Shopping,"Brussels, BE"
TXN_003255,USER_013,27.94,2025-12-01 13:45:00,Steam,Subscription,"Lyon, FR"
TXN_003551,USER_027,32.59,2025-12-01 14:24:00,Hertz,Travel,"Rome, IT"
TXN_002515,USER_014,10.88,2025-12-01 14:28:00,Netflix,Transport,"Madrid, ES"
TXN_004081,USER_023,31.49,2025-12-01 15:57:00,BestBuy,Food,"Berlin, DE"
TXN_003703,USER_004,203.91,2025-12-01 16:26:00,CVS,Shopping,"Rome, IT"
TXN_004314,USER_025,77.84,2025-12-01 16:27:00,Google Play,Other,"Lyon, FR"
TXN_001896,USER_014,55.71,2025-12-01 16:36:00,Target,Food,"Madrid, ES"
TXN_002911,USER_040,13.08,2025-12-01 17:34:00,Apple Store,Travel,"Paris, FR"
TXN_003076,USER_044,35.67,2025-12-01 17:44:00,Walmart,Travel,"Brussels, BE"
TXN_003232,USER_030,51.26,2025-12-01 17:47:00,Hotels.com,Food,"Lyon, FR"
TXN_001711,USER_013,171.48,2025-12-01 18:09:00,Spotify,Food,"Lyon, FR"
TXN_001337,USER_027,25.59,2025-12-01 19:36:00,Apple Store,Entertainment,"London, UK"
TXN_002092,USER_025,201.35,2025-12-01 19:51:00,Google Play,Healthcare,"New York, US"
TXN_003878,USER_014,4.33,2025-12-01 20:57:00,BestBuy,Shopping,"Lyon, FR"
TXN_002579,USER_027,241.22,2025-12-01 21:58:00,Steam,Fuel,"Lyon, FR"
TXN_000174,USER_049,92.27,2025-12-01 23:18:00,Delta Airlines,Subscription,"London, UK"
TXN_000752,USER_042,82.65,2025-12-01 23:26:00,Amazon,Entertainment,"London, UK"
TXN_003712,USER_028,4.88,2025-12-02 00:03:00,Netflix,Subscription,"Lyon, FR"
TXN_000970,USER_036,15.19,2025-12-02 01:18:00,Apple Store,Travel,"New York, US"
TXN_004355,USER_028,78.68,2025-12-02 02:59:00,McDonalds,Food,"Amsterdam, NL"
TXN_003125,USER_007,43.35,2025-12-02 04:12:00,Hertz,Fuel,"Lyon, FR"
TXN_003406,USER_009,44.46,2025-12-02 04:50:00,PayPal,Subscription,"New York, US"
TXN_FRAUD_1206_0,USER_020,231.70783919174553,2025-12-02 04:55:00,Google Play,Shopping,"New York, US"
TXN_001190,USER_020,16.16,2025-12-02 04:55:00,Google Play,Shopping,"New York, US"
TXN_FRAUD_1206_1,USER_020,352.8502465567234,2025-12-02 05:00:00,Google Play,Shopping,"New York, US"
TXN_FRAUD_1206_2,USER_020,372.5382233982017,2025-12-02 05:05:00,Google Play,Shopping,"New York, US"
TXN_001403,USER_027,37.6,2025-12-02 05:19:00,Uber,Shopping,"Lyon, FR"
TXN_004589,USER_033,24.38,2025-12-02 05:34:00,Target,Fuel,"Brussels, BE"
TXN_004383,USER_023,152.69,2025-12-02 06:18:00,Hertz,Subscription,"New York, US"
TXN_004452,USER_012,32.42,2025-12-02 06:20:00,Hertz,Utilities,"Amsterdam, NL"
TXN_002813,USER_050,43.77,2025-12-02 06:42:00,Hotels.com,Food,"Berlin, DE"
TXN_004565,USER_042,169.68,2025-12-02 06:45:00,Starbucks,Subscription,"Madrid, ES"
TXN_000472,USER_048,21.08,2025-12-02 07:28:00,PayPal,Fuel,"Rome, IT"
TXN_002849,USER_050,48.22,2025-12-02 07:41:00,McDonalds,Shopping,"Rome, IT"
TXN_004867,USER_006,1.8,2025-12-02 07:48:00,Spotify,Transport,"London, UK"
TXN_001813,USER_023,324.37,2025-12-02 08:01:00,Walmart,Fuel,"New York, US"
TXN_004752,USER_026,18.05,2025-12-02 08:49:00,Delta Airlines,Utilities,"Madrid, ES"
TXN_002860,USER_005,32.63,2025-12-02 09:00:00,CVS,Subscription,"Marseille, FR"
TXN_000733,USER_003,60.9,2025-12-02 09:05:00,Steam,Transport,"Amsterdam, NL"
TXN_004855,USER_036,6.12,2025-12-02 09:29:00,Spotify,Utilities,"Brussels, BE"
TXN_004017,USER_031,29.72,2025-12-02 09:39:00,Delta Airlines,Utilities,"Berlin, DE"
TXN_004476,USER_012,2.47,2025-12-02 10:11:00,Target,Subscription,"London, UK"
TXN_004758,USER_029,71.45,2025-12-02 10:23:00,PayPal,Entertainment,"Amsterdam, NL"
TXN_000898,USER_007,61.17,2025-12-02 10:29:00,CVS,Food,"London, UK"
TXN_003418,USER_010,52.59,2025-12-02 10:40:00,Spotify,Fuel,"Amsterdam, NL"
TXN_001924,USER_031,1.65,2025-12-02 10:51:00,BestBuy,Fuel,"Berlin, DE"
TXN_000680,USER_023,232.31,2025-12-02 11:59:00,Uber,Other,"Lagos, NG"
TXN_000028,USER_049,11.51,2025-12-02 12:20:00,BestBuy,Utilities,"Brussels, BE"
TXN_002419,USER_029,48.87,2025-12-02 12:20:00,Whole Foods,Utilities,"Lyon, FR"
TXN_003925,USER_031,56.0,2025-12-02 12:20:00,McDonalds,Fuel,"Amsterdam, NL"
TXN_FRAUD_1231_0,USER_004,346.8787900816482,2025-12-02 12:28:00,Hotels.com,Subscription,"Paris, FR"
TXN_000953,USER_004,44.86,2025-12-02 12:28:00,Hotels.com,Subscription,"Paris, FR"
TXN_FRAUD_1231_1,USER_004,106.4581605606894,2025-12-02 12:33:00,Hotels.com,Subscription,"Paris, FR"
TXN_FRAUD_1231_2,USER_004,289.74119384361586,2025-12-02 12:38:00,Hotels.com,Subscription,"Paris, FR"
TXN_001743,USER_017,21.53,2025-12-02 13:09:00,Hertz,Entertainment,"Marseille, FR"
TXN_004334,USER_035,42.5,2025-12-02 14:05:00,Hertz,Utilities,"Lagos, NG"
TXN_003689,USER_043,19.35,2025-12-02 14:17:00,Spotify,Fuel,"Lyon, FR"
TXN_001823,USER_021,21.05,2025-12-02 14:48:00,Steam,Travel,"Paris, FR"
TXN_004676,USER_046,138.01,2025-12-02 14:59:00,Starbucks,Subscription,"Lyon, FR"
TXN_003193,USER_018,3.8,2025-12-02 16:22:00,BestBuy,Subscription,"Brussels, BE"
TXN_002147,USER_024,22.34,2025-12-02 16:23:00,CVS,Transport,"Brussels, BE"
TXN_000101,USER_015,881.22,2025-12-02 16:39:00,Delta Airlines,Subscription,"Paris, FR"
TXN_002744,USER_016,8.52,2025-12-02 17:24:00,Amazon,Transport,"Brussels, BE"
TXN_003746,USER_015,86.45,2025-12-02 17:36:00,Apple Store,Healthcare,"Marseille, FR"
TXN_002045,USER_011,25.93,2025-12-02 17:40:00,Steam,Other,"New York, US"
TXN_002527,USER_046,122.56,2025-12-02 17:43:00,Starbucks,Food,"Madrid, ES"
TXN_004216,USER_006,5.31,2025-12-02 17:46:00,Uber,Other,"Brussels, BE"
TXN_001283,USER_026,122.11,2025-12-02 18:29:00,Hotels.com,Food,"Marseille, FR"
TXN_002249,USER_002,46.37,2025-12-02 19:04:00,Target,Transport,"Paris, FR"
TXN_003024,USER_026,7.36,2025-12-02 19:08:00,CVS,Shopping,"London, UK"
TXN_000686,USER_022,124.57,2025-12-02 21:46:00,Apple Store,Shopping,"Paris, FR"
TXN_004728,USER_009,121.47,2025-12-02 23:13:00,Airbnb,Food,"Lagos, NG"
TXN_000888,USER_008,2496.606555887051,2025-12-03 01:30:00,Whole Foods,Shopping,"Beijing, CN"
TXN_000154,USER_022,2810.68791519588,2025-12-03 01:51:00,Netflix,Subscription,"Beijing, CN"
TXN_000805,USER_022,29.57,2025-12-03 01:55:00,Steam,Healthcare,"Rome, IT"
TXN_000312,USER_011,67.09,2025-12-03 02:41:00,CVS,Transport,"Rome, IT"
TXN_001187,USER_025,63.09,2025-12-03 03:26:00,BestBuy,Utilities,"Berlin, DE"
TXN_002728,USER_020,60.34,2025-12-03 03:54:00,Amazon,Fuel,"Amsterdam, NL"
TXN_002232,USER_030,256.1,2025-12-03 04:05:00,Amazon,Subscription,"Brussels, BE"
TXN_000669,USER_014,1539.2013052064044,2025-12-03 04:05:00,Netflix,Subscription,"Moscow, RU"
TXN_002931,USER_028,20.47,2025-12-03 04:16:00,Amazon,Entertainment,"Madrid, ES"
TXN_000694,USER_003,37.72,2025-12-03 04:26:00,Apple Store,Other,"New York, US"
TXN_004000,USER_037,133.48,2025-12-03 04:53:00,McDonalds,Other,"Amsterdam, NL"
TXN_003108,USER_020,0.78,2025-12-03 05:02:00,Apple Store,Other,"Rome, IT"
TXN_004497,USER_009,93.49,2025-12-03 05:11:00,Starbucks,Food,"Madrid, ES"
TXN_004785,USER_019,26.65,2025-12-03 05:27:00,Walmart,Utilities,"Madrid, ES"
TXN_003583,USER_042,105.56,2025-12-03 05:31:00,Uber,Travel,"Paris, FR"
TXN_000887,USER_011,19.34,2025-12-03 06:02:00,CVS,Utilities,"New York, US"
TXN_003363,USER_034,39.07,2025-12-03 06:28:00,Hotels.com,Fuel,"Paris, FR"
TXN_002946,USER_037,51.95,2025-12-03 07:16:00,Amazon,Subscription,"Amsterdam, NL"
TXN_002865,USER_044,15.17,2025-12-03 07:25:00,Delta Airlines,Transport,"Lyon, FR"
TXN_002044,USER_032,131.82,2025-12-03 07:29:00,Spotify,Shopping,"London, UK"
TXN_000767,USER_049,29.78,2025-12-03 07:31:00,Apple Store,Food,"New York, US"
TXN_002012,USER_028,85.03,2025-12-03 08:04:00,Hotels.com,Travel,"Berlin, DE"
TXN_004058,USER_030,30.57,2025-12-03 08:44:00,Google Play,Shopping,"Berlin, DE"
TXN_001172,USER_032,42.93,2025-12-03 08:44:00,CVS,Entertainment,"London, UK"
TXN_003275,USER_013,11.23,2025-12-03 09:14:00,Walmart,Shopping,"Berlin, DE"
TXN_000358,USER_002,4315.990213730978,2025-12-03 09:19:00,Delta Airlines,Healthcare,"Brussels, BE"
TXN_004464,USER_002,30.9,2025-12-03 09:22:00,Starbucks,Healthcare,"Marseille, FR"
TXN_FRAUD_1272_0,USER_002,435.1108529372734,2025-12-03 09:22:00,Starbucks,Healthcare,"Marseille, FR"
TXN_FRAUD_1272_1,USER_002,367.0585318789265,2025-12-03 09:27:00,Starbucks,Healthcare,"Marseille, FR"
TXN_FRAUD_1272_2,USER_002,254.64158862546228,2025-12-03 09:32:00,Starbucks,Healthcare,"Marseille, FR"
TXN_003049,USER_014,164.95,2025-12-03 09:43:00,Apple Store,Entertainment,"Rome, IT"
TXN_000345,USER_022,41.29,2025-12-03 10:19:00,Hotels.com,Travel,"Brussels, BE"
TXN_000347,USER_039,696.75,2025-12-03 10:22:00,Spotify,Travel,"Lyon, FR"
TXN_001651,USER_014,43.61,2025-12-03 10:40:00,Hotels.com,Shopping,"Lyon, FR"
TXN_000119,USER_030,185.83,2025-12-03 10:51:00,Netflix,Healthcare,"Berlin, DE"
TXN_004477,USER_010,34.82,2025-12-03 11:06:00,Amazon,Utilities,"New York, US"
TXN_004818,USER_012,91.17,2025-12-03 11:14:00,PayPal,Subscription,"Amsterdam, NL"
TXN_001566,USER_040,18.19,2025-12-03 11:15:00,PayPal,Food,"Paris, FR"
TXN_004381,USER_039,9.63,2025-12-03 11:15:00,Walmart,Fuel,"Rome, IT"
TXN_002975,USER_013,4.8,2025-12-03 11:42:00,Apple Store,Entertainment,"Marseille, FR"
TXN_003272,USER_045,159.33,2025-12-03 11:48:00,McDonalds,Utilities,"Madrid, ES"
TXN_001578,USER_022,53.65,2025-12-03 12:01:00,McDonalds,Food,"Amsterdam, NL"
TXN_FRAUD_1285_0,USER_022,273.7123992493215,2025-12-03 12:01:00,McDonalds,Food,"Amsterdam, NL"
TXN_FRAUD_1285_1,USER_022,222.86795717511325,2025-12-03 12:06:00,McDonalds,Food,"Amsterdam, NL"
TXN_004094,USER_020,5.3,2025-12-03 12:08:00,Airbnb,Entertainment,"Lyon, FR"
TXN_FRAUD_1285_2,USER_022,447.4214846164105,2025-12-03 12:11:00,McDonalds,Food,"Amsterdam, NL"
TXN_002883,USER_030,8.16,2025-12-03 12:45:00,Uber,Travel,"Lagos, NG"
TXN_002808,USER_037,4.43,2025-12-03 12:49:00,Apple Store,Food,"London, UK"
TXN_000263,USER_002,15.61,2025-12-03 13:05:00,Spotify,Travel,"Berlin, DE"
TXN_000861,USER_015,53.22,2025-12-03 13:21:00,Target,Fuel,"Marseille, FR"
TXN_004726,USER_025,184.18,2025-12-03 13:26:00,Netflix,Food,"Amsterdam, NL"
TXN_003647,USER_036,25.36,2025-12-03 13:33:00,Airbnb,Food,"Rome, IT"
TXN_002010,USER_004,131.73,2025-12-03 13:50:00,Amazon,Shopping,"Berlin, DE"
TXN_001984,USER_047,30.75,2025-12-03 14:13:00,Google Play,Shopping,"Lyon, FR"
TXN_000984,USER_024,1.85,2025-12-03 14:19:00,PayPal,Entertainment,"Madrid, ES"
TXN_001212,USER_026,39.98,2025-12-03 14:32:00,Apple Store,Travel,"Rome, IT"
TXN_002194,USER_008,93.42,2025-12-03 14:39:00,Apple Store,Healthcare,"Marseille, FR"
TXN_003879,USER_001,23.47,2025-12-03 15:02:00,McDonalds,Shopping,"Paris, FR"
TXN_004964,USER_027,3.44,2025-12-03 15:03:00,Apple Store,Other,"Madrid, ES"
TXN_001278,USER_045,85.76,2025-12-03 15:04:00,Spotify,Subscription,"Lyon, FR"
TXN_000264,USER_001,2.39,2025-12-03 15:43:00,Starbucks,Other,"Madrid, ES"
TXN_003492,USER_037,9.23,2025-12-03 15:47:00,Amazon,Subscription,"London, UK"
TXN_002854,USER_006,138.23,2025-12-03 16:04:00,Steam,Entertainment,"New York, US"
TXN_002177,USER_011,22.22,2025-12-03 16:07:00,Amazon,Transport,"Amsterdam, NL"
TXN_000568,USER_028,17.55,2025-12-03 16:19:00,Hertz,Transport,"Brussels, BE"
TXN_002123,USER_006,85.49,2025-12-03 16:34:00,BestBuy,Healthcare,"Madrid, ES"
TXN_003088,USER_014,12.97,2025-12-03 16:40:00,Target,Food,"London, UK"
TXN_004886,USER_025,3.94,2025-12-03 16:58:00,PayPal,Other,"Amsterdam, NL"
TXN_004685,USER_018,3.13,2025-12-03 17:31:00,Steam,Utilities,"Rome, IT"
TXN_004955,USER_016,14.58,2025-12-03 18:30:00,BestBuy,Food,"Amsterdam, NL"
TXN_002062,USER_039,24.12,2025-12-03 20:31:00,PayPal,Transport,"London, UK"
TXN_003725,USER_028,20.34,2025-12-03 21:10:00,Hertz,Fuel,"Berlin, DE"
TXN_004279,USER_005,16.65,2025-12-04 01:59:00,Amazon,Utilities,"Lyon, FR"
TXN_003698,USER_018,2853.18021983789,2025-12-04 02:15:00,Google Play,Fuel,"Moscow, RU"
TXN_001888,USER_043,175.72,2025-12-04 03:48:00,Apple Store,Shopping,"Berlin, DE"
TXN_004379,USER_015,36.77,2025-12-04 03:55:00,Delta Airlines,Entertainment,"Madrid, ES"
TXN_002866,USER_032,68.89,2025-12-04 04:26:00,Starbucks,Other,"Berlin, DE"
TXN_002519,USER_036,8.4,2025-12-04 05:12:00,Google Play,Transport,"Paris, FR"
TXN_000091,USER_009,40.85,2025-12-04 05:14:00,Steam,Transport,"Amsterdam, NL"
TXN_002323,USER_034,57.5,2025-12-04 05:53:00,Whole Foods,Shopping,"Lyon, FR"
TXN_001192,USER_010,180.48,2025-12-04 06:09:00,Hotels.com,Fuel,"London, UK"
TXN_004540,USER_002,10.22,2025-12-04 06:28:00,Netflix,Shopping,"Lyon, FR"
TXN_002891,USER_018,171.12,2025-12-04 06:40:00,Hotels.com,Utilities,"Amsterdam, NL"
TXN_004189,USER_026,40.12,2025-12-04 07:09:00,Whole Foods,Travel,"Rome, IT"
TXN_003434,USER_025,469.2,2025-12-04 07:21:00,Target,Healthcare,"London, UK"
TXN_000571,USER_009,8.56,2025-12-04 07:40:00,Steam,Fuel,"Brussels, BE"
TXN_002470,USER_026,62.5,2025-12-04 07:41:00,CVS,Utilities,"Berlin, DE"
TXN_001545,USER_004,9.8,2025-12-04 07:57:00,Walmart,Entertainment,"Marseille, FR"
TXN_002776,USER_033,20.21,2025-12-04 07:57:00,Uber,Shopping,"New York, US"
TXN_000315,USER_031,23.94,2025-12-04 08:11:00,Whole Foods,Subscription,"Rome, IT"
TXN_001821,USER_041,13.3,2025-12-04 08:27:00,Shell Gas,Fuel,"Madrid, ES"
TXN_004086,USER_032,12.77,2025-12-04 08:29:00,McDonalds,Shopping,"Brussels, BE"
TXN_002141,USER_014,23.72,2025-12-04 09:14:00,Hertz,Transport,"Amsterdam, NL"
TXN_001783,USER_025,3.66,2025-12-04 09:18:00,BestBuy,Travel,"Amsterdam, NL"
TXN_002214,USER_006,50.2,2025-12-04 09:34:00,Google Play,Fuel,"Paris, FR"
TXN_002399,USER_018,47.1,2025-12-04 09:41:00,Whole Foods,Utilities,"New York, US"
TXN_003349,USER_023,40.39,2025-12-04 09:43:00,Uber,Subscription,"Rome, IT"
TXN_003666,USER_036,22.06,2025-12-04 09:59:00,Walmart,Shopping,"London, UK"
TXN_003500,USER_040,122.95,2025-12-04 09:59:00,Shell Gas,Food,"Marseille, FR"
TXN_004931,USER_025,13.97,2025-12-04 10:04:00,Walmart,Other,"Lyon, FR"
TXN_004182,USER_023,9.14,2025-12-04 10:06:00,PayPal,Travel,"Berlin, DE"
TXN_003850,USER_002,211.51,2025-12-04 10:43:00,Hertz,Fuel,"Madrid, ES"
TXN_001045,USER_029,33.33,2025-12-04 10:49:00,Steam,Travel,"Marseille, FR"
TXN_000147,USER_008,7.0,2025-12-04 11:08:00,BestBuy,Fuel,"Marseille, FR"
TXN_FRAUD_1346_0,USER_019,392.52880528125564,2025-12-04 11:43:00,Amazon,Food,"Rome, IT"
TXN_003444,USER_019,21.09,2025-12-04 11:43:00,Amazon,Food,"Rome, IT"
TXN_000464,USER_018,231.67,2025-12-04 11:47:00,BestBuy,Shopping,"Madrid, ES"
TXN_FRAUD_1346_1,USER_019,316.22293773729655,2025-12-04 11:48:00,Amazon,Food,"Rome, IT"
TXN_004029,USER_046,8.63,2025-12-04 11:50:00,Starbucks,Fuel,"Lyon, FR"
TXN_FRAUD_1346_2,USER_019,394.35379068456325,2025-12-04 11:53:00,Amazon,Food,"Rome, IT"
TXN_004688,USER_026,243.03,2025-12-04 12:16:00,Walmart,Travel,"Paris, FR"
TXN_003534,USER_005,211.64,2025-12-04 13:00:00,Shell Gas,Subscription,"New York, US"
TXN_001892,USER_039,8.34,2025-12-04 13:33:00,Starbucks,Fuel,"Amsterdam, NL"
TXN_004243,USER_013,9.01,2025-12-04 13:35:00,Amazon,Fuel,"New York, US"
TXN_000141,USER_034,52.08,2025-12-04 13:53:00,Uber,Healthcare,"Rome, IT"
TXN_004049,USER_030,36.61,2025-12-04 14:56:00,McDonalds,Healthcare,"Marseille, FR"
TXN_004289,USER_022,15.34,2025-12-04 15:22:00,Steam,Entertainment,"Lyon, FR"
TXN_002576,USER_032,114.87,2025-12-04 15:50:00,Shell Gas,Utilities,"Madrid, ES"
TXN_003521,USER_043,56.93,2025-12-04 16:40:00,CVS,Travel,"Paris, FR"
TXN_001584,USER_045,10.02,2025-12-04 16:42:00,Amazon,Entertainment,"Rome, IT"
TXN_002926,USER_037,22.84,2025-12-04 16:43:00,CVS,Travel,"Rome, IT"
TXN_002237,USER_019,14.04,2025-12-04 17:13:00,McDonalds,Other,"London, UK"
TXN_002767,USER_023,207.41,2025-12-04 17:28:00,Whole Foods,Healthcare,"Rome, IT"
TXN_004947,USER_004,23.42,2025-12-04 18:26:00,Airbnb,Utilities,"London, UK"
TXN_003514,USER_050,54.89,2025-12-04 18:39:00,Delta Airlines,Travel,"Amsterdam, NL"
TXN_001709,USER_026,50.62,2025-12-04 19:09:00,Target,Other,"Paris, FR"
TXN_002630,USER_027,83.35,2025-12-04 19:28:00,Amazon,Other,"New York, US"
TXN_004047,USER_050,55.93,2025-12-04 19:33:00,Uber,Other,"Madrid, ES"
TXN_002671,USER_006,11.46,2025-12-04 19:34:00,Target,Transport,"Brussels, BE"
TXN_002321,USER_036,27.57,2025-12-05 00:00:00,Netflix,Subscription,"Rome, IT"
TXN_FRAUD_1370_0,USER_011,398.64219544576497,2025-12-05 00:03:00,PayPal,Transport,"Amsterdam, NL"
TXN_001845,USER_011,19.08,2025-12-05 00:03:00,PayPal,Transport,"Amsterdam, NL"
TXN_FRAUD_1370_1,USER_011,466.10824239406077,2025-12-05 00:08:00,PayPal,Transport,"Amsterdam, NL"
TXN_FRAUD_1370_2,USER_011,211.15393690435909,2025-12-05 00:13:00,PayPal,Transport,"Amsterdam, NL"
TXN_001228,USER_029,1695.7375576815293,2025-12-05 01:01:00,Apple Store,Utilities,"Moscow, RU"
TXN_004160,USER_031,2.03,2025-12-05 01:50:00,Whole Foods,Healthcare,"London, UK"
TXN_001057,USER_003,1554.9718946934827,2025-12-05 01:54:00,Hotels.com,Entertainment,"Moscow, RU"
TXN_001742,USER_002,29.15,2025-12-05 02:00:00,Spotify,Transport,"New York, US"
TXN_002874,USER_049,1969.7879050239812,2025-12-05 02:06:00,PayPal,Healthcare,"Beijing, CN"
TXN_002636,USER_031,2547.9044334485156,2025-12-05 02:08:00,Starbucks,Utilities,"Moscow, RU"
TXN_001758,USER_015,13.07,2025-12-05 03:16:00,Uber,Healthcare,"New York, US"
TXN_001111,USER_012,27.29,2025-12-05 03:20:00,Airbnb,Fuel,"Paris, FR"
TXN_000029,USER_039,66.59,2025-12-05 04:57:00,Google Play,Transport,"Brussels, BE"
TXN_004211,USER_015,335.16,2025-12-05 05:04:00,PayPal,Subscription,"Rome, IT"
TXN_000795,USER_032,42.63,2025-12-05 05:26:00,Shell Gas,Utilities,"Brussels, BE"
TXN_004031,USER_026,236.79,2025-12-05 05:48:00,Walmart,Travel,"Amsterdam, NL"
TXN_002472,USER_030,4.98,2025-12-05 05:54:00,Netflix,Other,"Rome, IT"
TXN_001523,USER_030,4.55,2025-12-05 06:04:00,McDonalds,Shopping,"Madrid, ES"
TXN_001768,USER_035,11.81,2025-12-05 06:09:00,Shell Gas,Travel,"London, UK"
TXN_004896,USER_021,307.25,2025-12-05 06:26:00,Delta Airlines,Entertainment,"Amsterdam, NL"
TXN_001733,USER_013,199.4,2025-12-05 06:28:00,Shell Gas,Food,"Berlin, DE"
TXN_003728,USER_022,4.16,2025-12-05 06:30:00,Shell Gas,Other,"Madrid, ES"
TXN_000779,USER_035,4115.7001985043,2025-12-05 06:34:00,Google Play,Shopping,"Berlin, DE"
TXN_003292,USER_042,18.56,2025-12-05 06:48:00,PayPal,Food,"Berlin, DE"
TXN_004597,USER_004,13.43,2025-12-05 06:58:00,Walmart,Entertainment,"Lyon, FR"
TXN_004993,USER_009,16.85,2025-12-05 07:10:00,Target,Travel,"Brussels, BE"
TXN_001614,USER_008,11.33,2025-12-05 07:16:00,PayPal,Shopping,"New York, US"
TXN_004782,USER_008,288.91,2025-12-05 07:17:00,McDonalds,Subscription,"Lagos, NG"
TXN_004615,USER_035,48.1,2025-12-05 07:19:00,Apple Store,Entertainment,"Paris, FR"
TXN_000374,USER_017,62.38,2025-12-05 07:28:00,Hertz,Utilities,"Marseille, FR"
TXN_004593,USER_020,0.79,2025-12-05 07:30:00,Netflix,Food,"Marseille, FR"
TXN_001176,USER_041,41.71,2025-12-05 07:32:00,Spotify,Utilities,"Lyon, FR"
TXN_001817,USER_016,72.47,2025-12-05 07:53:00,Amazon,Healthcare,"Paris, FR"
TXN_001335,USER_018,72.73,2025-12-05 08:09:00,Starbucks,Shopping,"Amsterdam, NL"
TXN_002344,USER_002,36.19,2025-12-05 08:22:00,CVS,Healthcare,"Paris, FR"
TXN_000644,USER_032,32.33,2025-12-05 08:34:00,Hertz,Entertainment,"Marseille, FR"
TXN_000743,USER_013,47.61,2025-12-05 08:41:00,Walmart,Entertainment,"Paris, FR"
TXN_001874,USER_012,104.79,2025-12-05 08:51:00,McDonalds,Entertainment,"London, UK"
TXN_000988,USER_025,26.54,2025-12-05 08:57:00,Starbucks,Subscription,"Paris, FR"
TXN_003455,USER_039,2622.0061158801245,2025-12-05 09:03:00,Whole Foods,Food,"New York, US"
TXN_002949,USER_043,68.84,2025-12-05 09:28:00,Apple Store,Utilities,"Lyon, FR"
TXN_002712,USER_022,12.25,2025-12-05 09:31:00,Netflix,Utilities,"Amsterdam, NL"
TXN_001146,USER_038,39.16,2025-12-05 09:44:00,Airbnb,Food,"Lagos, NG"
TXN_002957,USER_025,20.86,2025-12-05 09:45:00,Hotels.com,Healthcare,"Madrid, ES"
TXN_003192,USER_002,92.01,2025-12-05 10:26:00,Target,Food,"Lyon, FR"
TXN_003155,USER_027,3.27,2025-12-05 11:05:00,Walmart,Healthcare,"Rome, IT"
TXN_003367,USER_038,4.65,2025-12-05 11:28:00,Steam,Other,"Amsterdam, NL"
TXN_001121,USER_044,457.14,2025-12-05 11:43:00,Starbucks,Utilities,"Brussels, BE"
TXN_003386,USER_014,14.44,2025-12-05 11:56:00,Spotify,Subscription,"Paris, FR"
TXN_000211,USER_020,3.34,2025-12-05 13:12:00,Hotels.com,Food,"New York, US"
TXN_002273,USER_047,29.62,2025-12-05 13:15:00,Whole Foods,Food,"London, UK"
TXN_004976,USER_045,65.76,2025-12-05 13:37:00,Airbnb,Travel,"Amsterdam, NL"
TXN_004796,USER_012,54.44,2025-12-05 14:21:00,PayPal,Utilities,"Lyon, FR"
TXN_002441,USER_009,3350.9299224169654,2025-12-05 14:28:00,Target,Fuel,"New York, US"
TXN_003348,USER_043,9.55,2025-12-05 14:42:00,Starbucks,Entertainment,"Madrid, ES"
TXN_001520,USER_019,163.54,2025-12-05 14:53:00,PayPal,Travel,"Marseille, FR"
TXN_004881,USER_010,40.34,2025-12-05 14:56:00,Uber,Healthcare,"Paris, FR"
TXN_002408,USER_041,11.03,2025-12-05 15:45:00,McDonalds,Subscription,"Paris, FR"
TXN_004724,USER_026,19.89,2025-12-05 15:52:00,Hotels.com,Subscription,"London, UK"
TXN_002543,USER_018,3211.1474664999023,2025-12-05 15:59:00,Spotify,Utilities,"Rome, IT"
TXN_002873,USER_042,19.42,2025-12-05 17:06:00,Apple Store,Transport,"Lagos, NG"
TXN_002665,USER_015,22.04,2025-12-05 17:11:00,Walmart,Healthcare,"Lyon, FR"
TXN_000531,USER_040,77.42,2025-12-05 17:17:00,BestBuy,Transport,"London, UK"
TXN_004522,USER_011,21.22,2025-12-05 17:35:00,Hotels.com,Transport,"Paris, FR"
TXN_002898,USER_032,41.05,2025-12-05 18:56:00,Delta Airlines,Shopping,"Rome, IT"
TXN_001627,USER_050,49.28,2025-12-05 19:44:00,Spotify,Food,"Paris, FR"
TXN_001602,USER_012,6.16,2025-12-05 20:58:00,CVS,Subscription,"Lyon, FR"
TXN_004296,USER_036,97.81,2025-12-05 23:44:00,Delta Airlines,Other,"Madrid, ES"
TXN_001527,USER_046,12.57,2025-12-06 01:00:00,Netflix,Utilities,"Rome, IT"
TXN_003655,USER_035,5.13,2025-12-06 01:08:00,Hertz,Utilities,"London, UK"
TXN_001103,USER_014,4.63,2025-12-06 04:22:00,Delta Airlines,Utilities,"Brussels, BE"
TXN_002637,USER_002,34.53,2025-12-06 04:24:00,Airbnb,Subscription,"New York, US"
TXN_004197,USER_027,107.02,2025-12-06 04:29:00,BestBuy,Shopping,"London, UK"
TXN_003873,USER_009,18.26,2025-12-06 05:41:00,Hertz,Entertainment,"Amsterdam, NL"
TXN_001325,USER_019,4.07,2025-12-06 06:15:00,Netflix,Travel,"Amsterdam, NL"
TXN_000014,USER_023,17.84,2025-12-06 06:30:00,Netflix,Food,"Amsterdam, NL"
TXN_004264,USER_013,211.31,2025-12-06 06:34:00,BestBuy,Entertainment,"Brussels, BE"
TXN_003451,USER_014,6.61,2025-12-06 06:36:00,Google Play,Entertainment,"Brussels, BE"
TXN_003627,USER_005,86.32,2025-12-06 06:48:00,Apple Store,Travel,"Rome, IT"
TXN_000379,USER_042,37.28,2025-12-06 07:37:00,Whole Foods,Healthcare,"Amsterdam, NL"
TXN_004297,USER_044,8.52,2025-12-06 08:01:00,Hotels.com,Healthcare,"Lyon, FR"
TXN_FRAUD_1448_0,USER_044,478.34570530540657,2025-12-06 08:01:00,Hotels.com,Healthcare,"Lyon, FR"
TXN_FRAUD_1448_1,USER_044,391.571402761262,2025-12-06 08:06:00,Hotels.com,Healthcare,"Lyon, FR"
TXN_FRAUD_1448_2,USER_044,213.0898015906709,2025-12-06 08:11:00,Hotels.com,Healthcare,"Lyon, FR"
TXN_003031,USER_006,75.22,2025-12-06 08:16:00,McDonalds,Food,"London, UK"
TXN_000841,USER_013,12.04,2025-12-06 08:27:00,Spotify,Travel,"Marseille, FR"
TXN_004026,USER_041,36.68,2025-12-06 08:51:00,Netflix,Transport,"New York, US"
TXN_001365,USER_010,39.83,2025-12-06 09:21:00,Amazon,Utilities,"Madrid, ES"
TXN_004902,USER_002,161.31,2025-12-06 09:21:00,Whole Foods,Subscription,"Lagos, NG"
TXN_001869,USER_048,26.64,2025-12-06 09:47:00,Steam,Utilities,"Paris, FR"
TXN_002884,USER_046,33.48,2025-12-06 10:19:00,Shell Gas,Other,"Amsterdam, NL"
TXN_001601,USER_040,339.35,2025-12-06 11:06:00,Target,Subscription,"Marseille, FR"
TXN_002423,USER_048,8.29,2025-12-06 11:15:00,Delta Airlines,Utilities,"Amsterdam, NL"
TXN_004348,USER_041,12.15,2025-12-06 11:15:00,Google Play,Food,"Paris, FR"
TXN_004541,USER_024,18.3,2025-12-06 12:08:00,Uber,Utilities,"Madrid, ES"
TXN_002165,USER_021,24.82,2025-12-06 12:53:00,Target,Shopping,"Madrid, ES"
TXN_001663,USER_018,9.64,2025-12-06 13:03:00,Whole Foods,Subscription,"Lyon, FR"
TXN_001791,USER_009,232.27,2025-12-06 13:07:00,PayPal,Subscription,"Marseille, FR"
TXN_002244,USER_011,17.07,2025-12-06 13:10:00,Spotify,Other,"London, UK"
TXN_003388,USER_008,937.54,2025-12-06 13:11:00,Spotify,Healthcare,"Marseille, FR"
TXN_000484,USER_046,11.65,2025-12-06 13:13:00,Uber,Fuel,"Berlin, DE"
TXN_003715,USER_003,7.46,2025-12-06 13:49:00,PayPal,Fuel,"New York, US"
TXN_000093,USER_019,79.95,2025-12-06 14:15:00,Whole Foods,Other,"Berlin, DE"
TXN_000698,USER_017,342.36,2025-12-06 15:03:00,Target,Travel,"London, UK"
TXN_000657,USER_023,16.05,2025-12-06 15:16:00,Spotify,Subscription,"London, UK"
TXN_004852,USER_004,27.92,2025-12-06 15:49:00,Delta Airlines,Fuel,"Paris, FR"
TXN_001787,USER_019,73.42,2025-12-06 16:02:00,Spotify,Fuel,"Lyon, FR"
TXN_003669,USER_044,7.0,2025-12-06 16:32:00,Google Play,Fuel,"Berlin, DE"
TXN_003838,USER_004,26.71,2025-12-06 17:21:00,Netflix,Entertainment,"Rome, IT"
TXN_004458,USER_020,163.4,2025-12-06 17:25:00,Delta Airlines,Fuel,"Lyon, FR"
TXN_003352,USER_019,81.82,2025-12-06 18:14:00,BestBuy,Utilities,"Lagos, NG"
TXN_002746,USER_039,51.37,2025-12-06 18:43:00,Spotify,Travel,"Amsterdam, NL"
TXN_002549,USER_050,33.35,2025-12-06 19:04:00,Shell Gas,Subscription,"London, UK"
TXN_002338,USER_009,3036.1307429450108,2025-12-06 19:23:00,Apple Store,Shopping,"New York, US"
TXN_001174,USER_048,212.11,2025-12-06 20:39:00,CVS,Healthcare,"Madrid, ES"
TXN_004374,USER_041,22.56,2025-12-06 22:10:00,Starbucks,Utilities,"Rome, IT"
TXN_001824,USER_025,46.16,2025-12-06 22:17:00,Uber,Food,"London, UK"
TXN_001333,USER_010,138.09,2025-12-06 23:47:00,CVS,Subscription,"Marseille, FR"
TXN_000559,USER_046,291.31,2025-12-07 01:01:00,Netflix,Food,"Amsterdam, NL"
TXN_003177,USER_014,2484.8185501760536,2025-12-07 01:08:00,Google Play,Healthcare,"Moscow, RU"
TXN_003048,USER_017,130.06,2025-12-07 02:20:00,Amazon,Utilities,"Paris, FR"
TXN_002127,USER_041,2610.139239060367,2025-12-07 03:08:00,Whole Foods,Shopping,"Beijing, CN"
TXN_002028,USER_037,8.26,2025-12-07 03:25:00,Amazon,Fuel,"Rome, IT"
TXN_004218,USER_002,138.62,2025-12-07 05:05:00,Starbucks,Shopping,"Marseille, FR"
TXN_004821,USER_022,301.28,2025-12-07 06:20:00,Apple Store,Other,"Paris, FR"
TXN_000608,USER_047,33.49,2025-12-07 06:28:00,Starbucks,Healthcare,"Amsterdam, NL"
TXN_004662,USER_009,28.73,2025-12-07 06:45:00,Delta Airlines,Healthcare,"Brussels, BE"
TXN_001629,USER_019,108.8,2025-12-07 06:53:00,Delta Airlines,Fuel,"London, UK"
TXN_001738,USER_040,50.06,2025-12-07 07:03:00,Hotels.com,Travel,"Madrid, ES"
TXN_002142,USER_025,3568.155868172157,2025-12-07 07:10:00,Shell Gas,Entertainment,"Amsterdam, NL"
TXN_004020,USER_036,246.71,2025-12-07 07:27:00,Spotify,Fuel,"Marseille, FR"
TXN_000864,USER_019,11.35,2025-12-07 07:36:00,CVS,Fuel,"Rome, IT"
TXN_000053,USER_019,24.34,2025-12-07 07:51:00,Whole Foods,Fuel,"Paris, FR"
TXN_002269,USER_003,82.8,2025-12-07 08:06:00,Whole Foods,Food,"Paris, FR"
TXN_001156,USER_016,226.49,2025-12-07 08:25:00,Hotels.com,Subscription,"Madrid, ES"
TXN_002132,USER_034,16.8,2025-12-07 08:30:00,Netflix,Transport,"Paris, FR"
TXN_000007,USER_010,1.44,2025-12-07 08:36:00,Apple Store,Food,"Lyon, FR"
TXN_001064,USER_005,545.11,2025-12-07 09:21:00,BestBuy,Food,"New York, US"
TXN_003456,USER_032,117.17,2025-12-07 09:56:00,Steam,Travel,"New York, US"
TXN_002861,USER_035,81.35,2025-12-07 10:10:00,BestBuy,Transport,"Amsterdam, NL"
TXN_001640,USER_031,33.51,2025-12-07 10:16:00,Target,Travel,"Brussels, BE"
TXN_000148,USER_013,29.19,2025-12-07 10:35:00,Hotels.com,Utilities,"Amsterdam, NL"
TXN_002991,USER_012,129.51,2025-12-07 10:54:00,Amazon,Healthcare,"Rome, IT"
TXN_000992,USER_004,3072.2399444421626,2025-12-07 11:40:00,Netflix,Subscription,"Lyon, FR"
TXN_003687,USER_048,61.93,2025-12-07 12:50:00,Spotify,Other,"New York, US"
TXN_002622,USER_014,38.41,2025-12-07 13:55:00,Whole Foods,Utilities,"Marseille, FR"
TXN_003481,USER_021,4.31,2025-12-07 14:54:00,McDonalds,Entertainment,"London, UK"
TXN_002505,USER_007,192.53,2025-12-07 15:05:00,McDonalds,Utilities,"Amsterdam, NL"
TXN_003789,USER_015,79.45,2025-12-07 15:18:00,PayPal,Shopping,"Berlin, DE"
TXN_001432,USER_034,14.33,2025-12-07 16:33:00,Shell Gas,Utilities,"Marseille, FR"
TXN_004754,USER_020,129.95,2025-12-07 16:43:00,Apple Store,Travel,"Lyon, FR"
TXN_003649,USER_046,95.03,2025-12-07 16:47:00,Whole Foods,Other,"Marseille, FR"
TXN_004210,USER_007,160.62,2025-12-07 17:01:00,Amazon,Entertainment,"Paris, FR"
TXN_000161,USER_041,15.69,2025-12-07 17:04:00,Target,Transport,"New York, US"
TXN_004986,USER_034,23.09,2025-12-07 17:06:00,Spotify,Travel,"Madrid, ES"
TXN_004629,USER_019,3.22,2025-12-07 17:32:00,BestBuy,Other,"Brussels, BE"
TXN_003505,USER_048,39.7,2025-12-07 18:07:00,Hertz,Entertainment,"Brussels, BE"
TXN_000619,USER_017,31.91,2025-12-07 18:50:00,Walmart,Healthcare,"Brussels, BE"
TXN_000863,USER_015,10.26,2025-12-07 19:30:00,Apple Store,Travel,"Berlin, DE"
TXN_002801,USER_032,17.0,2025-12-07 22:25:00,PayPal,Utilities,"Lyon, FR"
TXN_004691,USER_037,88.27,2025-12-07 22:42:00,BestBuy,Subscription,"Marseille, FR"
TXN_000005,USER_027,16.49,2025-12-08 00:16:00,Whole Foods,Utilities,"Paris, FR"
TXN_003993,USER_015,18.85,2025-12-08 01:07:00,Apple Store,Food,"Lyon, FR"
TXN_003259,USER_039,2090.2542132332765,2025-12-08 01:32:00,Spotify,Shopping,"Moscow, RU"
TXN_000418,USER_020,5.35,2025-12-08 03:07:00,Spotify,Entertainment,"Rome, IT"
TXN_003506,USER_039,15.36,2025-12-08 03:08:00,CVS,Travel,"New York, US"
TXN_002456,USER_027,304.3,2025-12-08 03:24:00,McDonalds,Fuel,"New York, US"
TXN_003407,USER_009,77.01,2025-12-08 04:32:00,Target,Fuel,"Marseille, FR"
TXN_004392,USER_020,14.49,2025-12-08 06:01:00,Steam,Transport,"Amsterdam, NL"
TXN_003518,USER_031,9.73,2025-12-08 06:48:00,Amazon,Fuel,"Madrid, ES"
TXN_002059,USER_008,109.49,2025-12-08 06:54:00,Spotify,Travel,"Lyon, FR"
TXN_004714,USER_047,3121.3740934425086,2025-12-08 07:09:00,Spotify,Travel,"Paris, FR"
TXN_004303,USER_047,81.78,2025-12-08 07:10:00,McDonalds,Subscription,"Amsterdam, NL"
TXN_000244,USER_033,86.12,2025-12-08 07:27:00,Walmart,Fuel,"London, UK"
TXN_003601,USER_017,17.75,2025-12-08 07:48:00,Shell Gas,Utilities,"Amsterdam, NL"
TXN_001385,USER_040,37.32,2025-12-08 08:16:00,Google Play,Food,"Berlin, DE"
TXN_000825,USER_004,2452.8130346043854,2025-12-08 08:42:00,Airbnb,Travel,"Brussels, BE"
TXN_003501,USER_050,82.33,2025-12-08 09:06:00,Starbucks,Healthcare,"Madrid, ES"
TXN_000750,USER_042,8.12,2025-12-08 09:31:00,Shell Gas,Utilities,"Madrid, ES"
TXN_000158,USER_040,36.06,2025-12-08 09:37:00,Delta Airlines,Healthcare,"Rome, IT"
TXN_001909,USER_019,48.96,2025-12-08 10:19:00,Airbnb,Transport,"Amsterdam, NL"
TXN_FRAUD_1546_0,USER_026,114.94330177160248,2025-12-08 10:27:00,Target,Other,"Lyon, FR"
TXN_001478,USER_026,185.25,2025-12-08 10:27:00,Target,Other,"Lyon, FR"
TXN_FRAUD_1546_1,USER_026,496.4855203614119,2025-12-08 10:32:00,Target,Other,"Lyon, FR"
TXN_002243,USER_007,30.77,2025-12-08 10:34:00,Netflix,Subscription,"Lagos, NG"
TXN_FRAUD_1546_2,USER_026,192.84287354070233,2025-12-08 10:37:00,Target,Other,"Lyon, FR"
TXN_002827,USER_045,102.31,2025-12-08 11:03:00,Uber,Subscription,"New York, US"
TXN_002090,USER_004,16.02,2025-12-08 11:13:00,McDonalds,Fuel,"Amsterdam, NL"
TXN_004387,USER_021,18.38,2025-12-08 11:18:00,Delta Airlines,Shopping,"Lyon, FR"
TXN_004418,USER_014,18.13,2025-12-08 12:40:00,Google Play,Food,"Berlin, DE"
TXN_002040,USER_029,49.84,2025-12-08 14:08:00,Netflix,Entertainment,"Amsterdam, NL"
TXN_001089,USER_006,346.71,2025-12-08 14:15:00,Spotify,Healthcare,"Marseille, FR"
TXN_002037,USER_023,9.43,2025-12-08 14:34:00,Netflix,Transport,"London, UK"
TXN_000768,USER_023,100.04,2025-12-08 14:35:00,Spotify,Healthcare,"Berlin, DE"
TXN_002121,USER_005,17.91,2025-12-08 15:12:00,Airbnb,Food,"Berlin, DE"
TXN_002031,USER_011,21.06,2025-12-08 15:50:00,Hertz,Entertainment,"London, UK"
TXN_004791,USER_011,152.52,2025-12-08 17:05:00,Google Play,Healthcare,"Berlin, DE"
TXN_002455,USER_032,21.17,2025-12-08 17:09:00,Walmart,Utilities,"Rome, IT"
TXN_000373,USER_046,27.66,2025-12-08 17:10:00,Delta Airlines,Utilities,"Lyon, FR"
TXN_004801,USER_050,636.68,2025-12-08 17:18:00,Hertz,Food,"London, UK"
TXN_002258,USER_027,7.57,2025-12-08 17:30:00,Starbucks,Travel,"Rome, IT"
TXN_FRAUD_1563_0,USER_050,444.62994129221613,2025-12-08 18:05:00,Hertz,Healthcare,"Brussels, BE"
TXN_003782,USER_050,32.66,2025-12-08 18:05:00,Hertz,Healthcare,"Brussels, BE"
TXN_000504,USER_045,5.87,2025-12-08 18:07:00,Target,Shopping,"Lyon, FR"
TXN_FRAUD_1563_1,USER_050,204.00484224769798,2025-12-08 18:10:00,Hertz,Healthcare,"Brussels, BE"
TXN_FRAUD_1563_2,USER_050,407.9360917576913,2025-12-08 18:15:00,Hertz,Healthcare,"Brussels, BE"
TXN_000914,USER_025,17.83,2025-12-08 18:21:00,Steam,Travel,"Berlin, DE"
TXN_001710,USER_048,24.36,2025-12-08 18:32:00,PayPal,Food,"New York, US"
TXN_002169,USER_042,16.59,2025-12-08 19:07:00,Shell Gas,Fuel,"New York, US"
TXN_000764,USER_047,42.46,2025-12-08 19:31:00,Hertz,Subscription,"Berlin, DE"
TXN_001914,USER_047,269.37,2025-12-08 19:32:00,Walmart,Transport,"Rome, IT"
TXN_004916,USER_021,93.29,2025-12-08 19:52:00,Shell Gas,Subscription,"Amsterdam, NL"
TXN_000150,USER_019,162.05,2025-12-09 02:11:00,McDonalds,Utilities,"Paris, FR"
TXN_001702,USER_037,155.08,2025-12-09 04:44:00,Delta Airlines,Utilities,"New York, US"
TXN_000080,USER_020,27.3,2025-12-09 05:02:00,Amazon,Entertainment,"Madrid, ES"
TXN_004645,USER_011,85.24,2025-12-09 05:34:00,Steam,Shopping,"Marseille, FR"
TXN_000556,USER_030,69.96,2025-12-09 06:39:00,Steam,Transport,"Marseille, FR"
TXN_004611,USER_046,114.76,2025-12-09 07:17:00,BestBuy,Healthcare,"Lyon, FR"
TXN_004378,USER_022,105.81,2025-12-09 07:19:00,Delta Airlines,Fuel,"Paris, FR"
TXN_000165,USER_044,64.21,2025-12-09 07:47:00,Netflix,Other,"New York, US"
TXN_004733,USER_029,29.37,2025-12-09 07:49:00,Amazon,Other,"Amsterdam, NL"
TXN_FRAUD_1580_0,USER_001,365.7751668599901,2025-12-09 08:01:00,Target,Other,"Marseille, FR"
TXN_002509,USER_001,93.9,2025-12-09 08:01:00,Target,Other,"Marseille, FR"
TXN_002969,USER_044,26.68,2025-12-09 08:01:00,Walmart,Food,"Madrid, ES"
TXN_FRAUD_1580_1,USER_001,498.76828265596635,2025-12-09 08:06:00,Target,Other,"Marseille, FR"
TXN_FRAUD_1580_2,USER_001,488.43737304592844,2025-12-09 08:11:00,Target,Other,"Marseille, FR"
TXN_003372,USER_009,20.13,2025-12-09 08:14:00,Walmart,Entertainment,"Rome, IT"
TXN_002404,USER_027,37.59,2025-12-09 09:24:00,Starbucks,Fuel,"New York, US"
TXN_000684,USER_004,13.11,2025-12-09 09:26:00,Uber,Shopping,"Brussels, BE"
TXN_000496,USER_041,53.54,2025-12-09 10:52:00,Starbucks,Shopping,"New York, US"
TXN_003034,USER_015,20.58,2025-12-09 10:57:00,Starbucks,Fuel,"Berlin, DE"
TXN_003901,USER_034,23.36,2025-12-09 11:22:00,PayPal,Fuel,"Brussels, BE"
TXN_001128,USER_015,96.34,2025-12-09 11:31:00,Amazon,Travel,"Lyon, FR"
TXN_000012,USER_006,2957.9537150863243,2025-12-09 11:43:00,BestBuy,Healthcare,"London, UK"
TXN_003705,USER_027,12.31,2025-12-09 11:56:00,Starbucks,Utilities,"Brussels, BE"
TXN_004252,USER_027,73.95,2025-12-09 12:05:00,McDonalds,Subscription,"Rome, IT"
TXN_003839,USER_022,76.96,2025-12-09 12:15:00,Google Play,Other,"Madrid, ES"
TXN_004834,USER_050,93.46,2025-12-09 12:17:00,Target,Subscription,"Paris, FR"
TXN_003959,USER_007,24.24,2025-12-09 13:54:00,Target,Food,"Rome, IT"
TXN_001773,USER_026,61.55,2025-12-09 14:02:00,Shell Gas,Subscription,"New York, US"
TXN_004843,USER_018,27.33,2025-12-09 14:23:00,Delta Airlines,Utilities,"New York, US"
TXN_002730,USER_021,26.88,2025-12-09 14:30:00,Shell Gas,Entertainment,"London, UK"
TXN_003286,USER_034,144.51,2025-12-09 14:50:00,Uber,Subscription,"New York, US"
TXN_001339,USER_036,11.73,2025-12-09 14:53:00,PayPal,Fuel,"Rome, IT"
TXN_001008,USER_020,15.84,2025-12-09 15:03:00,Spotify,Subscription,"Marseille, FR"
TXN_003952,USER_021,263.79,2025-12-09 15:12:00,Spotify,Healthcare,"Marseille, FR"
TXN_003569,USER_045,33.03,2025-12-09 15:30:00,Hertz,Healthcare,"Amsterdam, NL"
TXN_004021,USER_041,356.41,2025-12-09 15:56:00,Starbucks,Shopping,"London, UK"
TXN_003162,USER_016,94.43,2025-12-09 16:02:00,CVS,Other,"Lagos, NG"
TXN_004636,USER_022,75.31,2025-12-09 16:07:00,Hertz,Food,"Lyon, FR"
TXN_002887,USER_025,11.5,2025-12-09 16:11:00,Steam,Shopping,"Marseille, FR"
TXN_002088,USER_046,19.21,2025-12-09 16:15:00,McDonalds,Utilities,"Lyon, FR"
TXN_004907,USER_012,13.48,2025-12-09 17:09:00,Uber,Shopping,"Amsterdam, NL"
TXN_003469,USER_015,36.81,2025-12-09 17:13:00,Delta Airlines,Subscription,"Berlin, DE"
TXN_003385,USER_011,137.1,2025-12-09 17:35:00,Walmart,Transport,"New York, US"
TXN_001598,USER_029,13.74,2025-12-09 18:20:00,Uber,Other,"Berlin, DE"
TXN_000215,USER_050,30.32,2025-12-09 18:26:00,Google Play,Entertainment,"New York, US"
TXN_003081,USER_048,286.89,2025-12-09 18:31:00,Apple Store,Subscription,"Lyon, FR"
TXN_000194,USER_025,217.9,2025-12-09 18:42:00,PayPal,Shopping,"Berlin, DE"
TXN_000786,USER_002,34.69,2025-12-09 19:02:00,Starbucks,Entertainment,"Paris, FR"
TXN_002773,USER_007,86.57,2025-12-09 19:17:00,BestBuy,Food,"Brussels, BE"
TXN_000463,USER_025,134.36,2025-12-09 21:03:00,Airbnb,Travel,"Marseille, FR"
TXN_004652,USER_020,142.22,2025-12-09 21:21:00,Amazon,Transport,"Rome, IT"
TXN_000850,USER_025,8.09,2025-12-10 00:20:00,Spotify,Shopping,"Madrid, ES"
TXN_003370,USER_031,2464.440035216915,2025-12-10 01:22:00,Apple Store,Subscription,"Beijing, CN"
TXN_004813,USER_019,13.95,2025-12-10 03:11:00,PayPal,Healthcare,"Paris, FR"
TXN_001673,USER_038,38.68,2025-12-10 03:19:00,Delta Airlines,Fuel,"Madrid, ES"
TXN_004002,USER_015,360.17,2025-12-10 04:14:00,McDonalds,Shopping,"Marseille, FR"
TXN_001490,USER_026,18.09,2025-12-10 04:55:00,Starbucks,Entertainment,"Paris, FR"
TXN_003626,USER_005,1920.8519586539246,2025-12-10 04:56:00,BestBuy,Travel,"Beijing, CN"
TXN_000983,USER_017,24.34,2025-12-10 05:05:00,Hotels.com,Other,"Berlin, DE"
TXN_000440,USER_025,60.42,2025-12-10 05:16:00,Netflix,Travel,"London, UK"
TXN_000032,USER_004,15.67,2025-12-10 05:44:00,Whole Foods,Food,"Lyon, FR"
TXN_001969,USER_005,723.35,2025-12-10 05:53:00,McDonalds,Other,"Paris, FR"
TXN_000337,USER_023,40.64,2025-12-10 06:34:00,BestBuy,Other,"Berlin, DE"
TXN_001833,USER_020,31.89,2025-12-10 06:35:00,PayPal,Entertainment,"Amsterdam, NL"
TXN_001375,USER_011,14.46,2025-12-10 07:55:00,Walmart,Travel,"Amsterdam, NL"
TXN_000331,USER_037,155.15,2025-12-10 08:33:00,Starbucks,Utilities,"Madrid, ES"
TXN_FRAUD_1632_0,USER_014,139.95044228791605,2025-12-10 08:36:00,McDonalds,Other,"Amsterdam, NL"
TXN_004746,USER_014,15.67,2025-12-10 08:36:00,McDonalds,Other,"Amsterdam, NL"
TXN_FRAUD_1632_1,USER_014,486.42508140846456,2025-12-10 08:41:00,McDonalds,Other,"Amsterdam, NL"
TXN_000760,USER_049,31.56,2025-12-10 08:45:00,Walmart,Other,"Madrid, ES"
TXN_FRAUD_1632_2,USER_014,201.90628013092362,2025-12-10 08:46:00,McDonalds,Other,"Amsterdam, NL"
TXN_000625,USER_047,13.12,2025-12-10 08:51:00,Uber,Food,"Madrid, ES"
TXN_003447,USER_024,21.41,2025-12-10 09:23:00,Delta Airlines,Fuel,"Marseille, FR"
TXN_002997,USER_010,15.58,2025-12-10 10:21:00,Hotels.com,Entertainment,"Madrid, ES"
TXN_004974,USER_048,167.93,2025-12-10 10:28:00,Amazon,Transport,"Berlin, DE"
TXN_003670,USER_012,43.14,2025-12-10 10:28:00,Hertz,Healthcare,"Paris, FR"
TXN_001926,USER_008,41.55,2025-12-10 11:13:00,Hotels.com,Utilities,"Amsterdam, NL"
TXN_002361,USER_003,50.73,2025-12-10 11:32:00,Airbnb,Subscription,"Lyon, FR"
TXN_004969,USER_026,55.98,2025-12-10 11:50:00,Steam,Healthcare,"New York, US"
TXN_004059,USER_035,94.4,2025-12-10 12:02:00,Uber,Utilities,"New York, US"
TXN_FRAUD_1642_0,USER_035,203.63050711130538,2025-12-10 12:02:00,Uber,Utilities,"New York, US"
TXN_FRAUD_1642_1,USER_035,174.4173195021664,2025-12-10 12:07:00,Uber,Utilities,"New York, US"
TXN_FRAUD_1642_2,USER_035,324.2684063957911,2025-12-10 12:12:00,Uber,Utilities,"New York, US"
TXN_000580,USER_050,16.65,2025-12-10 13:01:00,Whole Foods,Travel,"Amsterdam, NL"
TXN_000142,USER_036,240.24,2025-12-10 13:32:00,Hotels.com,Subscription,"Lagos, NG"
TXN_003143,USER_021,31.18,2025-12-10 14:24:00,Shell Gas,Travel,"London, UK"
TXN_003731,USER_034,39.35,2025-12-10 14:41:00,Starbucks,Subscription,"Paris, FR"
TXN_004946,USER_014,131.77,2025-12-10 15:09:00,PayPal,Transport,"New York, US"
TXN_002386,USER_039,8.74,2025-12-10 15:10:00,BestBuy,Food,"Brussels, BE"
TXN_000648,USER_034,66.06,2025-12-10 15:14:00,Hotels.com,Shopping,"Marseille, FR"
TXN_003274,USER_009,70.33,2025-12-10 15:20:00,CVS,Subscription,"London, UK"
TXN_001004,USER_047,26.63,2025-12-10 15:30:00,Netflix,Food,"New York, US"
TXN_001560,USER_012,2.04,2025-12-10 15:37:00,Steam,Food,"Paris, FR"
TXN_004838,USER_044,58.27,2025-12-10 17:08:00,Spotify,Other,"Paris, FR"
TXN_001499,USER_006,235.27,2025-12-10 17:26:00,BestBuy,Travel,"Berlin, DE"
TXN_002869,USER_010,2994.2801868739107,2025-12-10 17:40:00,Hotels.com,Entertainment,"Madrid, ES"
TXN_000972,USER_016,34.58,2025-12-10 17:43:00,Netflix,Entertainment,"New York, US"
TXN_003032,USER_015,31.07,2025-12-10 17:51:00,Hertz,Shopping,"Paris, FR"
TXN_000049,USER_049,60.45,2025-12-10 17:58:00,PayPal,Subscription,"Rome, IT"
TXN_004569,USER_017,22.73,2025-12-10 18:10:00,Hertz,Healthcare,"Lyon, FR"
TXN_001233,USER_002,37.36,2025-12-10 18:15:00,Whole Foods,Healthcare,"Berlin, DE"
TXN_004431,USER_023,61.0,2025-12-10 18:39:00,CVS,Shopping,"Paris, FR"
TXN_004471,USER_050,42.0,2025-12-10 18:41:00,Hertz,Food,"Paris, FR"
TXN_000107,USER_041,19.24,2025-12-10 19:05:00,Airbnb,Food,"London, UK"
TXN_002805,USER_008,18.75,2025-12-10 19:11:00,Whole Foods,Other,"Madrid, ES"
TXN_004366,USER_047,21.98,2025-12-10 22:27:00,Google Play,Fuel,"Berlin, DE"
TXN_004363,USER_048,9.78,2025-12-11 00:13:00,Starbucks,Transport,"Lyon, FR"
TXN_001860,USER_028,10.98,2025-12-11 01:03:00,Hotels.com,Shopping,"Berlin, DE"
TXN_003200,USER_046,36.15,2025-12-11 01:58:00,CVS,Shopping,"Lyon, FR"
TXN_004260,USER_028,11.41,2025-12-11 02:17:00,Starbucks,Healthcare,"Marseille, FR"
TXN_000075,USER_044,256.7,2025-12-11 02:30:00,BestBuy,Travel,"Brussels, BE"
TXN_000973,USER_013,45.52,2025-12-11 02:41:00,CVS,Travel,"Marseille, FR"
TXN_001637,USER_034,8.9,2025-12-11 02:54:00,Apple Store,Fuel,"Amsterdam, NL"
TXN_001040,USER_026,142.02,2025-12-11 03:48:00,Walmart,Other,"Rome, IT"
TXN_002195,USER_023,111.01,2025-12-11 03:52:00,Shell Gas,Travel,"Berlin, DE"
TXN_000136,USER_021,4.47,2025-12-11 04:41:00,Target,Utilities,"Rome, IT"
TXN_001839,USER_022,11.02,2025-12-11 05:01:00,Hertz,Shopping,"New York, US"
TXN_003006,USER_016,186.82,2025-12-11 05:19:00,Whole Foods,Subscription,"Paris, FR"
TXN_001965,USER_046,3414.5910596355798,2025-12-11 05:31:00,CVS,Healthcare,"Rome, IT"
TXN_004076,USER_013,13.56,2025-12-11 05:38:00,McDonalds,Healthcare,"Lyon, FR"
TXN_000078,USER_043,7.63,2025-12-11 06:05:00,McDonalds,Food,"Madrid, ES"
TXN_002070,USER_042,20.94,2025-12-11 06:12:00,PayPal,Fuel,"Rome, IT"
TXN_001953,USER_039,5.3,2025-12-11 06:52:00,Netflix,Food,"Brussels, BE"
TXN_001468,USER_043,67.77,2025-12-11 07:03:00,Uber,Utilities,"Amsterdam, NL"
TXN_004894,USER_008,62.49,2025-12-11 07:04:00,Delta Airlines,Transport,"Paris, FR"
TXN_004440,USER_022,18.56,2025-12-11 07:06:00,McDonalds,Fuel,"Lyon, FR"
TXN_003150,USER_024,89.25,2025-12-11 07:13:00,Hotels.com,Utilities,"Amsterdam, NL"
TXN_000447,USER_049,77.95,2025-12-11 07:31:00,CVS,Food,"Brussels, BE"
TXN_002077,USER_027,6.1,2025-12-11 08:01:00,Uber,Shopping,"Marseille, FR"
TXN_003738,USER_021,42.65,2025-12-11 08:30:00,Target,Travel,"Marseille, FR"
TXN_000965,USER_031,116.76,2025-12-11 08:36:00,Apple Store,Subscription,"Rome, IT"
TXN_001112,USER_003,14.13,2025-12-11 08:47:00,Delta Airlines,Utilities,"Berlin, DE"
TXN_003995,USER_023,89.44,2025-12-11 08:48:00,Hertz,Fuel,"Madrid, ES"
TXN_004717,USER_049,6.99,2025-12-11 09:00:00,McDonalds,Utilities,"New York, US"
TXN_001033,USER_050,222.02,2025-12-11 09:12:00,Airbnb,Entertainment,"Paris, FR"
TXN_000098,USER_003,39.45,2025-12-11 09:18:00,CVS,Food,"Rome, IT"
TXN_002119,USER_048,101.42,2025-12-11 09:32:00,Hertz,Shopping,"Marseille, FR"
TXN_003240,USER_015,4.31,2025-12-11 10:17:00,Starbucks,Food,"Brussels, BE"
TXN_003293,USER_042,77.93,2025-12-11 11:18:00,Amazon,Food,"Marseille, FR"
TXN_003590,USER_041,9.78,2025-12-11 11:28:00,Starbucks,Fuel,"Amsterdam, NL"
TXN_000544,USER_007,14.5,2025-12-11 11:30:00,Google Play,Transport,"Amsterdam, NL"
TXN_000102,USER_036,37.06,2025-12-11 11:46:00,BestBuy,Subscription,"Marseille, FR"
TXN_002259,USER_002,10.71,2025-12-11 12:24:00,PayPal,Travel,"New York, US"
TXN_004939,USER_049,29.2,2025-12-11 12:26:00,Hertz,Transport,"Marseille, FR"
TXN_003362,USER_017,26.4,2025-12-11 12:36:00,Hertz,Other,"Amsterdam, NL"
TXN_003822,USER_009,57.62,2025-12-11 13:42:00,Google Play,Utilities,"Madrid, ES"
TXN_000100,USER_026,24.84,2025-12-11 13:57:00,Amazon,Food,"Madrid, ES"
TXN_004711,USER_013,39.32,2025-12-11 14:01:00,McDonalds,Shopping,"Marseille, FR"
TXN_003011,USER_031,75.49,2025-12-11 14:02:00,Amazon,Travel,"Berlin, DE"
TXN_003369,USER_013,28.99,2025-12-11 14:08:00,Walmart,Travel,"Lagos, NG"
TXN_000020,USER_009,52.84,2025-12-11 14:35:00,Hertz,Fuel,"London, UK"
TXN_003195,USER_012,28.21,2025-12-11 14:38:00,Amazon,Travel,"Marseille, FR"
TXN_000381,USER_031,21.74,2025-12-11 14:39:00,Steam,Utilities,"Rome, IT"
TXN_000838,USER_045,15.19,2025-12-11 15:05:00,Steam,Travel,"London, UK"
TXN_000491,USER_037,111.08,2025-12-11 15:19:00,Hertz,Travel,"London, UK"
TXN_001218,USER_040,7.45,2025-12-11 15:23:00,McDonalds,Subscription,"Madrid, ES"
TXN_000519,USER_019,127.26,2025-12-11 15:33:00,Target,Food,"London, UK"
TXN_001713,USER_017,360.62,2025-12-11 15:54:00,Hotels.com,Entertainment,"Berlin, DE"
TXN_002908,USER_005,144.85,2025-12-11 16:26:00,Delta Airlines,Utilities,"Brussels, BE"
TXN_004291,USER_018,16.9,2025-12-11 16:44:00,Delta Airlines,Entertainment,"Brussels, BE"
TXN_003790,USER_012,6.95,2025-12-11 16:50:00,Netflix,Travel,"Brussels, BE"
TXN_001531,USER_029,27.12,2025-12-11 17:11:00,Whole Foods,Subscription,"Lyon, FR"
TXN_000388,USER_027,275.23,2025-12-11 17:43:00,McDonalds,Travel,"Amsterdam, NL"
TXN_004179,USER_007,34.02,2025-12-11 17:58:00,BestBuy,Shopping,"Amsterdam, NL"
TXN_001687,USER_018,49.57,2025-12-11 18:30:00,Apple Store,Travel,"New York, US"
TXN_001750,USER_041,101.63,2025-12-11 18:46:00,Walmart,Other,"Amsterdam, NL"
TXN_002400,USER_022,30.55,2025-12-11 19:39:00,Google Play,Entertainment,"Lagos, NG"
TXN_000106,USER_049,80.51,2025-12-11 19:41:00,Netflix,Fuel,"Rome, IT"
TXN_003708,USER_003,21.72,2025-12-11 19:51:00,BestBuy,Shopping,"Amsterdam, NL"
TXN_004866,USER_042,79.26,2025-12-12 02:09:00,Delta Airlines,Subscription,"Paris, FR"
TXN_001898,USER_015,12.48,2025-12-12 02:30:00,Hotels.com,Food,"Marseille, FR"
TXN_000478,USER_016,2190.0091029255245,2025-12-12 03:01:00,Apple Store,Food,"Moscow, RU"
TXN_001760,USER_024,2282.9733538025757,2025-12-12 03:23:00,Target,Transport,"Moscow, RU"
TXN_002495,USER_039,42.07,2025-12-12 04:18:00,Airbnb,Entertainment,"Berlin, DE"
TXN_003440,USER_050,21.9,2025-12-12 04:53:00,Airbnb,Shopping,"Madrid, ES"
TXN_003152,USER_005,66.57,2025-12-12 04:55:00,Steam,Fuel,"Madrid, ES"
TXN_003860,USER_018,67.7,2025-12-12 05:04:00,Google Play,Utilities,"London, UK"
TXN_001073,USER_048,21.45,2025-12-12 05:11:00,Airbnb,Subscription,"Madrid, ES"
TXN_003302,USER_035,14.73,2025-12-12 05:34:00,Amazon,Other,"Lyon, FR"
TXN_001668,USER_012,402.19,2025-12-12 05:37:00,Target,Transport,"London, UK"
TXN_000634,USER_011,24.2,2025-12-12 05:37:00,BestBuy,Other,"Lyon, FR"
TXN_002271,USER_004,27.22,2025-12-12 05:56:00,Google Play,Utilities,"Brussels, BE"
TXN_004493,USER_002,69.14,2025-12-12 06:08:00,Netflix,Healthcare,"Lyon, FR"
TXN_003735,USER_008,58.68,2025-12-12 06:50:00,Amazon,Utilities,"Amsterdam, NL"
TXN_FRAUD_1742_0,USER_008,202.1415988358739,2025-12-12 06:50:00,Amazon,Utilities,"Amsterdam, NL"
TXN_FRAUD_1742_1,USER_008,142.6045511779375,2025-12-12 06:55:00,Amazon,Utilities,"Amsterdam, NL"
TXN_FRAUD_1742_2,USER_008,170.05003658465773,2025-12-12 07:00:00,Amazon,Utilities,"Amsterdam, NL"
TXN_004441,USER_025,20.44,2025-12-12 07:04:00,Target,Healthcare,"Lyon, FR"
TXN_002354,USER_005,31.54,2025-12-12 07:22:00,Shell Gas,Subscription,"Berlin, DE"
TXN_002904,USER_022,69.69,2025-12-12 07:46:00,McDonalds,Travel,"Rome, IT"
TXN_000336,USER_024,46.39,2025-12-12 08:35:00,Amazon,Travel,"Lyon, FR"
TXN_001286,USER_037,63.31,2025-12-12 08:37:00,Airbnb,Shopping,"Rome, IT"
TXN_003866,USER_043,13.89,2025-12-12 08:43:00,Hertz,Healthcare,"Amsterdam, NL"
TXN_004895,USER_034,72.75,2025-12-12 08:45:00,CVS,Entertainment,"Lyon, FR"
TXN_004669,USER_028,84.55,2025-12-12 09:37:00,Amazon,Travel,"New York, US"
TXN_001502,USER_027,18.35,2025-12-12 09:43:00,Whole Foods,Shopping,"Rome, IT"
TXN_002318,USER_040,37.89,2025-12-12 09:55:00,Walmart,Food,"Rome, IT"
TXN_002770,USER_012,42.0,2025-12-12 10:09:00,Hotels.com,Fuel,"Rome, IT"
TXN_003739,USER_003,8.72,2025-12-12 10:27:00,CVS,Fuel,"Paris, FR"
TXN_004806,USER_027,18.94,2025-12-12 10:45:00,PayPal,Subscription,"Marseille, FR"
TXN_003239,USER_020,22.3,2025-12-12 10:54:00,Starbucks,Fuel,"New York, US"
TXN_000852,USER_001,83.57,2025-12-12 11:00:00,CVS,Subscription,"New York, US"
TXN_004759,USER_049,52.9,2025-12-12 11:44:00,McDonalds,Shopping,"Lyon, FR"
TXN_001948,USER_036,115.38,2025-12-12 12:04:00,Steam,Transport,"Madrid, ES"
TXN_000994,USER_036,16.56,2025-12-12 12:10:00,Amazon,Healthcare,"Lagos, NG"
TXN_004509,USER_027,28.43,2025-12-12 12:18:00,Hertz,Healthcare,"Brussels, BE"
TXN_000208,USER_030,106.87,2025-12-12 13:30:00,Amazon,Subscription,"London, UK"
TXN_000964,USER_037,23.21,2025-12-12 13:32:00,Airbnb,Healthcare,"Amsterdam, NL"
TXN_001032,USER_013,14.41,2025-12-12 13:40:00,Steam,Shopping,"Lyon, FR"
TXN_003713,USER_009,4.98,2025-12-12 14:17:00,PayPal,Shopping,"Lyon, FR"
TXN_000875,USER_012,8.74,2025-12-12 15:23:00,Target,Other,"New York, US"
TXN_001255,USER_018,18.65,2025-12-12 15:56:00,CVS,Utilities,"London, UK"
TXN_003996,USER_033,76.85,2025-12-12 16:03:00,Amazon,Transport,"Lyon, FR"
TXN_000216,USER_040,23.6,2025-12-12 16:31:00,Starbucks,Food,"Paris, FR"
TXN_002679,USER_001,73.31,2025-12-12 16:36:00,PayPal,Other,"London, UK"
TXN_003378,USER_006,79.36,2025-12-12 16:38:00,CVS,Fuel,"New York, US"
TXN_002039,USER_042,28.37,2025-12-12 16:43:00,CVS,Fuel,"New York, US"
TXN_003843,USER_021,14.87,2025-12-12 17:11:00,Netflix,Shopping,"Paris, FR"
TXN_000286,USER_010,17.22,2025-12-12 18:00:00,McDonalds,Other,"Marseille, FR"
TXN_000791,USER_036,16.22,2025-12-12 18:18:00,Starbucks,Entertainment,"Paris, FR"
TXN_001866,USER_028,8.05,2025-12-12 18:32:00,Spotify,Fuel,"Brussels, BE"
TXN_001807,USER_001,231.98,2025-12-12 18:55:00,Starbucks,Travel,"Rome, IT"
TXN_004512,USER_030,27.75,2025-12-12 22:49:00,Delta Airlines,Entertainment,"Rome, IT"
TXN_001021,USER_015,4.32,2025-12-12 22:53:00,PayPal,Entertainment,"Brussels, BE"
TXN_004804,USER_034,99.16,2025-12-13 00:05:00,Shell Gas,Subscription,"Paris, FR"
TXN_002087,USER_036,29.14,2025-12-13 01:46:00,Whole Foods,Fuel,"London, UK"
TXN_003485,USER_034,19.15,2025-12-13 02:06:00,Walmart,Food,"New York, US"
TXN_000703,USER_021,221.44,2025-12-13 03:54:00,Target,Travel,"Marseille, FR"
TXN_002650,USER_049,21.24,2025-12-13 05:09:00,Spotify,Subscription,"Berlin, DE"
TXN_004357,USER_002,116.53,2025-12-13 06:19:00,Spotify,Subscription,"Madrid, ES"
TXN_001543,USER_040,4.29,2025-12-13 06:21:00,Apple Store,Healthcare,"Marseille, FR"
TXN_004192,USER_013,195.48,2025-12-13 06:32:00,Apple Store,Healthcare,"Madrid, ES"
TXN_001285,USER_046,17.41,2025-12-13 06:54:00,Walmart,Food,"Lyon, FR"
TXN_000066,USER_009,24.27,2025-12-13 06:55:00,BestBuy,Fuel,"Marseille, FR"
TXN_003818,USER_028,8.57,2025-12-13 06:58:00,Amazon,Utilities,"Berlin, DE"
TXN_004622,USER_030,37.85,2025-12-13 07:13:00,Hotels.com,Shopping,"Madrid, ES"
TXN_001463,USER_026,91.91,2025-12-13 07:19:00,Whole Foods,Healthcare,"Amsterdam, NL"
TXN_003234,USER_031,45.98,2025-12-13 07:24:00,Hertz,Fuel,"Berlin, DE"
TXN_003797,USER_045,126.7,2025-12-13 07:26:00,Hertz,Other,"Brussels, BE"
TXN_002118,USER_029,11.37,2025-12-13 07:44:00,Walmart,Other,"Paris, FR"
TXN_004115,USER_049,357.03,2025-12-13 07:56:00,Starbucks,Entertainment,"New York, US"
TXN_003784,USER_009,644.14,2025-12-13 08:13:00,Hotels.com,Transport,"Brussels, BE"
TXN_003700,USER_002,4.73,2025-12-13 08:52:00,Starbucks,Shopping,"Marseille, FR"
TXN_000714,USER_043,11.39,2025-12-13 08:53:00,Hertz,Healthcare,"Marseille, FR"
TXN_003294,USER_048,25.17,2025-12-13 08:58:00,Spotify,Utilities,"Madrid, ES"
TXN_001765,USER_015,254.1,2025-12-13 09:29:00,Target,Travel,"Lyon, FR"
TXN_000762,USER_019,19.42,2025-12-13 09:46:00,PayPal,Healthcare,"Madrid, ES"
TXN_FRAUD_1805_0,USER_019,396.2894705888368,2025-12-13 09:46:00,PayPal,Healthcare,"Madrid, ES"
TXN_FRAUD_1805_1,USER_019,469.3394360813135,2025-12-13 09:51:00,PayPal,Healthcare,"Madrid, ES"
TXN_002433,USER_032,53.27,2025-12-13 09:53:00,Starbucks,Utilities,"Lyon, FR"
TXN_FRAUD_1805_2,USER_019,343.90374158294367,2025-12-13 09:56:00,PayPal,Healthcare,"Madrid, ES"
TXN_001170,USER_021,33.72,2025-12-13 10:21:00,Whole Foods,Other,"Berlin, DE"
TXN_003984,USER_031,3212.733135370322,2025-12-13 10:50:00,Uber,Subscription,"Brussels, BE"
TXN_000059,USER_021,10.68,2025-12-13 11:01:00,Apple Store,Entertainment,"London, UK"
TXN_004564,USER_015,32.84,2025-12-13 11:07:00,Steam,Shopping,"London, UK"
TXN_000579,USER_029,4.67,2025-12-13 11:10:00,Target,Subscription,"Lyon, FR"
TXN_003639,USER_027,3.56,2025-12-13 11:19:00,McDonalds,Entertainment,"Brussels, BE"
TXN_004217,USER_050,21.51,2025-12-13 11:40:00,Hotels.com,Transport,"New York, US"
TXN_000653,USER_019,11.65,2025-12-13 11:42:00,Apple Store,Healthcare,"Berlin, DE"
TXN_003658,USER_022,3799.3495631125916,2025-12-13 11:43:00,Netflix,Other,"Rome, IT"
TXN_004409,USER_020,21.26,2025-12-13 11:47:00,Apple Store,Food,"London, UK"
TXN_000486,USER_020,8.51,2025-12-13 12:11:00,Delta Airlines,Subscription,"Rome, IT"
TXN_003183,USER_024,46.64,2025-12-13 12:18:00,McDonalds,Transport,"Lagos, NG"
TXN_000923,USER_011,284.72,2025-12-13 12:47:00,McDonalds,Fuel,"Madrid, ES"
TXN_001607,USER_032,33.97,2025-12-13 13:09:00,Google Play,Shopping,"Brussels, BE"
TXN_000359,USER_008,9.77,2025-12-13 13:37:00,Netflix,Subscription,"New York, US"
TXN_000769,USER_024,46.15,2025-12-13 14:25:00,Spotify,Subscription,"Lyon, FR"
TXN_004465,USER_023,74.71,2025-12-13 14:38:00,McDonalds,Shopping,"London, UK"
TXN_004451,USER_026,11.07,2025-12-13 15:32:00,CVS,Shopping,"Amsterdam, NL"
TXN_000083,USER_008,170.15,2025-12-13 15:59:00,Whole Foods,Utilities,"Paris, FR"
TXN_001007,USER_007,39.4,2025-12-13 16:27:00,Starbucks,Food,"Madrid, ES"
TXN_002725,USER_010,40.68,2025-12-13 16:42:00,Uber,Other,"Lagos, NG"
TXN_000801,USER_019,96.19,2025-12-13 17:17:00,Walmart,Food,"Marseille, FR"
TXN_000489,USER_002,3626.1826514905515,2025-12-13 17:23:00,Whole Foods,Other,"Madrid, ES"
TXN_003928,USER_045,1.26,2025-12-13 17:33:00,Airbnb,Entertainment,"Lyon, FR"
TXN_004638,USER_027,29.02,2025-12-13 17:37:00,Starbucks,Subscription,"Brussels, BE"
TXN_000942,USER_017,62.12,2025-12-13 17:42:00,Hertz,Healthcare,"Amsterdam, NL"
TXN_001050,USER_019,21.63,2025-12-13 18:22:00,Google Play,Subscription,"Paris, FR"
TXN_001902,USER_015,29.96,2025-12-13 18:55:00,Spotify,Food,"Lyon, FR"
TXN_004703,USER_032,42.83,2025-12-13 19:27:00,Whole Foods,Travel,"Paris, FR"
TXN_004764,USER_001,4.36,2025-12-13 19:46:00,Apple Store,Shopping,"Amsterdam, NL"
TXN_003330,USER_007,15.21,2025-12-13 19:58:00,Whole Foods,Fuel,"New York, US"
TXN_002983,USER_037,55.82,2025-12-13 20:34:00,Apple Store,Subscription,"Berlin, DE"
TXN_002097,USER_016,6.02,2025-12-13 21:53:00,Whole Foods,Other,"Paris, FR"
TXN_003298,USER_005,17.46,2025-12-14 00:59:00,BestBuy,Subscription,"Berlin, DE"
TXN_001352,USER_049,10.3,2025-12-14 04:32:00,CVS,Fuel,"Amsterdam, NL"
TXN_004790,USER_020,16.68,2025-12-14 04:37:00,Netflix,Food,"Rome, IT"
TXN_003163,USER_049,44.67,2025-12-14 04:47:00,Hertz,Travel,"New York, US"
TXN_003196,USER_050,39.35,2025-12-14 05:20:00,Amazon,Fuel,"Brussels, BE"
TXN_001011,USER_035,205.55,2025-12-14 05:23:00,Airbnb,Transport,"Brussels, BE"
TXN_004064,USER_038,259.05,2025-12-14 05:34:00,Apple Store,Entertainment,"Berlin, DE"
TXN_000016,USER_025,103.23,2025-12-14 05:47:00,Hertz,Entertainment,"Berlin, DE"
TXN_001764,USER_021,27.02,2025-12-14 07:12:00,Amazon,Transport,"Rome, IT"
TXN_000026,USER_049,4.95,2025-12-14 07:37:00,Apple Store,Food,"London, UK"
TXN_004349,USER_015,56.97,2025-12-14 07:46:00,Spotify,Utilities,"London, UK"
TXN_004308,USER_042,15.0,2025-12-14 08:03:00,Target,Other,"Marseille, FR"
TXN_000631,USER_028,116.32,2025-12-14 08:21:00,Target,Utilities,"Amsterdam, NL"
TXN_004981,USER_017,46.53,2025-12-14 08:28:00,Whole Foods,Transport,"Paris, FR"
TXN_003066,USER_013,67.86,2025-12-14 08:49:00,Netflix,Entertainment,"New York, US"
TXN_004132,USER_047,4.23,2025-12-14 08:52:00,Target,Other,"Berlin, DE"
TXN_000108,USER_016,84.14,2025-12-14 09:09:00,Apple Store,Fuel,"Lyon, FR"
TXN_004063,USER_044,26.87,2025-12-14 09:19:00,Apple Store,Subscription,"Madrid, ES"
TXN_000630,USER_009,50.74,2025-12-14 09:34:00,BestBuy,Shopping,"Berlin, DE"
TXN_003584,USER_045,168.81,2025-12-14 09:44:00,Amazon,Travel,"Madrid, ES"
TXN_001881,USER_034,12.18,2025-12-14 09:47:00,Hotels.com,Subscription,"Berlin, DE"
TXN_001674,USER_008,23.06,2025-12-14 09:51:00,Apple Store,Subscription,"Brussels, BE"
TXN_001063,USER_040,25.88,2025-12-14 10:21:00,Walmart,Food,"London, UK"
TXN_004934,USER_017,85.92,2025-12-14 10:33:00,CVS,Healthcare,"Berlin, DE"
TXN_004448,USER_044,11.99,2025-12-14 11:17:00,BestBuy,Fuel,"Amsterdam, NL"
TXN_003122,USER_043,201.73,2025-12-14 11:25:00,Delta Airlines,Shopping,"London, UK"
TXN_000588,USER_041,118.5,2025-12-14 11:28:00,PayPal,Healthcare,"Rome, IT"
TXN_000182,USER_014,32.77,2025-12-14 12:23:00,Starbucks,Utilities,"Rome, IT"
TXN_FRAUD_1867_0,USER_037,125.41835227193641,2025-12-14 12:59:00,Shell Gas,Subscription,"New York, US"
TXN_000971,USER_037,13.73,2025-12-14 12:59:00,Shell Gas,Subscription,"New York, US"
TXN_FRAUD_1867_1,USER_037,388.8025551401667,2025-12-14 13:04:00,Shell Gas,Subscription,"New York, US"
TXN_FRAUD_1867_2,USER_037,183.31450769824826,2025-12-14 13:09:00,Shell Gas,Subscription,"New York, US"
TXN_001676,USER_002,72.52,2025-12-14 13:23:00,Whole Foods,Food,"New York, US"
TXN_002484,USER_001,177.38,2025-12-14 13:32:00,Shell Gas,Fuel,"Rome, IT"
TXN_002533,USER_010,4.19,2025-12-14 13:53:00,McDonalds,Subscription,"Lagos, NG"
TXN_003338,USER_019,85.99,2025-12-14 14:03:00,CVS,Food,"Madrid, ES"
TXN_001359,USER_023,54.03,2025-12-14 14:20:00,PayPal,Utilities,"Paris, FR"
TXN_000987,USER_047,29.18,2025-12-14 14:39:00,Uber,Fuel,"Madrid, ES"
TXN_004735,USER_009,75.32,2025-12-14 14:51:00,Shell Gas,Transport,"Lyon, FR"
TXN_001268,USER_042,7.86,2025-12-14 15:09:00,Netflix,Utilities,"Lyon, FR"
TXN_000115,USER_015,10.48,2025-12-14 15:15:00,Hotels.com,Shopping,"Madrid, ES"
TXN_003173,USER_035,9.02,2025-12-14 16:01:00,Hotels.com,Healthcare,"Brussels, BE"
TXN_000593,USER_032,5.12,2025-12-14 16:08:00,Spotify,Travel,"Brussels, BE"
TXN_003800,USER_029,14.33,2025-12-14 16:14:00,Delta Airlines,Food,"New York, US"
TXN_001317,USER_041,23.26,2025-12-14 16:21:00,Airbnb,Healthcare,"New York, US"
TXN_004580,USER_021,18.74,2025-12-14 16:39:00,Shell Gas,Utilities,"Paris, FR"
TXN_002027,USER_039,5.42,2025-12-14 17:01:00,McDonalds,Shopping,"Marseille, FR"
TXN_004152,USER_025,102.61,2025-12-14 17:06:00,Whole Foods,Subscription,"London, UK"
TXN_002992,USER_010,11.08,2025-12-14 17:09:00,Shell Gas,Shopping,"Rome, IT"
TXN_004062,USER_047,77.4,2025-12-14 17:11:00,Airbnb,Healthcare,"Amsterdam, NL"
TXN_004925,USER_050,34.99,2025-12-14 18:19:00,PayPal,Shopping,"Rome, IT"
TXN_000584,USER_037,14.55,2025-12-14 18:42:00,Delta Airlines,Food,"Marseille, FR"
TXN_000522,USER_024,8.36,2025-12-14 18:54:00,Starbucks,Food,"Marseille, FR"
TXN_003009,USER_039,17.65,2025-12-14 19:52:00,Airbnb,Healthcare,"New York, US"
TXN_004878,USER_045,83.51,2025-12-14 20:41:00,Delta Airlines,Fuel,"Marseille, FR"
TXN_002697,USER_030,1640.881097890759,2025-12-15 01:49:00,Shell Gas,Entertainment,"Moscow, RU"
TXN_003136,USER_026,1574.213844363611,2025-12-15 02:17:00,Apple Store,Utilities,"Moscow, RU"
TXN_001956,USER_015,1720.6724803451646,2025-12-15 02:48:00,BestBuy,Healthcare,"Beijing, CN"
TXN_001706,USER_027,2098.9952923481665,2025-12-15 02:55:00,Delta Airlines,Subscription,"Moscow, RU"
TXN_000758,USER_022,2789.1993439987973,2025-12-15 03:28:00,Apple Store,Utilities,"Moscow, RU"
TXN_000917,USER_042,41.67,2025-12-15 04:01:00,Starbucks,Transport,"Marseille, FR"
TXN_003954,USER_029,73.64,2025-12-15 04:33:00,Walmart,Healthcare,"Berlin, DE"
TXN_002067,USER_028,42.85,2025-12-15 04:57:00,Target,Travel,"Marseille, FR"
TXN_003353,USER_019,102.15,2025-12-15 04:59:00,PayPal,Shopping,"Rome, IT"
TXN_003324,USER_004,25.97,2025-12-15 05:07:00,Hertz,Fuel,"Lyon, FR"
TXN_004692,USER_037,9.77,2025-12-15 05:38:00,Airbnb,Healthcare,"New York, US"
TXN_000818,USER_022,19.94,2025-12-15 05:51:00,Delta Airlines,Entertainment,"Brussels, BE"
TXN_002769,USER_008,117.98,2025-12-15 06:29:00,Delta Airlines,Travel,"Berlin, DE"
TXN_003010,USER_050,63.22,2025-12-15 06:33:00,Starbucks,Travel,"Lagos, NG"
TXN_003926,USER_021,48.94,2025-12-15 06:48:00,Walmart,Food,"Rome, IT"
TXN_003523,USER_042,13.91,2025-12-15 06:53:00,Spotify,Other,"Lyon, FR"
TXN_001311,USER_008,291.78,2025-12-15 06:57:00,PayPal,Transport,"Berlin, DE"
TXN_000960,USER_023,17.6,2025-12-15 07:02:00,CVS,Entertainment,"Rome, IT"
TXN_003577,USER_029,80.25,2025-12-15 07:12:00,Target,Other,"Lyon, FR"
TXN_000672,USER_006,14.28,2025-12-15 07:12:00,Starbucks,Healthcare,"New York, US"
TXN_004535,USER_033,58.08,2025-12-15 07:31:00,Uber,Entertainment,"Madrid, ES"
TXN_001185,USER_010,246.11,2025-12-15 07:41:00,Amazon,Travel,"Madrid, ES"
TXN_001387,USER_015,116.6,2025-12-15 08:00:00,Amazon,Food,"Brussels, BE"
TXN_000776,USER_029,157.37,2025-12-15 08:01:00,McDonalds,Other,"Marseille, FR"
TXN_004022,USER_006,71.58,2025-12-15 08:05:00,Hotels.com,Utilities,"New York, US"
TXN_001246,USER_049,104.53,2025-12-15 08:17:00,Delta Airlines,Food,"Brussels, BE"
TXN_002474,USER_036,136.28,2025-12-15 08:18:00,Spotify,Fuel,"Brussels, BE"
TXN_001158,USER_036,87.54,2025-12-15 08:27:00,Hertz,Entertainment,"Paris, FR"
TXN_000081,USER_022,21.58,2025-12-15 08:43:00,Target,Utilities,"Berlin, DE"
TXN_004749,USER_028,143.81,2025-12-15 08:51:00,Delta Airlines,Travel,"Brussels, BE"
TXN_004215,USER_012,132.29,2025-12-15 09:29:00,Google Play,Entertainment,"Paris, FR"
TXN_000590,USER_048,48.57,2025-12-15 09:32:00,Google Play,Subscription,"Rome, IT"
TXN_001116,USER_036,70.81,2025-12-15 11:02:00,Starbucks,Travel,"Madrid, ES"
TXN_004819,USER_042,85.86,2025-12-15 11:37:00,Target,Other,"Paris, FR"
TXN_002596,USER_028,28.21,2025-12-15 12:10:00,Airbnb,Other,"New York, US"
TXN_001404,USER_049,5.3,2025-12-15 13:19:00,Target,Other,"Berlin, DE"
TXN_003376,USER_008,9.69,2025-12-15 13:29:00,Whole Foods,Subscription,"New York, US"
TXN_004574,USER_009,250.46,2025-12-15 13:52:00,CVS,Subscription,"Madrid, ES"
TXN_004730,USER_028,408.33,2025-12-15 14:18:00,Apple Store,Transport,"Brussels, BE"
TXN_002263,USER_027,38.44,2025-12-15 15:07:00,Shell Gas,Shopping,"Amsterdam, NL"
TXN_002841,USER_047,36.73,2025-12-15 15:24:00,Netflix,Shopping,"Amsterdam, NL"
TXN_004877,USER_050,63.81,2025-12-15 15:31:00,Amazon,Entertainment,"Madrid, ES"
TXN_000189,USER_005,132.32,2025-12-15 15:37:00,PayPal,Travel,"Brussels, BE"
TXN_004959,USER_046,12.78,2025-12-15 16:06:00,Hotels.com,Shopping,"Brussels, BE"
TXN_002184,USER_018,10.84,2025-12-15 16:18:00,Shell Gas,Food,"Berlin, DE"
TXN_002952,USER_033,9.07,2025-12-15 16:21:00,Amazon,Subscription,"Berlin, DE"
TXN_003054,USER_001,23.98,2025-12-15 16:47:00,Amazon,Utilities,"Rome, IT"
TXN_001336,USER_004,5.24,2025-12-15 16:56:00,BestBuy,Subscription,"Rome, IT"
TXN_004400,USER_025,40.11,2025-12-15 17:35:00,Delta Airlines,Fuel,"London, UK"
TXN_000622,USER_010,35.91,2025-12-15 17:53:00,Spotify,Food,"Brussels, BE"
TXN_003020,USER_030,41.93,2025-12-15 18:00:00,CVS,Subscription,"London, UK"
TXN_001658,USER_048,148.67,2025-12-15 18:29:00,Target,Transport,"Paris, FR"
TXN_000649,USER_046,24.45,2025-12-15 18:53:00,Walmart,Entertainment,"Brussels, BE"
TXN_003792,USER_024,21.28,2025-12-15 19:36:00,Spotify,Subscription,"Marseille, FR"
TXN_002529,USER_035,8.94,2025-12-15 20:42:00,Shell Gas,Other,"Paris, FR"
TXN_002304,USER_002,1.43,2025-12-15 22:17:00,BestBuy,Other,"Madrid, ES"
TXN_000757,USER_039,10.04,2025-12-15 23:07:00,BestBuy,Subscription,"Lyon, FR"
TXN_003634,USER_024,14.36,2025-12-16 00:01:00,Target,Fuel,"New York, US"
TXN_002448,USER_008,27.18,2025-12-16 00:14:00,Airbnb,Travel,"New York, US"
TXN_004426,USER_003,11.89,2025-12-16 01:08:00,Walmart,Transport,"London, UK"
TXN_004461,USER_026,93.89,2025-12-16 02:36:00,Hotels.com,Subscription,"Paris, FR"
TXN_000868,USER_035,32.56,2025-12-16 02:49:00,Delta Airlines,Travel,"Brussels, BE"
TXN_001162,USER_044,6.08,2025-12-16 03:27:00,CVS,Other,"Brussels, BE"
TXN_001477,USER_014,10.6,2025-12-16 04:04:00,Walmart,Utilities,"Amsterdam, NL"
TXN_002268,USER_032,87.44,2025-12-16 04:52:00,Spotify,Shopping,"Rome, IT"
TXN_002425,USER_008,16.06,2025-12-16 05:05:00,Hotels.com,Subscription,"New York, US"
TXN_002961,USER_032,82.88,2025-12-16 05:05:00,Target,Subscription,"Lyon, FR"
TXN_000067,USER_018,49.79,2025-12-16 05:26:00,Shell Gas,Travel,"New York, US"
TXN_003052,USER_039,11.79,2025-12-16 05:38:00,Uber,Food,"Amsterdam, NL"
TXN_000325,USER_003,61.02,2025-12-16 05:46:00,Hotels.com,Transport,"Rome, IT"
TXN_004257,USER_038,62.74,2025-12-16 05:55:00,Target,Travel,"Madrid, ES"
TXN_004280,USER_003,126.5,2025-12-16 05:58:00,CVS,Utilities,"Brussels, BE"
TXN_004174,USER_029,50.31,2025-12-16 06:02:00,Whole Foods,Utilities,"Madrid, ES"
TXN_001274,USER_047,52.44,2025-12-16 06:04:00,Shell Gas,Shopping,"Paris, FR"
TXN_001199,USER_013,8.96,2025-12-16 06:05:00,Hertz,Travel,"Rome, IT"
TXN_004075,USER_008,113.79,2025-12-16 06:51:00,Netflix,Fuel,"Amsterdam, NL"
TXN_002322,USER_044,202.33,2025-12-16 07:02:00,Shell Gas,Transport,"Madrid, ES"
TXN_002896,USER_035,43.46,2025-12-16 07:06:00,Whole Foods,Utilities,"Lyon, FR"
TXN_000433,USER_022,88.43,2025-12-16 07:17:00,Hertz,Fuel,"Rome, IT"
TXN_002011,USER_014,85.64,2025-12-16 07:18:00,Netflix,Other,"Lyon, FR"
TXN_003772,USER_032,12.73,2025-12-16 07:31:00,Hertz,Fuel,"New York, US"
TXN_000880,USER_006,17.28,2025-12-16 07:36:00,Airbnb,Healthcare,"Madrid, ES"
TXN_000328,USER_008,53.76,2025-12-16 08:03:00,Spotify,Food,"Paris, FR"
TXN_002173,USER_010,131.81,2025-12-16 08:04:00,McDonalds,Food,"Lyon, FR"
TXN_FRAUD_1974_0,USER_010,495.14284881782356,2025-12-16 08:04:00,McDonalds,Food,"Lyon, FR"
TXN_003986,USER_037,35.49,2025-12-16 08:07:00,Whole Foods,Travel,"Lagos, NG"
TXN_FRAUD_1974_1,USER_010,489.4730746259383,2025-12-16 08:09:00,McDonalds,Food,"Lyon, FR"
TXN_FRAUD_1974_2,USER_010,105.66429070543317,2025-12-16 08:14:00,McDonalds,Food,"Lyon, FR"
TXN_001597,USER_011,15.07,2025-12-16 08:34:00,Shell Gas,Subscription,"Berlin, DE"
TXN_001838,USER_042,130.35,2025-12-16 08:36:00,Amazon,Entertainment,"Berlin, DE"
TXN_002063,USER_040,3151.8472448629536,2025-12-16 09:10:00,BestBuy,Utilities,"Rome, IT"
TXN_004945,USER_025,40.89,2025-12-16 09:32:00,PayPal,Other,"New York, US"
TXN_004982,USER_021,24.42,2025-12-16 09:35:00,Hertz,Other,"London, UK"
TXN_004983,USER_045,20.53,2025-12-16 09:47:00,Apple Store,Entertainment,"Brussels, BE"
TXN_003142,USER_018,40.8,2025-12-16 10:26:00,Delta Airlines,Entertainment,"Berlin, DE"
TXN_002681,USER_033,14.73,2025-12-16 10:29:00,Spotify,Utilities,"Brussels, BE"
TXN_003991,USER_012,4.56,2025-12-16 10:54:00,Airbnb,Fuel,"London, UK"
TXN_003690,USER_010,72.4,2025-12-16 10:59:00,BestBuy,Food,"London, UK"
TXN_000500,USER_035,6.55,2025-12-16 11:49:00,Delta Airlines,Healthcare,"Marseille, FR"
TXN_001991,USER_013,16.67,2025-12-16 11:50:00,Starbucks,Healthcare,"Madrid, ES"
TXN_003247,USER_016,30.53,2025-12-16 12:03:00,CVS,Transport,"Berlin, DE"
TXN_001970,USER_006,6.49,2025-12-16 12:23:00,Hotels.com,Shopping,"Madrid, ES"
TXN_002877,USER_032,86.29,2025-12-16 12:37:00,Walmart,Fuel,"Paris, FR"
TXN_001415,USER_034,22.13,2025-12-16 13:11:00,Hotels.com,Healthcare,"Berlin, DE"
TXN_003693,USER_039,99.65,2025-12-16 13:12:00,Starbucks,Shopping,"Amsterdam, NL"
TXN_001027,USER_007,10.67,2025-12-16 14:05:00,Starbucks,Subscription,"Paris, FR"
TXN_003296,USER_049,20.97,2025-12-16 14:07:00,Hertz,Fuel,"Lyon, FR"
TXN_004839,USER_008,41.97,2025-12-16 14:10:00,Whole Foods,Other,"Madrid, ES"
TXN_002406,USER_017,27.04,2025-12-16 15:09:00,Apple Store,Food,"Lyon, FR"
TXN_004045,USER_038,105.8,2025-12-16 15:37:00,Netflix,Utilities,"Paris, FR"
TXN_000485,USER_050,162.17,2025-12-16 16:12:00,Airbnb,Fuel,"Berlin, DE"
TXN_002919,USER_010,62.66,2025-12-16 16:28:00,McDonalds,Healthcare,"London, UK"
TXN_001553,USER_002,43.98,2025-12-16 16:31:00,BestBuy,Healthcare,"Berlin, DE"
TXN_000164,USER_015,66.52,2025-12-16 16:33:00,Spotify,Subscription,"Lyon, FR"
TXN_000316,USER_050,103.25,2025-12-16 16:37:00,Steam,Fuel,"Brussels, BE"
TXN_004384,USER_001,12.79,2025-12-16 16:40:00,Hertz,Healthcare,"Marseille, FR"
TXN_002426,USER_011,48.5,2025-12-16 16:46:00,Netflix,Other,"Lyon, FR"
TXN_001101,USER_010,13.19,2025-12-16 16:48:00,Apple Store,Food,"London, UK"
TXN_004548,USER_050,9.91,2025-12-16 16:48:00,Starbucks,Healthcare,"Marseille, FR"
TXN_000969,USER_016,79.93,2025-12-16 16:53:00,Steam,Travel,"Lyon, FR"
TXN_003528,USER_039,46.65,2025-12-16 18:13:00,McDonalds,Shopping,"Rome, IT"
TXN_001373,USER_023,18.64,2025-12-16 18:17:00,McDonalds,Other,"Marseille, FR"
TXN_001106,USER_004,28.17,2025-12-16 19:00:00,CVS,Utilities,"Paris, FR"
TXN_000360,USER_040,61.56,2025-12-16 19:32:00,Hotels.com,Entertainment,"Lyon, FR"
TXN_003257,USER_040,299.18,2025-12-16 19:56:00,Target,Subscription,"Amsterdam, NL"
TXN_004268,USER_048,2.77,2025-12-17 00:20:00,BestBuy,Travel,"Brussels, BE"
TXN_002617,USER_020,7.2,2025-12-17 00:36:00,Apple Store,Subscription,"Rome, IT"
TXN_003442,USER_049,71.49,2025-12-17 00:43:00,Walmart,Transport,"Madrid, ES"
TXN_004619,USER_043,113.57,2025-12-17 01:00:00,Starbucks,Entertainment,"Madrid, ES"
TXN_001455,USER_013,50.76,2025-12-17 02:30:00,Hotels.com,Subscription,"Brussels, BE"
TXN_003104,USER_029,2553.3003822017727,2025-12-17 02:42:00,McDonalds,Shopping,"Moscow, RU"
TXN_001876,USER_006,13.0,2025-12-17 02:53:00,Steam,Food,"London, UK"
TXN_004219,USER_035,3718.00853908604,2025-12-17 03:17:00,Target,Other,"Paris, FR"
TXN_001612,USER_011,23.06,2025-12-17 03:33:00,Airbnb,Fuel,"Rome, IT"
TXN_002120,USER_007,2399.187589471938,2025-12-17 04:12:00,McDonalds,Other,"Beijing, CN"
TXN_002152,USER_043,6.3,2025-12-17 04:42:00,PayPal,Entertainment,"New York, US"
TXN_003824,USER_045,2311.18036759252,2025-12-17 04:51:00,BestBuy,Healthcare,"Moscow, RU"
TXN_004635,USER_045,188.31,2025-12-17 05:13:00,Uber,Entertainment,"Amsterdam, NL"
TXN_002473,USER_025,25.66,2025-12-17 05:15:00,Target,Entertainment,"Madrid, ES"
TXN_003316,USER_028,11.28,2025-12-17 05:50:00,BestBuy,Shopping,"London, UK"
TXN_002709,USER_034,14.69,2025-12-17 06:32:00,Amazon,Transport,"Lyon, FR"
TXN_004235,USER_032,96.38,2025-12-17 06:32:00,Walmart,Entertainment,"Amsterdam, NL"
TXN_002413,USER_016,121.6,2025-12-17 06:55:00,Apple Store,Travel,"Amsterdam, NL"
TXN_001589,USER_013,21.48,2025-12-17 07:24:00,Steam,Shopping,"Berlin, DE"
TXN_001294,USER_049,57.15,2025-12-17 07:29:00,Shell Gas,Transport,"Brussels, BE"
TXN_004375,USER_034,30.51,2025-12-17 07:55:00,Airbnb,Food,"Berlin, DE"
TXN_004261,USER_040,77.82,2025-12-17 08:30:00,McDonalds,Shopping,"Madrid, ES"
TXN_002030,USER_015,19.2,2025-12-17 08:33:00,Netflix,Fuel,"Lyon, FR"
TXN_000218,USER_006,8.87,2025-12-17 09:08:00,PayPal,Transport,"New York, US"
TXN_003849,USER_043,252.19,2025-12-17 09:29:00,McDonalds,Subscription,"Marseille, FR"
TXN_000010,USER_036,13.59,2025-12-17 09:41:00,CVS,Travel,"Amsterdam, NL"
TXN_003178,USER_016,13.66,2025-12-17 09:45:00,Uber,Healthcare,"Amsterdam, NL"
TXN_003939,USER_045,110.44,2025-12-17 10:02:00,Starbucks,Other,"Brussels, BE"
TXN_004873,USER_049,54.97,2025-12-17 10:03:00,Steam,Travel,"Marseille, FR"
TXN_004646,USER_019,57.61,2025-12-17 10:15:00,Google Play,Utilities,"Madrid, ES"
TXN_004333,USER_026,209.94,2025-12-17 10:23:00,CVS,Shopping,"Paris, FR"
TXN_001571,USER_028,18.36,2025-12-17 10:24:00,Walmart,Fuel,"Lyon, FR"
TXN_FRAUD_2044_0,USER_003,302.5358205050363,2025-12-17 10:25:00,Shell Gas,Entertainment,"Marseille, FR"
TXN_004689,USER_003,421.19,2025-12-17 10:25:00,Shell Gas,Entertainment,"Marseille, FR"
TXN_FRAUD_2044_1,USER_003,271.21105329228374,2025-12-17 10:30:00,Shell Gas,Entertainment,"Marseille, FR"
TXN_FRAUD_2044_2,USER_003,268.09919815576103,2025-12-17 10:35:00,Shell Gas,Entertainment,"Marseille, FR"
TXN_003499,USER_007,3.8,2025-12-17 10:49:00,Delta Airlines,Utilities,"Amsterdam, NL"
TXN_000204,USER_004,35.35,2025-12-17 11:10:00,Google Play,Healthcare,"Marseille, FR"
TXN_002782,USER_026,130.2,2025-12-17 11:12:00,Delta Airlines,Healthcare,"Rome, IT"
TXN_002252,USER_044,436.23,2025-12-17 11:41:00,Uber,Fuel,"Brussels, BE"
TXN_000363,USER_035,14.69,2025-12-17 11:45:00,Spotify,Transport,"Marseille, FR"
TXN_000848,USER_045,3.24,2025-12-17 13:01:00,Hertz,Shopping,"Berlin, DE"
TXN_002592,USER_012,20.72,2025-12-17 13:10:00,PayPal,Shopping,"Rome, IT"
TXN_000802,USER_003,79.94,2025-12-17 14:11:00,Apple Store,Healthcare,"Lyon, FR"
TXN_002267,USER_034,44.72,2025-12-17 14:27:00,Hertz,Transport,"London, UK"
TXN_001142,USER_028,12.43,2025-12-17 14:27:00,Walmart,Fuel,"Marseille, FR"
TXN_002655,USER_044,45.3,2025-12-17 14:57:00,Starbucks,Transport,"Amsterdam, NL"
TXN_004244,USER_013,21.41,2025-12-17 15:06:00,Spotify,Subscription,"Paris, FR"
TXN_002774,USER_046,20.68,2025-12-17 16:56:00,Google Play,Utilities,"Rome, IT"
TXN_003474,USER_045,3.55,2025-12-17 16:56:00,Delta Airlines,Fuel,"Madrid, ES"
TXN_002824,USER_048,89.83,2025-12-17 17:27:00,Whole Foods,Food,"Berlin, DE"
TXN_000152,USER_036,554.24,2025-12-17 17:32:00,Starbucks,Subscription,"Lyon, FR"
TXN_004377,USER_017,7.27,2025-12-17 17:42:00,CVS,Entertainment,"Paris, FR"
TXN_003036,USER_049,1.85,2025-12-17 18:19:00,Amazon,Healthcare,"Brussels, BE"
TXN_004525,USER_016,26.92,2025-12-17 18:35:00,Steam,Subscription,"New York, US"
TXN_001177,USER_020,107.45,2025-12-17 23:20:00,Hertz,Travel,"Paris, FR"
TXN_001826,USER_027,13.34,2025-12-17 23:37:00,CVS,Subscription,"Lyon, FR"
TXN_000553,USER_005,26.71,2025-12-18 00:50:00,BestBuy,Shopping,"Berlin, DE"
TXN_003242,USER_022,56.37,2025-12-18 01:53:00,Uber,Transport,"Amsterdam, NL"
TXN_001846,USER_016,4.11,2025-12-18 02:06:00,Whole Foods,Subscription,"New York, US"
TXN_001481,USER_033,7.52,2025-12-18 02:15:00,Hertz,Travel,"New York, US"
TXN_000613,USER_043,2186.9826561881205,2025-12-18 03:01:00,Delta Airlines,Other,"Beijing, CN"
TXN_002420,USER_015,509.74,2025-12-18 03:19:00,Apple Store,Shopping,"Amsterdam, NL"
TXN_002512,USER_021,23.26,2025-12-18 05:20:00,BestBuy,Entertainment,"Brussels, BE"
TXN_001983,USER_022,11.36,2025-12-18 06:10:00,BestBuy,Shopping,"Berlin, DE"
TXN_003619,USER_018,179.23,2025-12-18 06:43:00,McDonalds,Transport,"Rome, IT"
TXN_002689,USER_044,74.91,2025-12-18 06:47:00,CVS,Entertainment,"Amsterdam, NL"
TXN_001075,USER_009,28.52,2025-12-18 06:48:00,Spotify,Entertainment,"New York, US"
TXN_001649,USER_024,18.12,2025-12-18 07:06:00,Hotels.com,Shopping,"Marseille, FR"
TXN_000689,USER_022,8.84,2025-12-18 07:08:00,Starbucks,Transport,"Madrid, ES"
TXN_003091,USER_014,25.44,2025-12-18 07:15:00,CVS,Other,"Rome, IT"
TXN_001979,USER_019,33.05,2025-12-18 07:18:00,Spotify,Utilities,"New York, US"
TXN_004318,USER_048,33.61,2025-12-18 07:44:00,Starbucks,Other,"Amsterdam, NL"
TXN_003676,USER_006,43.17,2025-12-18 08:00:00,Hotels.com,Utilities,"Brussels, BE"
TXN_000210,USER_038,6.51,2025-12-18 08:28:00,PayPal,Utilities,"Lagos, NG"
TXN_000528,USER_018,25.15,2025-12-18 09:05:00,Hotels.com,Transport,"Lyon, FR"
TXN_001718,USER_004,133.96,2025-12-18 09:27:00,PayPal,Food,"Lyon, FR"
TXN_003977,USER_035,26.97,2025-12-18 09:28:00,CVS,Food,"New York, US"
TXN_004823,USER_014,139.12,2025-12-18 09:31:00,McDonalds,Fuel,"Amsterdam, NL"
TXN_002284,USER_040,54.65,2025-12-18 09:38:00,Uber,Other,"Brussels, BE"
TXN_004600,USER_014,23.98,2025-12-18 09:46:00,Hotels.com,Food,"New York, US"
TXN_004998,USER_017,22.19,2025-12-18 09:52:00,Shell Gas,Entertainment,"Amsterdam, NL"
TXN_002657,USER_038,60.11,2025-12-18 09:57:00,Whole Foods,Shopping,"London, UK"
TXN_003653,USER_041,0.67,2025-12-18 10:03:00,Hertz,Fuel,"Marseille, FR"
TXN_002343,USER_031,4.28,2025-12-18 10:38:00,Uber,Shopping,"Paris, FR"
TXN_004072,USER_026,93.27,2025-12-18 10:42:00,Airbnb,Transport,"Lyon, FR"
TXN_004270,USER_026,157.07,2025-12-18 10:45:00,Amazon,Food,"Amsterdam, NL"
TXN_002593,USER_021,27.29,2025-12-18 11:28:00,Walmart,Other,"Lyon, FR"
TXN_004923,USER_013,202.62,2025-12-18 11:34:00,McDonalds,Utilities,"London, UK"
TXN_001229,USER_044,12.74,2025-12-18 11:46:00,PayPal,Travel,"Lyon, FR"
TXN_004626,USER_027,28.8,2025-12-18 12:40:00,Starbucks,Healthcare,"Lyon, FR"
TXN_000540,USER_041,32.55,2025-12-18 13:03:00,Netflix,Transport,"Madrid, ES"
TXN_001988,USER_024,41.34,2025-12-18 13:11:00,PayPal,Transport,"Brussels, BE"
TXN_003909,USER_001,8.57,2025-12-18 13:53:00,Hertz,Shopping,"Amsterdam, NL"
TXN_000375,USER_041,21.45,2025-12-18 14:27:00,Hertz,Food,"Brussels, BE"
TXN_004376,USER_038,10.19,2025-12-18 14:32:00,Whole Foods,Subscription,"New York, US"
TXN_001141,USER_026,61.97,2025-12-18 14:37:00,Spotify,Subscription,"Marseille, FR"
TXN_000471,USER_027,50.02,2025-12-18 15:05:00,Walmart,Fuel,"Amsterdam, NL"
TXN_000092,USER_037,7.69,2025-12-18 15:13:00,Hertz,Shopping,"London, UK"
TXN_003058,USER_008,16.37,2025-12-18 15:57:00,Netflix,Subscription,"New York, US"
TXN_002880,USER_004,54.8,2025-12-18 16:12:00,Shell Gas,Travel,"Brussels, BE"
TXN_001125,USER_027,43.99,2025-12-18 16:16:00,Netflix,Transport,"New York, US"
TXN_000765,USER_033,130.42,2025-12-18 16:42:00,McDonalds,Fuel,"Marseille, FR"
TXN_000470,USER_016,8.1,2025-12-18 16:44:00,Starbucks,Fuel,"New York, US"
TXN_003487,USER_022,112.59,2025-12-18 17:03:00,Hotels.com,Fuel,"Brussels, BE"
TXN_001164,USER_006,38.2,2025-12-18 17:08:00,Google Play,Healthcare,"Lyon, FR"
TXN_001562,USER_008,75.04,2025-12-18 17:19:00,PayPal,Utilities,"Amsterdam, NL"
TXN_001634,USER_029,7.38,2025-12-18 17:24:00,Amazon,Subscription,"Berlin, DE"
TXN_002561,USER_011,279.03,2025-12-18 17:44:00,CVS,Fuel,"New York, US"
TXN_001636,USER_023,8.28,2025-12-18 18:06:00,Whole Foods,Transport,"Madrid, ES"
TXN_004170,USER_016,30.94,2025-12-18 19:09:00,Netflix,Utilities,"New York, US"
TXN_000159,USER_029,18.47,2025-12-18 19:43:00,Whole Foods,Healthcare,"London, UK"
TXN_001537,USER_025,49.98,2025-12-18 20:13:00,Google Play,Transport,"Brussels, BE"
TXN_003740,USER_038,10.38,2025-12-18 20:29:00,CVS,Subscription,"Madrid, ES"
TXN_001223,USER_012,69.56,2025-12-18 22:13:00,Target,Other,"Lyon, FR"
TXN_003625,USER_010,4.08,2025-12-19 00:11:00,Uber,Other,"New York, US"
TXN_001491,USER_016,142.27,2025-12-19 00:17:00,Hotels.com,Fuel,"Madrid, ES"
TXN_002864,USER_008,10.76,2025-12-19 00:47:00,Spotify,Food,"Berlin, DE"
TXN_002791,USER_034,48.19,2025-12-19 01:21:00,BestBuy,Other,"Rome, IT"
TXN_001198,USER_049,69.68,2025-12-19 03:28:00,Shell Gas,Travel,"New York, US"
TXN_002688,USER_033,6.72,2025-12-19 04:08:00,Delta Airlines,Subscription,"Lyon, FR"
TXN_004372,USER_024,530.34,2025-12-19 04:26:00,Target,Utilities,"Rome, IT"
TXN_004300,USER_036,63.79,2025-12-19 05:37:00,BestBuy,Shopping,"Lyon, FR"
TXN_002246,USER_031,8.61,2025-12-19 05:42:00,Uber,Transport,"Berlin, DE"
TXN_002521,USER_038,166.66,2025-12-19 06:09:00,BestBuy,Travel,"London, UK"
TXN_000074,USER_003,100.26,2025-12-19 06:11:00,Walmart,Travel,"New York, US"
TXN_003467,USER_005,7.27,2025-12-19 06:26:00,Target,Food,"Brussels, BE"
TXN_002498,USER_001,12.41,2025-12-19 06:32:00,Shell Gas,Entertainment,"Lyon, FR"
TXN_000407,USER_038,27.39,2025-12-19 06:38:00,Amazon,Other,"Rome, IT"
TXN_001208,USER_023,51.69,2025-12-19 07:09:00,Shell Gas,Fuel,"Lyon, FR"
TXN_003445,USER_025,3.23,2025-12-19 07:14:00,Netflix,Utilities,"Brussels, BE"
TXN_004999,USER_021,22.2,2025-12-19 07:16:00,Whole Foods,Utilities,"Paris, FR"
TXN_001852,USER_030,509.83,2025-12-19 07:17:00,Spotify,Healthcare,"Brussels, BE"
TXN_001195,USER_001,71.25,2025-12-19 07:47:00,Walmart,Other,"Lyon, FR"
TXN_002270,USER_032,128.1,2025-12-19 07:48:00,PayPal,Travel,"Paris, FR"
TXN_002096,USER_049,16.86,2025-12-19 08:00:00,Hertz,Entertainment,"Paris, FR"
TXN_003637,USER_041,67.22,2025-12-19 08:27:00,Target,Shopping,"Madrid, ES"
TXN_002565,USER_020,39.31,2025-12-19 08:53:00,McDonalds,Entertainment,"New York, US"
TXN_000753,USER_039,20.7,2025-12-19 09:33:00,Netflix,Healthcare,"Madrid, ES"
TXN_004373,USER_030,25.44,2025-12-19 10:05:00,Hotels.com,Entertainment,"Berlin, DE"
TXN_003099,USER_021,17.95,2025-12-19 10:23:00,Airbnb,Entertainment,"Amsterdam, NL"
TXN_004938,USER_021,58.35,2025-12-19 10:55:00,Hertz,Utilities,"Paris, FR"
TXN_002578,USER_019,507.11,2025-12-19 11:12:00,Hotels.com,Shopping,"London, UK"
TXN_001392,USER_023,2.54,2025-12-19 11:16:00,Hertz,Food,"New York, US"
TXN_001653,USER_037,84.47,2025-12-19 11:24:00,Airbnb,Travel,"Madrid, ES"
TXN_001248,USER_038,20.36,2025-12-19 11:27:00,Walmart,Travel,"Brussels, BE"
TXN_000267,USER_024,10.31,2025-12-19 11:34:00,Apple Store,Other,"Amsterdam, NL"
TXN_004423,USER_031,1.3,2025-12-19 11:56:00,Apple Store,Travel,"Lyon, FR"
TXN_002376,USER_008,16.19,2025-12-19 12:24:00,Apple Store,Utilities,"Marseille, FR"
TXN_000641,USER_019,2.23,2025-12-19 13:08:00,Target,Fuel,"Rome, IT"
TXN_003710,USER_028,22.05,2025-12-19 13:27:00,Target,Travel,"Rome, IT"
TXN_000097,USER_044,11.69,2025-12-19 14:02:00,Shell Gas,Transport,"Paris, FR"
TXN_000036,USER_046,11.27,2025-12-19 14:13:00,Google Play,Subscription,"Brussels, BE"
TXN_004196,USER_013,39.82,2025-12-19 14:17:00,Spotify,Transport,"London, UK"
TXN_004915,USER_016,274.88,2025-12-19 14:19:00,Netflix,Food,"Marseille, FR"
TXN_003733,USER_007,24.0,2025-12-19 15:09:00,Whole Foods,Shopping,"Lyon, FR"
TXN_004276,USER_026,47.15,2025-12-19 15:37:00,BestBuy,Other,"Madrid, ES"
TXN_002276,USER_039,21.46,2025-12-19 15:59:00,Whole Foods,Healthcare,"Berlin, DE"
TXN_003261,USER_033,3.99,2025-12-19 16:06:00,Steam,Healthcare,"New York, US"
TXN_000258,USER_039,34.83,2025-12-19 16:10:00,BestBuy,Other,"Brussels, BE"
TXN_001815,USER_045,136.82,2025-12-19 16:16:00,Walmart,Other,"Paris, FR"
TXN_001958,USER_047,46.5,2025-12-19 16:25:00,Hotels.com,Food,"Brussels, BE"
TXN_003366,USER_047,28.18,2025-12-19 16:34:00,PayPal,Utilities,"Lagos, NG"
TXN_004337,USER_031,15.42,2025-12-19 17:30:00,Hertz,Fuel,"Lagos, NG"
TXN_000683,USER_035,54.46,2025-12-19 19:59:00,Hotels.com,Shopping,"Lyon, FR"
TXN_004996,USER_007,1885.8898679895879,2025-12-20 01:15:00,Walmart,Travel,"Beijing, CN"
TXN_003208,USER_002,78.2,2025-12-20 04:19:00,Shell Gas,Shopping,"Lagos, NG"
TXN_004369,USER_009,4.41,2025-12-20 04:54:00,Steam,Food,"Lagos, NG"
TXN_002196,USER_010,17.12,2025-12-20 05:55:00,Amazon,Travel,"Paris, FR"
TXN_000676,USER_002,7.5,2025-12-20 06:26:00,Uber,Shopping,"London, UK"
TXN_000990,USER_047,2.77,2025-12-20 06:38:00,Hotels.com,Utilities,"London, UK"
TXN_001541,USER_008,4.15,2025-12-20 06:50:00,Starbucks,Subscription,"London, UK"
TXN_003419,USER_003,12.0,2025-12-20 07:12:00,Hotels.com,Shopping,"Brussels, BE"
TXN_002100,USER_013,12.84,2025-12-20 07:36:00,Steam,Travel,"Marseille, FR"
TXN_004077,USER_020,60.02,2025-12-20 07:44:00,Spotify,Entertainment,"Paris, FR"
TXN_004204,USER_014,51.73,2025-12-20 07:51:00,Starbucks,Entertainment,"Brussels, BE"
TXN_001136,USER_047,18.43,2025-12-20 08:13:00,CVS,Other,"Amsterdam, NL"
TXN_000412,USER_029,12.7,2025-12-20 08:14:00,Starbucks,Healthcare,"New York, US"
TXN_001686,USER_033,2.26,2025-12-20 08:44:00,Apple Store,Utilities,"Rome, IT"
TXN_002903,USER_047,55.86,2025-12-20 08:50:00,Whole Foods,Shopping,"Marseille, FR"
TXN_004130,USER_024,9.3,2025-12-20 09:04:00,Whole Foods,Food,"Marseille, FR"
TXN_002352,USER_003,511.12,2025-12-20 09:10:00,CVS,Entertainment,"London, UK"
TXN_003763,USER_031,18.84,2025-12-20 09:18:00,Target,Transport,"New York, US"
TXN_000384,USER_021,44.85,2025-12-20 09:34:00,Google Play,Healthcare,"Marseille, FR"
TXN_000054,USER_048,21.3,2025-12-20 09:51:00,Walmart,Other,"Rome, IT"
TXN_002424,USER_040,12.01,2025-12-20 09:54:00,Google Play,Utilities,"Marseille, FR"
TXN_004249,USER_040,2.9,2025-12-20 11:00:00,Airbnb,Subscription,"London, UK"
TXN_003013,USER_032,20.49,2025-12-20 11:26:00,Hertz,Entertainment,"New York, US"
TXN_000357,USER_026,86.95,2025-12-20 11:29:00,Netflix,Entertainment,"Lyon, FR"
TXN_004722,USER_026,14.6,2025-12-20 11:46:00,CVS,Other,"Amsterdam, NL"
TXN_003811,USER_027,18.86,2025-12-20 12:03:00,PayPal,Transport,"Lyon, FR"
TXN_003093,USER_032,57.61,2025-12-20 12:10:00,Amazon,Utilities,"Rome, IT"
TXN_000605,USER_007,4806.962548902555,2025-12-20 12:11:00,Spotify,Transport,"Madrid, ES"
TXN_002281,USER_045,25.86,2025-12-20 12:20:00,Google Play,Subscription,"Berlin, DE"
TXN_002674,USER_004,28.12,2025-12-20 12:38:00,Target,Entertainment,"Rome, IT"
TXN_004737,USER_001,24.16,2025-12-20 12:54:00,Netflix,Entertainment,"Marseille, FR"
TXN_003911,USER_033,18.18,2025-12-20 12:55:00,Airbnb,Subscription,"Rome, IT"
TXN_003885,USER_019,110.99,2025-12-20 13:29:00,Uber,Food,"Amsterdam, NL"
TXN_004253,USER_031,15.3,2025-12-20 13:38:00,McDonalds,Transport,"Berlin, DE"
TXN_003967,USER_006,7.12,2025-12-20 13:55:00,Apple Store,Entertainment,"Marseille, FR"
TXN_003123,USER_009,5.34,2025-12-20 14:46:00,Uber,Subscription,"New York, US"
TXN_002608,USER_041,79.67,2025-12-20 14:54:00,Uber,Entertainment,"Paris, FR"
TXN_002581,USER_011,74.15,2025-12-20 14:56:00,Whole Foods,Fuel,"Madrid, ES"
TXN_000761,USER_043,2.09,2025-12-20 15:31:00,Starbucks,Shopping,"Rome, IT"
TXN_003540,USER_043,5.17,2025-12-20 15:56:00,Airbnb,Subscription,"Brussels, BE"
TXN_001671,USER_007,30.59,2025-12-20 15:57:00,PayPal,Travel,"London, UK"
TXN_000389,USER_047,7.46,2025-12-20 16:00:00,McDonalds,Subscription,"Brussels, BE"
TXN_000895,USER_001,5.84,2025-12-20 16:03:00,Uber,Healthcare,"London, UK"
TXN_004129,USER_005,88.19,2025-12-20 16:34:00,Netflix,Subscription,"Paris, FR"
TXN_002962,USER_043,10.21,2025-12-20 16:43:00,Delta Airlines,Food,"Paris, FR"
TXN_002710,USER_045,54.53,2025-12-20 17:42:00,Google Play,Subscription,"New York, US"
TXN_002117,USER_040,15.38,2025-12-20 18:11:00,Target,Healthcare,"Brussels, BE"
TXN_002538,USER_012,24.9,2025-12-20 18:25:00,Amazon,Transport,"Paris, FR"
TXN_002226,USER_033,26.22,2025-12-20 18:36:00,Spotify,Subscription,"Marseille, FR"
TXN_002835,USER_035,13.11,2025-12-20 18:54:00,CVS,Entertainment,"Berlin, DE"
TXN_003829,USER_009,12.79,2025-12-20 19:27:00,Target,Healthcare,"Paris, FR"
TXN_002989,USER_009,27.38,2025-12-20 20:12:00,Starbucks,Healthcare,"Berlin, DE"
TXN_000362,USER_044,27.18,2025-12-20 21:30:00,Google Play,Food,"Brussels, BE"
TXN_003222,USER_040,14.71,2025-12-21 01:06:00,Google Play,Shopping,"Brussels, BE"
TXN_002708,USER_016,35.46,2025-12-21 03:24:00,Hertz,Utilities,"Brussels, BE"
TXN_002895,USER_035,57.52,2025-12-21 03:58:00,Netflix,Healthcare,"London, UK"
TXN_001329,USER_038,29.96,2025-12-21 04:14:00,Shell Gas,Travel,"New York, US"
TXN_004315,USER_009,33.55,2025-12-21 04:16:00,Shell Gas,Utilities,"Amsterdam, NL"
TXN_002137,USER_010,7.39,2025-12-21 04:30:00,Apple Store,Shopping,"Marseille, FR"
TXN_001557,USER_029,3.45,2025-12-21 04:34:00,Whole Foods,Transport,"New York, US"
TXN_000171,USER_028,33.6,2025-12-21 05:26:00,Netflix,Shopping,"Lyon, FR"
TXN_002766,USER_026,20.41,2025-12-21 05:48:00,Whole Foods,Subscription,"Rome, IT"
TXN_000659,USER_014,10.35,2025-12-21 05:57:00,Target,Entertainment,"Berlin, DE"
TXN_002711,USER_012,9.43,2025-12-21 06:17:00,Uber,Subscription,"Berlin, DE"
TXN_003524,USER_048,21.78,2025-12-21 06:51:00,Airbnb,Healthcare,"Marseille, FR"
TXN_003650,USER_002,9.8,2025-12-21 06:59:00,McDonalds,Transport,"Amsterdam, NL"
TXN_001803,USER_033,36.27,2025-12-21 07:14:00,Airbnb,Transport,"London, UK"
TXN_003855,USER_015,20.21,2025-12-21 07:34:00,Hertz,Fuel,"Marseille, FR"
TXN_003271,USER_009,30.84,2025-12-21 07:35:00,PayPal,Travel,"Amsterdam, NL"
TXN_004865,USER_014,25.04,2025-12-21 07:39:00,CVS,Healthcare,"Marseille, FR"
TXN_000179,USER_017,140.6,2025-12-21 07:55:00,Steam,Fuel,"Paris, FR"
TXN_004944,USER_026,210.69,2025-12-21 07:58:00,CVS,Travel,"Lagos, NG"
TXN_003022,USER_004,12.49,2025-12-21 08:23:00,Hotels.com,Travel,"Marseille, FR"
TXN_004751,USER_050,24.34,2025-12-21 08:32:00,PayPal,Subscription,"Marseille, FR"
TXN_002996,USER_005,4.83,2025-12-21 08:33:00,Hotels.com,Other,"London, UK"
TXN_000727,USER_036,35.19,2025-12-21 08:42:00,Netflix,Fuel,"Rome, IT"
TXN_000439,USER_031,6.13,2025-12-21 08:47:00,Uber,Shopping,"London, UK"
TXN_000241,USER_038,107.54,2025-12-21 08:49:00,McDonalds,Utilities,"Paris, FR"
TXN_000348,USER_006,62.1,2025-12-21 09:30:00,Spotify,Utilities,"Rome, IT"
TXN_001412,USER_035,6.98,2025-12-21 09:43:00,Apple Store,Utilities,"London, UK"
TXN_000867,USER_044,17.61,2025-12-21 10:12:00,BestBuy,Healthcare,"London, UK"
TXN_004089,USER_044,36.79,2025-12-21 10:14:00,Shell Gas,Entertainment,"Rome, IT"
TXN_004275,USER_034,5.33,2025-12-21 10:37:00,Steam,Healthcare,"London, UK"
TXN_002987,USER_030,109.91,2025-12-21 10:47:00,Steam,Subscription,"Rome, IT"
TXN_FRAUD_2259_0,USER_030,425.6296495572198,2025-12-21 10:47:00,Steam,Subscription,"Rome, IT"
TXN_FRAUD_2259_1,USER_030,325.0882203789432,2025-12-21 10:52:00,Steam,Subscription,"Rome, IT"
TXN_003008,USER_040,306.16,2025-12-21 10:53:00,Delta Airlines,Subscription,"Rome, IT"
TXN_FRAUD_2259_2,USER_030,126.53427799794397,2025-12-21 10:57:00,Steam,Subscription,"Rome, IT"
TXN_004052,USER_045,7.75,2025-12-21 11:05:00,Starbucks,Food,"Brussels, BE"
TXN_000536,USER_016,59.72,2025-12-21 11:12:00,Netflix,Healthcare,"Berlin, DE"
TXN_001081,USER_047,861.9,2025-12-21 11:38:00,Hotels.com,Transport,"Rome, IT"
TXN_002183,USER_002,15.1,2025-12-21 11:56:00,Uber,Food,"Marseille, FR"
TXN_001055,USER_019,41.26,2025-12-21 12:14:00,Apple Store,Food,"Lagos, NG"
TXN_003409,USER_048,77.28,2025-12-21 12:17:00,McDonalds,Utilities,"Berlin, DE"
TXN_001439,USER_006,9.08,2025-12-21 12:19:00,BestBuy,Healthcare,"London, UK"
TXN_001889,USER_003,25.92,2025-12-21 12:31:00,Airbnb,Entertainment,"Amsterdam, NL"
TXN_002213,USER_007,8.33,2025-12-21 12:43:00,PayPal,Entertainment,"Marseille, FR"
TXN_001453,USER_044,13.95,2025-12-21 12:57:00,Spotify,Other,"Lagos, NG"
TXN_002783,USER_030,10.89,2025-12-21 13:56:00,Spotify,Shopping,"Lyon, FR"
TXN_003607,USER_021,4435.723263432741,2025-12-21 14:00:00,BestBuy,Entertainment,"Marseille, FR"
TXN_002453,USER_050,17.29,2025-12-21 14:04:00,Apple Store,Healthcare,"Madrid, ES"
TXN_002811,USER_004,60.96,2025-12-21 14:17:00,Netflix,Transport,"New York, US"
TXN_001514,USER_048,120.68,2025-12-21 14:17:00,Amazon,Shopping,"Marseille, FR"
TXN_000247,USER_006,28.57,2025-12-21 14:26:00,Starbucks,Food,"Marseille, FR"
TXN_000403,USER_009,18.86,2025-12-21 14:47:00,CVS,Travel,"Marseille, FR"
TXN_001841,USER_034,114.76,2025-12-21 14:59:00,Airbnb,Shopping,"Lyon, FR"
TXN_003174,USER_022,38.37,2025-12-21 15:49:00,Hotels.com,Fuel,"Amsterdam, NL"
TXN_000911,USER_042,90.07,2025-12-21 15:54:00,Delta Airlines,Utilities,"London, UK"
TXN_001193,USER_050,6.97,2025-12-21 15:57:00,BestBuy,Fuel,"Marseille, FR"
TXN_002609,USER_046,114.33,2025-12-21 16:02:00,Target,Other,"London, UK"
TXN_001145,USER_027,3813.949873842067,2025-12-21 16:16:00,Amazon,Transport,"Rome, IT"
TXN_004092,USER_024,193.35,2025-12-21 16:29:00,Delta Airlines,Shopping,"Paris, FR"
TXN_000193,USER_030,2.87,2025-12-21 16:43:00,Shell Gas,Entertainment,"Amsterdam, NL"
TXN_002716,USER_033,39.69,2025-12-21 17:38:00,Hertz,Subscription,"London, UK"
TXN_004637,USER_001,64.16,2025-12-21 17:49:00,BestBuy,Utilities,"Rome, IT"
TXN_003137,USER_039,37.09,2025-12-21 18:46:00,Spotify,Subscription,"Brussels, BE"
TXN_003147,USER_036,50.49,2025-12-21 19:01:00,Airbnb,Other,"Brussels, BE"
TXN_004290,USER_001,54.7,2025-12-21 19:28:00,Walmart,Travel,"Marseille, FR"
TXN_000516,USER_050,20.33,2025-12-21 20:49:00,Netflix,Subscription,"Rome, IT"
TXN_000993,USER_029,121.68,2025-12-21 22:04:00,Google Play,Travel,"Brussels, BE"
TXN_002094,USER_050,4.71,2025-12-22 00:49:00,Uber,Utilities,"Marseille, FR"
TXN_003381,USER_027,156.8,2025-12-22 00:54:00,Target,Fuel,"Amsterdam, NL"
TXN_002694,USER_020,39.42,2025-12-22 01:34:00,Google Play,Travel,"Rome, IT"
TXN_003221,USER_026,105.62,2025-12-22 02:39:00,CVS,Subscription,"Berlin, DE"
TXN_001357,USER_009,256.22,2025-12-22 03:03:00,Hertz,Food,"Rome, IT"
TXN_002554,USER_031,134.07,2025-12-22 04:09:00,BestBuy,Transport,"Berlin, DE"
TXN_001175,USER_003,24.9,2025-12-22 05:10:00,Hertz,Entertainment,"Paris, FR"
TXN_002053,USER_020,58.42,2025-12-22 05:18:00,Starbucks,Entertainment,"Paris, FR"
TXN_004432,USER_041,132.25,2025-12-22 05:22:00,Apple Store,Healthcare,"Lyon, FR"
TXN_003331,USER_006,76.99,2025-12-22 05:58:00,McDonalds,Other,"Lyon, FR"
TXN_001250,USER_037,6.75,2025-12-22 06:14:00,Google Play,Utilities,"London, UK"
TXN_003105,USER_039,117.42,2025-12-22 06:15:00,BestBuy,Transport,"Lyon, FR"
TXN_000893,USER_029,14.14,2025-12-22 06:27:00,Spotify,Other,"Marseille, FR"
TXN_001992,USER_048,12.83,2025-12-22 06:45:00,Walmart,Transport,"New York, US"
TXN_000874,USER_030,16.04,2025-12-22 06:50:00,Target,Food,"Paris, FR"
TXN_000482,USER_014,32.79,2025-12-22 07:07:00,Amazon,Entertainment,"New York, US"
TXN_001628,USER_035,62.81,2025-12-22 07:12:00,Starbucks,Fuel,"Brussels, BE"
TXN_FRAUD_2309_0,USER_001,421.71862357252155,2025-12-22 08:27:00,Starbucks,Shopping,"Brussels, BE"
TXN_004906,USER_001,87.62,2025-12-22 08:27:00,Starbucks,Shopping,"Brussels, BE"
TXN_FRAUD_2309_1,USER_001,351.02522452774525,2025-12-22 08:32:00,Starbucks,Shopping,"Brussels, BE"
TXN_FRAUD_2309_2,USER_001,242.8641987632265,2025-12-22 08:37:00,Starbucks,Shopping,"Brussels, BE"
TXN_004523,USER_023,3.28,2025-12-22 08:48:00,Shell Gas,Entertainment,"Paris, FR"
TXN_002060,USER_040,13.8,2025-12-22 08:55:00,Google Play,Food,"Paris, FR"
TXN_002197,USER_046,133.95,2025-12-22 09:01:00,Airbnb,Other,"Berlin, DE"
TXN_003961,USER_010,5.4,2025-12-22 09:39:00,Spotify,Subscription,"Madrid, ES"
TXN_002146,USER_034,62.83,2025-12-22 09:55:00,McDonalds,Subscription,"Madrid, ES"
TXN_001714,USER_004,50.46,2025-12-22 10:21:00,Uber,Food,"Amsterdam, NL"
TXN_004434,USER_042,15.11,2025-12-22 10:43:00,Steam,Healthcare,"Lagos, NG"
TXN_000040,USER_003,49.69,2025-12-22 10:52:00,Delta Airlines,Entertainment,"London, UK"
TXN_002717,USER_037,744.84,2025-12-22 11:28:00,Target,Food,"Amsterdam, NL"
TXN_004030,USER_027,32.77,2025-12-22 11:44:00,Walmart,Healthcare,"London, UK"
TXN_000301,USER_005,27.71,2025-12-22 11:54:00,Hertz,Healthcare,"London, UK"
TXN_001396,USER_034,223.43,2025-12-22 12:52:00,Whole Foods,Healthcare,"Lyon, FR"
TXN_001351,USER_045,87.27,2025-12-22 14:21:00,Walmart,Utilities,"Madrid, ES"
TXN_003278,USER_010,7.31,2025-12-22 14:31:00,Delta Airlines,Utilities,"Brussels, BE"
TXN_003144,USER_013,7.39,2025-12-22 15:21:00,PayPal,Utilities,"London, UK"
TXN_003562,USER_050,39.23,2025-12-22 15:22:00,Airbnb,Food,"London, UK"
TXN_000070,USER_001,83.74,2025-12-22 15:37:00,Starbucks,Utilities,"Marseille, FR"
TXN_001795,USER_034,69.57,2025-12-22 15:46:00,Whole Foods,Subscription,"Rome, IT"
TXN_004356,USER_001,48.59,2025-12-22 16:03:00,Shell Gas,Utilities,"Rome, IT"
TXN_000533,USER_029,10.66,2025-12-22 16:15:00,CVS,Transport,"London, UK"
TXN_001781,USER_010,23.66,2025-12-22 17:24:00,CVS,Other,"Amsterdam, NL"
TXN_003448,USER_018,258.1,2025-12-22 17:34:00,Starbucks,Subscription,"Amsterdam, NL"
TXN_004713,USER_042,84.3,2025-12-22 18:10:00,Walmart,Food,"Amsterdam, NL"
TXN_002254,USER_048,8.28,2025-12-22 18:16:00,Hotels.com,Travel,"Lagos, NG"
TXN_000707,USER_007,36.15,2025-12-22 21:01:00,Shell Gas,Healthcare,"Brussels, BE"
TXN_001903,USER_006,16.32,2025-12-23 00:35:00,Whole Foods,Entertainment,"Lagos, NG"
TXN_001479,USER_038,22.22,2025-12-23 01:05:00,Target,Other,"Brussels, BE"
TXN_004695,USER_011,2120.6485576434306,2025-12-23 02:27:00,CVS,Fuel,"Moscow, RU"
TXN_000832,USER_013,23.21,2025-12-23 02:54:00,PayPal,Shopping,"Amsterdam, NL"
TXN_002107,USER_009,9.32,2025-12-23 03:06:00,Google Play,Other,"Madrid, ES"
TXN_002558,USER_039,26.94,2025-12-23 03:18:00,Steam,Utilities,"Paris, FR"
TXN_004057,USER_036,22.42,2025-12-23 03:39:00,Uber,Transport,"London, UK"
TXN_003318,USER_018,14.68,2025-12-23 03:42:00,PayPal,Food,"Brussels, BE"
TXN_003422,USER_041,7.55,2025-12-23 03:53:00,Google Play,Fuel,"London, UK"
TXN_002536,USER_008,1724.026198194824,2025-12-23 04:17:00,Whole Foods,Food,"Moscow, RU"
TXN_003621,USER_041,294.43,2025-12-23 04:34:00,Whole Foods,Healthcare,"Berlin, DE"
TXN_001539,USER_032,14.89,2025-12-23 04:44:00,Airbnb,Transport,"Lyon, FR"
TXN_003377,USER_006,67.11,2025-12-23 04:47:00,Uber,Other,"Lyon, FR"
TXN_000283,USER_020,3256.0839874144986,2025-12-23 05:02:00,Apple Store,Transport,"Lyon, FR"
TXN_FRAUD_2348_0,USER_006,287.52879427381845,2025-12-23 05:12:00,McDonalds,Healthcare,"Marseille, FR"
TXN_002577,USER_006,8.12,2025-12-23 05:12:00,McDonalds,Healthcare,"Marseille, FR"
TXN_FRAUD_2348_1,USER_006,196.48013400048634,2025-12-23 05:17:00,McDonalds,Healthcare,"Marseille, FR"
TXN_FRAUD_2348_2,USER_006,193.37005932958328,2025-12-23 05:22:00,McDonalds,Healthcare,"Marseille, FR"
TXN_004207,USER_049,31.83,2025-12-23 05:34:00,McDonalds,Entertainment,"New York, US"
TXN_004120,USER_040,21.96,2025-12-23 06:01:00,Google Play,Shopping,"Madrid, ES"
TXN_002704,USER_041,53.07,2025-12-23 06:05:00,Hertz,Travel,"Rome, IT"
TXN_001615,USER_031,143.38,2025-12-23 06:06:00,Delta Airlines,Transport,"Lyon, FR"
TXN_001220,USER_037,135.69,2025-12-23 06:22:00,Uber,Transport,"Lyon, FR"
TXN_000308,USER_014,36.87,2025-12-23 06:37:00,Hotels.com,Entertainment,"New York, US"
TXN_001219,USER_005,176.08,2025-12-23 07:01:00,Whole Foods,Healthcare,"Madrid, ES"
TXN_004672,USER_046,9.22,2025-12-23 07:10:00,Netflix,Transport,"Madrid, ES"
TXN_002348,USER_013,34.11,2025-12-23 07:15:00,Walmart,Entertainment,"New York, US"
TXN_004087,USER_027,19.96,2025-12-23 07:44:00,Starbucks,Entertainment,"Rome, IT"
TXN_002084,USER_027,9.49,2025-12-23 08:16:00,Amazon,Utilities,"Lyon, FR"
TXN_002939,USER_031,15.03,2025-12-23 08:33:00,McDonalds,Utilities,"London, UK"
TXN_001620,USER_006,37.96,2025-12-23 09:08:00,Steam,Transport,"Madrid, ES"
TXN_004798,USER_033,1.66,2025-12-23 09:28:00,Apple Store,Subscription,"London, UK"
TXN_003276,USER_046,3003.825031705749,2025-12-23 09:39:00,CVS,Travel,"Berlin, DE"
TXN_000999,USER_041,32.39,2025-12-23 11:14:00,CVS,Other,"Madrid, ES"
TXN_000300,USER_050,45.66,2025-12-23 11:31:00,CVS,Shopping,"Berlin, DE"
TXN_001978,USER_008,5.65,2025-12-23 11:46:00,Uber,Fuel,"Lyon, FR"
TXN_FRAUD_2367_0,USER_003,476.8262811400829,2025-12-23 11:53:00,Starbucks,Other,"Marseille, FR"
TXN_001259,USER_003,16.65,2025-12-23 11:53:00,Starbucks,Other,"Marseille, FR"
TXN_FRAUD_2367_1,USER_003,171.6823420129083,2025-12-23 11:58:00,Starbucks,Other,"Marseille, FR"
TXN_FRAUD_2367_2,USER_003,397.2183918838976,2025-12-23 12:03:00,Starbucks,Other,"Marseille, FR"
TXN_002682,USER_016,132.47,2025-12-23 12:05:00,Hertz,Fuel,"London, UK"
TXN_003311,USER_042,40.27,2025-12-23 12:14:00,Amazon,Travel,"Rome, IT"
TXN_FRAUD_2370_0,USER_021,259.07666896323093,2025-12-23 12:25:00,Netflix,Travel,"Paris, FR"
TXN_003805,USER_021,2.75,2025-12-23 12:25:00,Netflix,Travel,"Paris, FR"
TXN_FRAUD_2370_1,USER_021,284.4380609587527,2025-12-23 12:30:00,Netflix,Travel,"Paris, FR"
TXN_FRAUD_2370_2,USER_021,301.60628764654183,2025-12-23 12:35:00,Netflix,Travel,"Paris, FR"
TXN_003587,USER_012,65.82,2025-12-23 12:42:00,Google Play,Utilities,"London, UK"
TXN_003098,USER_025,4.7,2025-12-23 13:03:00,CVS,Subscription,"Paris, FR"
TXN_003620,USER_046,25.19,2025-12-23 13:20:00,Apple Store,Utilities,"Lagos, NG"
TXN_000132,USER_042,302.5,2025-12-23 13:48:00,PayPal,Subscription,"Lyon, FR"
TXN_001916,USER_026,60.73,2025-12-23 14:15:00,Hotels.com,Travel,"Madrid, ES"
TXN_000813,USER_043,15.69,2025-12-23 14:21:00,Delta Airlines,Other,"Lyon, FR"
TXN_001630,USER_034,115.13,2025-12-23 14:36:00,McDonalds,Shopping,"Paris, FR"
TXN_000948,USER_026,73.77,2025-12-23 14:39:00,Hertz,Other,"Paris, FR"
TXN_001818,USER_001,8.46,2025-12-23 14:40:00,Shell Gas,Food,"New York, US"
TXN_001090,USER_009,24.79,2025-12-23 14:53:00,Hotels.com,Other,"Paris, FR"
TXN_004068,USER_012,10.62,2025-12-23 15:06:00,Google Play,Shopping,"Brussels, BE"
TXN_001567,USER_033,0.61,2025-12-23 15:17:00,Uber,Transport,"Rome, IT"
TXN_000515,USER_005,4.3,2025-12-23 15:26:00,CVS,Other,"Madrid, ES"
TXN_004298,USER_033,96.05,2025-12-23 15:28:00,BestBuy,Fuel,"Madrid, ES"
TXN_004962,USER_037,3.19,2025-12-23 15:34:00,Uber,Other,"London, UK"
TXN_003978,USER_042,147.95,2025-12-23 15:44:00,CVS,Other,"Lagos, NG"
TXN_001877,USER_005,40.73,2025-12-23 15:49:00,Whole Foods,Entertainment,"Rome, IT"
TXN_004607,USER_029,53.77,2025-12-23 16:02:00,Apple Store,Fuel,"Marseille, FR"
TXN_003594,USER_049,18.18,2025-12-23 16:34:00,Hotels.com,Transport,"Berlin, DE"
TXN_002947,USER_023,125.94,2025-12-23 16:53:00,Google Play,Food,"Marseille, FR"
TXN_003779,USER_036,36.44,2025-12-23 16:54:00,Steam,Transport,"Lagos, NG"
TXN_004588,USER_015,99.28,2025-12-23 17:31:00,Whole Foods,Utilities,"Brussels, BE"
TXN_002374,USER_019,7.42,2025-12-23 18:24:00,Steam,Shopping,"Amsterdam, NL"
TXN_000045,USER_026,17.44,2025-12-23 18:39:00,BestBuy,Entertainment,"New York, US"
TXN_000199,USER_017,5.84,2025-12-23 19:27:00,Steam,Food,"Berlin, DE"
TXN_004841,USER_040,64.09,2025-12-23 19:40:00,Hertz,Subscription,"New York, US"
TXN_000436,USER_001,25.64,2025-12-23 20:38:00,Spotify,Other,"New York, US"
TXN_000145,USER_034,24.91,2025-12-23 23:15:00,Hertz,Travel,"Berlin, DE"
TXN_003640,USER_030,6.07,2025-12-23 23:49:00,Hertz,Transport,"Rome, IT"
TXN_001048,USER_035,21.45,2025-12-24 00:08:00,Airbnb,Utilities,"Amsterdam, NL"
TXN_000271,USER_008,9.27,2025-12-24 00:15:00,BestBuy,Utilities,"Amsterdam, NL"
TXN_001097,USER_021,1980.1252531622874,2025-12-24 02:26:00,Amazon,Utilities,"Beijing, CN"
TXN_002501,USER_015,33.27,2025-12-24 02:28:00,Amazon,Entertainment,"London, UK"
TXN_003095,USER_040,32.0,2025-12-24 02:31:00,Hotels.com,Shopping,"Lagos, NG"
TXN_000192,USER_031,169.38,2025-12-24 04:09:00,Hertz,Fuel,"Madrid, ES"
TXN_002009,USER_018,33.12,2025-12-24 05:33:00,PayPal,Entertainment,"Berlin, DE"
TXN_004107,USER_033,45.81,2025-12-24 05:50:00,Hotels.com,Healthcare,"Lyon, FR"
TXN_000285,USER_050,12.25,2025-12-24 06:10:00,Starbucks,Entertainment,"Lyon, FR"
TXN_000549,USER_010,591.36,2025-12-24 06:49:00,Hotels.com,Food,"London, UK"
TXN_003530,USER_009,14.44,2025-12-24 06:49:00,Hertz,Food,"Rome, IT"
TXN_001652,USER_036,258.58,2025-12-24 06:52:00,Walmart,Healthcare,"Rome, IT"
TXN_FRAUD_2412_0,USER_036,497.3719266326827,2025-12-24 06:52:00,Walmart,Healthcare,"Rome, IT"
TXN_002616,USER_036,4.83,2025-12-24 06:53:00,Shell Gas,Fuel,"Berlin, DE"
TXN_004101,USER_016,13.57,2025-12-24 06:56:00,Google Play,Other,"Berlin, DE"
TXN_FRAUD_2412_1,USER_036,374.6943340381408,2025-12-24 06:57:00,Walmart,Healthcare,"Rome, IT"
TXN_FRAUD_2412_2,USER_036,388.65380930592687,2025-12-24 07:02:00,Walmart,Healthcare,"Rome, IT"
TXN_004699,USER_015,19.67,2025-12-24 07:29:00,Walmart,Utilities,"Amsterdam, NL"
TXN_000473,USER_004,560.51,2025-12-24 07:29:00,Steam,Fuel,"Berlin, DE"
TXN_000063,USER_009,37.44,2025-12-24 07:44:00,Target,Entertainment,"Berlin, DE"
TXN_FRAUD_2417_0,USER_009,424.75712326968176,2025-12-24 07:44:00,Target,Entertainment,"Berlin, DE"
TXN_FRAUD_2417_1,USER_009,219.45222499327645,2025-12-24 07:49:00,Target,Entertainment,"Berlin, DE"
TXN_FRAUD_2417_2,USER_009,117.9924786875421,2025-12-24 07:54:00,Target,Entertainment,"Berlin, DE"
TXN_003941,USER_027,50.57,2025-12-24 07:56:00,CVS,Utilities,"London, UK"
TXN_003541,USER_037,7.11,2025-12-24 08:12:00,BestBuy,Entertainment,"New York, US"
TXN_001771,USER_019,18.86,2025-12-24 08:38:00,Steam,Healthcare,"Amsterdam, NL"
TXN_004288,USER_001,82.34,2025-12-24 10:47:00,Shell Gas,Transport,"Brussels, BE"
TXN_000886,USER_014,12.25,2025-12-24 11:01:00,PayPal,Fuel,"Marseille, FR"
TXN_003975,USER_018,3.51,2025-12-24 11:56:00,Walmart,Entertainment,"Madrid, ES"
TXN_003616,USER_036,81.78,2025-12-24 12:13:00,McDonalds,Transport,"Berlin, DE"
TXN_002978,USER_017,26.57,2025-12-24 12:35:00,Uber,Fuel,"Paris, FR"
TXN_002367,USER_035,117.73,2025-12-24 12:47:00,Amazon,Other,"Berlin, DE"
TXN_004756,USER_012,90.92,2025-12-24 12:48:00,BestBuy,Fuel,"Marseille, FR"
TXN_000514,USER_048,2.88,2025-12-24 15:51:00,BestBuy,Healthcare,"New York, US"
TXN_001974,USER_048,279.89,2025-12-24 16:03:00,Delta Airlines,Other,"Paris, FR"
TXN_001467,USER_028,125.21,2025-12-24 16:10:00,PayPal,Travel,"Paris, FR"
TXN_000460,USER_042,12.3,2025-12-24 16:55:00,McDonalds,Fuel,"Madrid, ES"
TXN_FRAUD_2433_0,USER_044,392.0453026239349,2025-12-24 17:10:00,Uber,Utilities,"Rome, IT"
TXN_002810,USER_044,7.28,2025-12-24 17:10:00,Uber,Utilities,"Rome, IT"
TXN_003508,USER_001,50.9,2025-12-24 17:14:00,BestBuy,Transport,"Amsterdam, NL"
TXN_004339,USER_036,141.16,2025-12-24 17:14:00,Uber,Shopping,"Marseille, FR"
TXN_FRAUD_2433_1,USER_044,111.3108602926525,2025-12-24 17:15:00,Uber,Utilities,"Rome, IT"
TXN_003642,USER_012,4.1,2025-12-24 17:18:00,Airbnb,Travel,"London, UK"
TXN_FRAUD_2433_2,USER_044,421.06200290605375,2025-12-24 17:20:00,Uber,Utilities,"Rome, IT"
TXN_004118,USER_010,97.66,2025-12-24 17:23:00,Whole Foods,Transport,"Marseille, FR"
TXN_004666,USER_001,64.75,2025-12-24 17:38:00,Amazon,Fuel,"Amsterdam, NL"
TXN_003536,USER_013,106.79,2025-12-24 17:46:00,Steam,Food,"Rome, IT"
TXN_002209,USER_049,4.36,2025-12-24 18:13:00,Target,Fuel,"Berlin, DE"
TXN_004552,USER_015,1.16,2025-12-24 18:17:00,Amazon,Shopping,"London, UK"
TXN_002960,USER_009,65.02,2025-12-24 18:34:00,Netflix,Fuel,"New York, US"
TXN_000350,USER_003,16.46,2025-12-24 22:27:00,PayPal,Utilities,"Paris, FR"
TXN_003945,USER_010,2309.2903788768594,2025-12-24 22:37:00,Hertz,Other,"Madrid, ES"
TXN_002833,USER_035,19.6,2025-12-25 02:52:00,Starbucks,Travel,"New York, US"
TXN_002378,USER_003,11.25,2025-12-25 03:18:00,Hertz,Entertainment,"Madrid, ES"
TXN_001884,USER_004,74.57,2025-12-25 03:43:00,Apple Store,Food,"Paris, FR"
TXN_004343,USER_002,3.35,2025-12-25 04:12:00,Spotify,Food,"Brussels, BE"
TXN_000674,USER_046,12.26,2025-12-25 04:18:00,Hertz,Subscription,"Berlin, DE"
TXN_000563,USER_023,37.99,2025-12-25 04:42:00,Airbnb,Other,"Marseille, FR"
TXN_003979,USER_035,58.49,2025-12-25 05:10:00,Uber,Travel,"Amsterdam, NL"
TXN_004119,USER_012,91.38,2025-12-25 05:13:00,Walmart,Healthcare,"Marseille, FR"
TXN_001414,USER_038,474.87,2025-12-25 05:40:00,Starbucks,Shopping,"Marseille, FR"
TXN_000493,USER_047,21.23,2025-12-25 05:58:00,Starbucks,Fuel,"Rome, IT"
TXN_000139,USER_014,48.49,2025-12-25 06:39:00,Netflix,Travel,"London, UK"
TXN_004712,USER_016,9.99,2025-12-25 06:52:00,Walmart,Transport,"Berlin, DE"
TXN_004236,USER_010,117.8,2025-12-25 06:54:00,Whole Foods,Other,"Amsterdam, NL"
TXN_002553,USER_041,19.33,2025-12-25 07:43:00,Amazon,Transport,"Madrid, ES"
TXN_004879,USER_008,49.45,2025-12-25 07:43:00,Whole Foods,Subscription,"Rome, IT"
TXN_002937,USER_021,57.6,2025-12-25 08:00:00,Starbucks,Entertainment,"London, UK"
TXN_001563,USER_009,143.83,2025-12-25 08:30:00,BestBuy,Travel,"Brussels, BE"
TXN_003429,USER_040,34.27,2025-12-25 08:38:00,Amazon,Other,"Brussels, BE"
TXN_000392,USER_038,6.08,2025-12-25 08:51:00,Walmart,Utilities,"Rome, IT"
TXN_002306,USER_003,37.27,2025-12-25 08:56:00,Airbnb,Subscription,"London, UK"
TXN_004932,USER_036,29.47,2025-12-25 09:20:00,Amazon,Travel,"Berlin, DE"
TXN_001043,USER_004,320.43,2025-12-25 09:29:00,Starbucks,Fuel,"Lyon, FR"
TXN_001010,USER_043,2.34,2025-12-25 09:43:00,Apple Store,Subscription,"Rome, IT"
TXN_001693,USER_039,45.6,2025-12-25 10:12:00,McDonalds,Shopping,"Lyon, FR"
TXN_002823,USER_035,55.42,2025-12-25 10:13:00,Starbucks,Healthcare,"Lyon, FR"
TXN_004460,USER_042,6.81,2025-12-25 10:20:00,Uber,Entertainment,"New York, US"
TXN_000517,USER_015,7.57,2025-12-25 10:23:00,Steam,Healthcare,"Marseille, FR"
TXN_002333,USER_046,96.73,2025-12-25 10:52:00,McDonalds,Utilities,"Lyon, FR"
TXN_003612,USER_003,109.07,2025-12-25 10:59:00,Airbnb,Healthcare,"Amsterdam, NL"
TXN_001464,USER_044,27.44,2025-12-25 11:37:00,Spotify,Travel,"Paris, FR"
TXN_002191,USER_037,58.48,2025-12-25 12:11:00,Target,Subscription,"Marseille, FR"
TXN_000277,USER_043,19.52,2025-12-25 12:52:00,Steam,Shopping,"Madrid, ES"
TXN_000113,USER_001,117.79,2025-12-25 13:07:00,Steam,Healthcare,"Brussels, BE"
TXN_002256,USER_001,31.93,2025-12-25 13:07:00,Apple Store,Fuel,"Lagos, NG"
TXN_000968,USER_027,97.41,2025-12-25 13:21:00,Hertz,Shopping,"London, UK"
TXN_004929,USER_050,19.98,2025-12-25 13:53:00,Hotels.com,Entertainment,"Marseille, FR"
TXN_004736,USER_005,15.48,2025-12-25 14:32:00,Uber,Travel,"Berlin, DE"
TXN_000796,USER_013,27.18,2025-12-25 14:33:00,PayPal,Utilities,"Marseille, FR"
TXN_000785,USER_032,16.44,2025-12-25 14:36:00,Shell Gas,Transport,"Madrid, ES"
TXN_004775,USER_046,44.7,2025-12-25 14:48:00,Amazon,Other,"Berlin, DE"
TXN_004583,USER_039,27.53,2025-12-25 14:58:00,Google Play,Utilities,"Amsterdam, NL"
TXN_002250,USER_039,112.09,2025-12-25 15:18:00,Whole Foods,Shopping,"Rome, IT"
TXN_002870,USER_003,39.08,2025-12-25 15:51:00,Hotels.com,Other,"Lyon, FR"
TXN_002777,USER_047,13.84,2025-12-25 16:21:00,CVS,Transport,"Amsterdam, NL"
TXN_003075,USER_022,80.03,2025-12-25 16:29:00,Airbnb,Subscription,"Brussels, BE"
TXN_001740,USER_005,18.02,2025-12-25 16:49:00,Hertz,Food,"Marseille, FR"
TXN_003482,USER_022,30.56,2025-12-25 16:51:00,PayPal,Fuel,"Brussels, BE"
TXN_000897,USER_029,21.49,2025-12-25 17:37:00,Spotify,Subscription,"Brussels, BE"
TXN_002853,USER_020,77.27,2025-12-25 17:59:00,PayPal,Utilities,"Rome, IT"
TXN_001114,USER_044,15.55,2025-12-25 18:10:00,Spotify,Entertainment,"Brussels, BE"
TXN_003368,USER_037,105.8,2025-12-25 19:54:00,Steam,Subscription,"Amsterdam, NL"
TXN_002233,USER_029,583.43,2025-12-25 20:04:00,BestBuy,Fuel,"Lyon, FR"
TXN_003216,USER_019,32.08,2025-12-25 20:40:00,Delta Airlines,Fuel,"Rome, IT"
TXN_000181,USER_034,14.31,2025-12-26 00:27:00,Hotels.com,Subscription,"Paris, FR"
TXN_004965,USER_001,32.19,2025-12-26 02:02:00,Amazon,Transport,"Madrid, ES"
TXN_001496,USER_027,70.51,2025-12-26 02:30:00,Target,Healthcare,"Marseille, FR"
TXN_003819,USER_028,11.74,2025-12-26 03:19:00,Airbnb,Travel,"Brussels, BE"
TXN_002081,USER_010,39.62,2025-12-26 04:57:00,Target,Entertainment,"Lyon, FR"
TXN_003918,USER_047,32.98,2025-12-26 05:05:00,Starbucks,Food,"Brussels, BE"
TXN_002531,USER_047,38.57,2025-12-26 05:21:00,Amazon,Healthcare,"Madrid, ES"
TXN_001976,USER_005,620.05,2025-12-26 05:41:00,Starbucks,Fuel,"Berlin, DE"
TXN_001542,USER_048,25.1,2025-12-26 05:47:00,PayPal,Utilities,"London, UK"
TXN_000530,USER_005,31.99,2025-12-26 06:04:00,Uber,Subscription,"Amsterdam, NL"
TXN_003028,USER_049,23.56,2025-12-26 06:10:00,Apple Store,Food,"Madrid, ES"
TXN_000243,USER_029,32.54,2025-12-26 06:20:00,Whole Foods,Food,"Rome, IT"
TXN_004024,USER_027,254.72,2025-12-26 06:24:00,CVS,Entertainment,"Paris, FR"
TXN_001883,USER_016,12.08,2025-12-26 06:30:00,Steam,Healthcare,"Amsterdam, NL"
TXN_000299,USER_011,8.44,2025-12-26 07:11:00,Spotify,Healthcare,"Madrid, ES"
TXN_004041,USER_004,47.01,2025-12-26 07:13:00,Hertz,Travel,"Madrid, ES"
TXN_000307,USER_033,40.6,2025-12-26 07:49:00,Google Play,Utilities,"Marseille, FR"
TXN_000281,USER_045,34.23,2025-12-26 07:53:00,PayPal,Food,"New York, US"
TXN_002014,USER_022,41.47,2025-12-26 08:35:00,Google Play,Other,"Brussels, BE"
TXN_001697,USER_032,53.73,2025-12-26 08:50:00,Netflix,Subscription,"Amsterdam, NL"
TXN_002585,USER_035,68.04,2025-12-26 08:55:00,McDonalds,Healthcare,"Brussels, BE"
TXN_FRAUD_2518_0,USER_018,106.51345552231004,2025-12-26 09:14:00,Google Play,Shopping,"London, UK"
TXN_001409,USER_018,165.68,2025-12-26 09:14:00,Google Play,Shopping,"London, UK"
TXN_002772,USER_005,27.6,2025-12-26 09:15:00,Amazon,Fuel,"Marseille, FR"
TXN_FRAUD_2518_1,USER_018,379.9212994373864,2025-12-26 09:19:00,Google Play,Shopping,"London, UK"
TXN_FRAUD_2518_2,USER_018,172.98099900798792,2025-12-26 09:24:00,Google Play,Shopping,"London, UK"
TXN_002174,USER_032,25.46,2025-12-26 09:46:00,Shell Gas,Healthcare,"Lyon, FR"
TXN_003699,USER_035,35.63,2025-12-26 10:12:00,Spotify,Transport,"New York, US"
TXN_003643,USER_048,60.43,2025-12-26 10:23:00,Netflix,Subscription,"Marseille, FR"
TXN_000982,USER_021,84.73,2025-12-26 11:27:00,Netflix,Transport,"Brussels, BE"
TXN_004105,USER_019,188.69,2025-12-26 12:42:00,Hotels.com,Entertainment,"Berlin, DE"
TXN_004870,USER_030,5.21,2025-12-26 13:03:00,Amazon,Transport,"Brussels, BE"
TXN_002924,USER_030,23.97,2025-12-26 13:09:00,Apple Store,Healthcare,"Marseille, FR"
TXN_001486,USER_013,71.78,2025-12-26 13:17:00,Starbucks,Entertainment,"Marseille, FR"
TXN_003947,USER_014,49.11,2025-12-26 14:16:00,Netflix,Fuel,"New York, US"
TXN_FRAUD_2529_0,USER_027,275.99131666457396,2025-12-26 14:54:00,Starbucks,Healthcare,"Amsterdam, NL"
TXN_000941,USER_027,20.44,2025-12-26 14:54:00,Starbucks,Healthcare,"Amsterdam, NL"
TXN_FRAUD_2529_1,USER_027,462.02731738309427,2025-12-26 14:59:00,Starbucks,Healthcare,"Amsterdam, NL"
TXN_004912,USER_043,37.09,2025-12-26 15:03:00,Amazon,Subscription,"Amsterdam, NL"
TXN_FRAUD_2529_2,USER_027,242.99055971794834,2025-12-26 15:04:00,Starbucks,Healthcare,"Amsterdam, NL"
TXN_003241,USER_033,26.95,2025-12-26 15:14:00,Steam,Healthcare,"Amsterdam, NL"
TXN_000133,USER_028,33.72,2025-12-26 15:28:00,Airbnb,Transport,"Madrid, ES"
TXN_003479,USER_014,19.0,2025-12-26 16:12:00,Steam,Other,"Lyon, FR"
TXN_002938,USER_005,46.84,2025-12-26 16:27:00,Apple Store,Other,"Rome, IT"
TXN_003069,USER_019,179.23,2025-12-26 16:53:00,CVS,Travel,"Rome, IT"
TXN_000222,USER_036,30.98,2025-12-26 16:53:00,Steam,Shopping,"London, UK"
TXN_003615,USER_018,23.54,2025-12-26 16:56:00,Uber,Fuel,"Brussels, BE"
TXN_003972,USER_044,95.1,2025-12-26 17:29:00,Amazon,Entertainment,"Lyon, FR"
TXN_001052,USER_040,43.59,2025-12-26 17:37:00,CVS,Entertainment,"Berlin, DE"
TXN_003047,USER_020,364.7,2025-12-26 18:17:00,Walmart,Entertainment,"Amsterdam, NL"
TXN_002375,USER_018,3.44,2025-12-26 19:05:00,Netflix,Other,"Paris, FR"
TXN_001638,USER_013,47.37,2025-12-26 19:17:00,BestBuy,Transport,"Madrid, ES"
TXN_001438,USER_049,166.57,2025-12-26 21:33:00,Spotify,Fuel,"Paris, FR"
TXN_002155,USER_001,9.27,2025-12-26 22:38:00,Uber,Fuel,"London, UK"
TXN_001856,USER_048,2417.433516744257,2025-12-27 01:12:00,Hotels.com,Utilities,"Beijing, CN"
TXN_003039,USER_038,6.84,2025-12-27 01:20:00,McDonalds,Healthcare,"New York, US"
TXN_003194,USER_049,45.64,2025-12-27 02:34:00,McDonalds,Transport,"Brussels, BE"
TXN_002715,USER_033,17.44,2025-12-27 02:49:00,Whole Foods,Healthcare,"Paris, FR"
TXN_004444,USER_003,4.01,2025-12-27 02:55:00,Walmart,Entertainment,"Brussels, BE"
TXN_002319,USER_049,2494.130428094755,2025-12-27 03:26:00,Amazon,Transport,"Beijing, CN"
TXN_002763,USER_028,467.14,2025-12-27 03:30:00,Starbucks,Other,"Paris, FR"
TXN_000951,USER_015,4.28,2025-12-27 04:53:00,CVS,Shopping,"Madrid, ES"
TXN_001904,USER_037,91.21,2025-12-27 04:56:00,Apple Store,Healthcare,"Amsterdam, NL"
TXN_000548,USER_029,16.69,2025-12-27 05:13:00,Airbnb,Other,"Brussels, BE"
TXN_FRAUD_2552_0,USER_029,460.3473464210507,2025-12-27 05:13:00,Airbnb,Other,"Brussels, BE"
TXN_FRAUD_2552_1,USER_029,392.98195972925,2025-12-27 05:18:00,Airbnb,Other,"Brussels, BE"
TXN_FRAUD_2552_2,USER_029,373.7535283165199,2025-12-27 05:23:00,Airbnb,Other,"Brussels, BE"
TXN_000399,USER_026,7.06,2025-12-27 05:38:00,Apple Store,Fuel,"Berlin, DE"
TXN_000255,USER_007,5.92,2025-12-27 05:39:00,Starbucks,Fuel,"Paris, FR"
TXN_003597,USER_044,19.54,2025-12-27 06:54:00,Uber,Fuel,"Lyon, FR"
TXN_000639,USER_037,40.59,2025-12-27 06:55:00,Delta Airlines,Shopping,"Marseille, FR"
TXN_004680,USER_035,89.14,2025-12-27 06:55:00,Spotify,Utilities,"Brussels, BE"
TXN_004725,USER_038,1.46,2025-12-27 07:05:00,McDonalds,Food,"Paris, FR"
TXN_003041,USER_036,54.72,2025-12-27 07:20:00,Steam,Transport,"New York, US"
TXN_003425,USER_021,12.33,2025-12-27 07:30:00,Walmart,Travel,"London, UK"
TXN_004741,USER_009,84.35,2025-12-27 07:32:00,Netflix,Transport,"Marseille, FR"
TXN_001503,USER_035,77.04,2025-12-27 07:32:00,BestBuy,Travel,"Brussels, BE"
TXN_001855,USER_033,90.34,2025-12-27 08:19:00,Steam,Healthcare,"Madrid, ES"
TXN_003359,USER_047,5.92,2025-12-27 08:21:00,Netflix,Food,"London, UK"
TXN_004768,USER_016,29.9,2025-12-27 08:36:00,Shell Gas,Fuel,"Amsterdam, NL"
TXN_002143,USER_001,137.0,2025-12-27 08:40:00,Google Play,Shopping,"London, UK"
TXN_002598,USER_021,2011.340529843144,2025-12-27 08:50:00,Starbucks,Other,"Lyon, FR"
TXN_001872,USER_012,14.54,2025-12-27 08:59:00,Starbucks,Entertainment,"Rome, IT"
TXN_003761,USER_033,44.93,2025-12-27 09:16:00,Amazon,Fuel,"Marseille, FR"
TXN_001189,USER_016,14.96,2025-12-27 09:16:00,Spotify,Entertainment,"Brussels, BE"
TXN_001616,USER_018,4746.22512761779,2025-12-27 09:33:00,PayPal,Travel,"New York, US"
TXN_002430,USER_002,107.62,2025-12-27 10:01:00,Spotify,Other,"Madrid, ES"
TXN_002901,USER_040,25.19,2025-12-27 10:16:00,Starbucks,Subscription,"Amsterdam, NL"
TXN_004893,USER_012,54.51,2025-12-27 10:46:00,PayPal,Shopping,"London, UK"
TXN_004003,USER_030,38.43,2025-12-27 11:10:00,Delta Airlines,Transport,"Lyon, FR"
TXN_004340,USER_029,4.03,2025-12-27 11:46:00,Amazon,Shopping,"Paris, FR"
TXN_002064,USER_043,7.36,2025-12-27 11:47:00,Netflix,Food,"Paris, FR"
TXN_000664,USER_026,30.26,2025-12-27 12:31:00,Target,Other,"Amsterdam, NL"
TXN_003932,USER_037,48.51,2025-12-27 12:48:00,CVS,Transport,"Rome, IT"
TXN_001334,USER_025,111.77,2025-12-27 12:56:00,Airbnb,Entertainment,"Berlin, DE"
TXN_000126,USER_050,50.84,2025-12-27 12:58:00,CVS,Other,"Lyon, FR"
TXN_000229,USER_030,12.26,2025-12-27 13:30:00,Hertz,Healthcare,"Amsterdam, NL"
TXN_000746,USER_016,98.98,2025-12-27 14:19:00,CVS,Subscription,"Marseille, FR"
TXN_000385,USER_049,15.05,2025-12-27 14:20:00,Hertz,Food,"Berlin, DE"
TXN_002920,USER_011,299.4,2025-12-27 15:35:00,Amazon,Healthcare,"London, UK"
TXN_002567,USER_050,172.39,2025-12-27 15:48:00,Hotels.com,Transport,"Berlin, DE"
TXN_002698,USER_019,5.82,2025-12-27 15:49:00,Apple Store,Healthcare,"Madrid, ES"
TXN_002015,USER_039,82.45,2025-12-27 16:03:00,Netflix,Entertainment,"Amsterdam, NL"
TXN_001360,USER_005,57.0,2025-12-27 16:10:00,Airbnb,Subscription,"Brussels, BE"
TXN_002653,USER_015,73.21,2025-12-27 16:24:00,Google Play,Utilities,"London, UK"
TXN_003112,USER_045,43.67,2025-12-27 16:28:00,Hertz,Food,"Madrid, ES"
TXN_004808,USER_005,17.26,2025-12-27 16:30:00,Spotify,Food,"Brussels, BE"
TXN_003309,USER_042,4257.628228196152,2025-12-27 17:00:00,Walmart,Shopping,"Rome, IT"
TXN_000642,USER_001,14.59,2025-12-27 17:00:00,Spotify,Other,"London, UK"
TXN_004165,USER_012,14.48,2025-12-27 17:10:00,BestBuy,Transport,"Brussels, BE"
TXN_004842,USER_001,21.46,2025-12-27 18:04:00,CVS,Fuel,"Marseille, FR"
TXN_001071,USER_021,45.56,2025-12-27 18:14:00,PayPal,Travel,"Amsterdam, NL"
TXN_003082,USER_021,92.82,2025-12-27 18:23:00,Steam,Fuel,"Madrid, ES"
TXN_001694,USER_030,11.15,2025-12-27 18:47:00,Shell Gas,Subscription,"Paris, FR"
TXN_000985,USER_045,195.37,2025-12-27 19:11:00,Steam,Utilities,"Rome, IT"
TXN_000503,USER_006,141.28,2025-12-27 19:13:00,Airbnb,Other,"New York, US"
TXN_003245,USER_022,52.17,2025-12-27 19:55:00,Spotify,Entertainment,"Rome, IT"
TXN_003466,USER_026,2152.085874365509,2025-12-27 20:27:00,Google Play,Transport,"Paris, FR"
TXN_003347,USER_027,37.08,2025-12-27 22:30:00,Delta Airlines,Utilities,"Rome, IT"
TXN_002541,USER_004,188.64,2025-12-28 00:33:00,Spotify,Transport,"London, UK"
TXN_001458,USER_021,2035.1048731591852,2025-12-28 01:16:00,Airbnb,Shopping,"Beijing, CN"
TXN_002128,USER_050,54.3,2025-12-28 01:51:00,Google Play,Healthcare,"Rome, IT"
TXN_000819,USER_042,78.56,2025-12-28 03:13:00,Uber,Food,"Rome, IT"
TXN_003872,USER_048,47.67,2025-12-28 03:33:00,Netflix,Transport,"London, UK"
TXN_000715,USER_024,36.77,2025-12-28 04:11:00,McDonalds,Subscription,"Paris, FR"
TXN_000505,USER_026,40.88,2025-12-28 05:12:00,Hertz,Subscription,"Paris, FR"
TXN_003688,USER_028,1.34,2025-12-28 06:09:00,Shell Gas,Fuel,"Paris, FR"
TXN_003816,USER_019,60.48,2025-12-28 06:12:00,Netflix,Fuel,"Amsterdam, NL"
TXN_002752,USER_035,11.83,2025-12-28 06:36:00,CVS,Fuel,"Marseille, FR"
TXN_001399,USER_012,37.88,2025-12-28 07:06:00,Hertz,Subscription,"Paris, FR"
TXN_000459,USER_029,27.14,2025-12-28 07:12:00,Target,Fuel,"Lagos, NG"
TXN_002944,USER_009,105.82,2025-12-28 07:18:00,Steam,Subscription,"Marseille, FR"
TXN_001867,USER_043,43.02,2025-12-28 07:25:00,Spotify,Healthcare,"Lyon, FR"
TXN_001277,USER_009,4.92,2025-12-28 07:30:00,Whole Foods,Transport,"Lyon, FR"
TXN_000520,USER_010,159.6,2025-12-28 07:33:00,Starbucks,Healthcare,"Berlin, DE"
TXN_002089,USER_034,325.49,2025-12-28 07:56:00,Shell Gas,Healthcare,"Amsterdam, NL"
TXN_001234,USER_046,67.04,2025-12-28 08:13:00,Steam,Healthcare,"Brussels, BE"
TXN_001264,USER_015,9.7,2025-12-28 08:31:00,Steam,Subscription,"London, UK"
TXN_003398,USER_019,153.91,2025-12-28 08:37:00,Hertz,Subscription,"Lyon, FR"
TXN_002170,USER_047,1.02,2025-12-28 08:37:00,Netflix,Shopping,"London, UK"
TXN_003990,USER_014,62.35,2025-12-28 09:08:00,Netflix,Transport,"Madrid, ES"
TXN_003023,USER_021,47.78,2025-12-28 09:23:00,Amazon,Healthcare,"Berlin, DE"
TXN_003808,USER_045,16.4,2025-12-28 09:44:00,Walmart,Travel,"Lyon, FR"
TXN_003813,USER_004,18.93,2025-12-28 10:19:00,Amazon,Shopping,"Paris, FR"
TXN_003899,USER_010,18.62,2025-12-28 10:22:00,Whole Foods,Other,"Amsterdam, NL"
TXN_004201,USER_018,376.94,2025-12-28 10:36:00,Whole Foods,Shopping,"Marseille, FR"
TXN_FRAUD_2633_0,USER_008,232.21759050864645,2025-12-28 10:50:00,PayPal,Utilities,"Brussels, BE"
TXN_000856,USER_008,175.67,2025-12-28 10:50:00,PayPal,Utilities,"Brussels, BE"
TXN_FRAUD_2633_1,USER_008,366.20387711164074,2025-12-28 10:55:00,PayPal,Utilities,"Brussels, BE"
TXN_FRAUD_2633_2,USER_008,309.0954063744007,2025-12-28 11:00:00,PayPal,Utilities,"Brussels, BE"
TXN_004185,USER_020,53.39,2025-12-28 11:47:00,Target,Transport,"Amsterdam, NL"
TXN_002475,USER_016,42.12,2025-12-28 11:49:00,Hotels.com,Healthcare,"Berlin, DE"
TXN_001928,USER_042,13.72,2025-12-28 12:05:00,Airbnb,Travel,"Paris, FR"
TXN_001850,USER_049,15.32,2025-12-28 12:15:00,Target,Utilities,"Lagos, NG"
TXN_004134,USER_037,4.28,2025-12-28 12:25:00,Shell Gas,Other,"Lagos, NG"
TXN_004846,USER_041,8.39,2025-12-28 12:29:00,Netflix,Entertainment,"Lyon, FR"
TXN_004872,USER_040,25.54,2025-12-28 12:29:00,Airbnb,Shopping,"Marseille, FR"
TXN_001782,USER_026,3.7,2025-12-28 13:01:00,Steam,Food,"Brussels, BE"
TXN_FRAUD_2642_0,USER_026,142.0905538398058,2025-12-28 13:01:00,Steam,Food,"Brussels, BE"
TXN_FRAUD_2642_1,USER_026,289.09301097022376,2025-12-28 13:06:00,Steam,Food,"Brussels, BE"
TXN_000936,USER_031,149.68,2025-12-28 13:10:00,Whole Foods,Other,"Lyon, FR"
TXN_FRAUD_2642_2,USER_026,497.0476668163356,2025-12-28 13:11:00,Steam,Food,"Brussels, BE"
TXN_002394,USER_014,8.63,2025-12-28 13:41:00,Whole Foods,Shopping,"Marseille, FR"
TXN_001901,USER_025,173.29,2025-12-28 14:29:00,Hertz,Healthcare,"New York, US"
TXN_002513,USER_026,31.22,2025-12-28 14:37:00,Steam,Subscription,"Berlin, DE"
TXN_002148,USER_028,86.6,2025-12-28 15:06:00,PayPal,Utilities,"Amsterdam, NL"
TXN_000772,USER_044,35.7,2025-12-28 15:21:00,Spotify,Healthcare,"Paris, FR"
TXN_004889,USER_023,17.51,2025-12-28 15:27:00,Whole Foods,Other,"Marseille, FR"
TXN_002444,USER_040,51.61,2025-12-28 15:28:00,Whole Foods,Entertainment,"Berlin, DE"
TXN_000809,USER_040,523.48,2025-12-28 15:37:00,Google Play,Other,"Paris, FR"
TXN_004110,USER_013,8.74,2025-12-28 15:50:00,BestBuy,Shopping,"Rome, IT"
TXN_001913,USER_046,5.33,2025-12-28 15:51:00,Apple Store,Transport,"New York, US"
TXN_004805,USER_026,63.77,2025-12-28 15:53:00,Hertz,Subscription,"Berlin, DE"
TXN_005000,USER_046,6.61,2025-12-28 16:04:00,Google Play,Entertainment,"Lyon, FR"
TXN_000692,USER_012,34.47,2025-12-28 16:07:00,Spotify,Transport,"Marseille, FR"
TXN_FRAUD_2658_0,USER_040,100.99205664635518,2025-12-28 16:12:00,Hertz,Entertainment,"London, UK"
TXN_003776,USER_040,26.84,2025-12-28 16:12:00,Hertz,Entertainment,"London, UK"
TXN_FRAUD_2658_1,USER_040,171.56025094673365,2025-12-28 16:17:00,Hertz,Entertainment,"London, UK"
TXN_FRAUD_2658_2,USER_040,420.63264648474023,2025-12-28 16:22:00,Hertz,Entertainment,"London, UK"
TXN_003773,USER_022,42.33,2025-12-28 17:10:00,BestBuy,Subscription,"Amsterdam, NL"
TXN_004659,USER_042,55.95,2025-12-28 17:31:00,Shell Gas,Transport,"Rome, IT"
TXN_001266,USER_029,88.65,2025-12-28 17:31:00,Apple Store,Fuel,"Paris, FR"
TXN_002569,USER_043,263.98,2025-12-28 17:41:00,Airbnb,Entertainment,"Lyon, FR"
TXN_001521,USER_026,10.21,2025-12-28 17:41:00,Whole Foods,Entertainment,"Paris, FR"
TXN_003512,USER_037,19.16,2025-12-28 18:10:00,PayPal,Food,"New York, US"
TXN_000266,USER_014,10.12,2025-12-28 18:14:00,Airbnb,Travel,"Marseille, FR"
TXN_004016,USER_036,19.85,2025-12-28 18:26:00,Starbucks,Fuel,"Amsterdam, NL"
TXN_003185,USER_003,17.25,2025-12-28 19:11:00,Walmart,Entertainment,"Lyon, FR"
TXN_001816,USER_004,133.33,2025-12-28 19:37:00,Shell Gas,Entertainment,"Berlin, DE"
TXN_004644,USER_010,87.29,2025-12-28 20:42:00,Walmart,Other,"Rome, IT"
TXN_000513,USER_022,28.3,2025-12-29 00:36:00,Starbucks,Food,"Brussels, BE"
TXN_003672,USER_016,67.43,2025-12-29 01:29:00,Target,Other,"Amsterdam, NL"
TXN_001906,USER_013,207.51,2025-12-29 03:15:00,Apple Store,Travel,"Marseille, FR"
TXN_004573,USER_046,34.6,2025-12-29 03:47:00,Google Play,Healthcare,"Marseille, FR"
TXN_001109,USER_042,189.81,2025-12-29 04:02:00,Steam,Fuel,"Lyon, FR"
TXN_001281,USER_025,121.31,2025-12-29 04:09:00,Walmart,Utilities,"London, UK"
TXN_004457,USER_007,31.99,2025-12-29 04:41:00,Netflix,Shopping,"New York, US"
TXN_000323,USER_016,40.38,2025-12-29 04:53:00,Google Play,Entertainment,"Paris, FR"
TXN_001995,USER_033,1871.1583791272112,2025-12-29 04:56:00,BestBuy,Food,"Beijing, CN"
TXN_002656,USER_019,113.05,2025-12-29 05:04:00,Uber,Shopping,"New York, US"
TXN_001149,USER_046,6.14,2025-12-29 05:34:00,Delta Airlines,Other,"Marseille, FR"
TXN_001206,USER_007,29.97,2025-12-29 05:51:00,Target,Healthcare,"Madrid, ES"
TXN_003165,USER_011,4.93,2025-12-29 06:01:00,Hertz,Other,"Paris, FR"
TXN_002204,USER_038,61.85,2025-12-29 06:03:00,Whole Foods,Shopping,"London, UK"
TXN_003853,USER_039,43.68,2025-12-29 06:03:00,Walmart,Utilities,"Berlin, DE"
TXN_002422,USER_021,29.98,2025-12-29 06:08:00,McDonalds,Transport,"Paris, FR"
TXN_003172,USER_048,0.47,2025-12-29 06:42:00,CVS,Healthcare,"Paris, FR"
TXN_003832,USER_041,103.89,2025-12-29 06:51:00,Amazon,Fuel,"Paris, FR"
TXN_000294,USER_033,231.26,2025-12-29 07:17:00,Whole Foods,Fuel,"Paris, FR"
TXN_000949,USER_011,45.94,2025-12-29 07:28:00,Amazon,Food,"Marseille, FR"
TXN_001533,USER_046,46.82,2025-12-29 07:33:00,PayPal,Other,"London, UK"
TXN_004614,USER_041,66.99,2025-12-29 08:04:00,Hotels.com,Subscription,"Lyon, FR"
TXN_004492,USER_042,11.31,2025-12-29 08:19:00,Starbucks,Transport,"Lyon, FR"
TXN_004529,USER_006,26.61,2025-12-29 08:24:00,Starbucks,Entertainment,"Marseille, FR"
TXN_001236,USER_036,4.98,2025-12-29 08:41:00,Google Play,Healthcare,"Marseille, FR"
TXN_002057,USER_028,36.14,2025-12-29 08:57:00,Google Play,Utilities,"New York, US"
TXN_001961,USER_049,2.33,2025-12-29 08:59:00,Google Play,Fuel,"Brussels, BE"
TXN_000782,USER_007,159.71,2025-12-29 09:20:00,Whole Foods,Utilities,"Marseille, FR"
TXN_001035,USER_031,24.44,2025-12-29 09:31:00,Spotify,Travel,"Marseille, FR"
TXN_004066,USER_026,22.28,2025-12-29 09:47:00,CVS,Fuel,"Madrid, ES"
TXN_004475,USER_048,32.11,2025-12-29 10:04:00,Whole Foods,Healthcare,"New York, US"
TXN_000397,USER_005,439.79,2025-12-29 10:20:00,Airbnb,Fuel,"London, UK"
TXN_003520,USER_008,73.55,2025-12-29 10:20:00,Shell Gas,Food,"Lyon, FR"
TXN_004621,USER_003,301.99,2025-12-29 10:26:00,Steam,Fuel,"Berlin, DE"
TXN_003035,USER_021,26.98,2025-12-29 10:36:00,Steam,Shopping,"Brussels, BE"
TXN_003305,USER_022,37.38,2025-12-29 10:38:00,PayPal,Food,"Brussels, BE"
TXN_002364,USER_040,13.94,2025-12-29 11:19:00,Amazon,Healthcare,"Madrid, ES"
TXN_002317,USER_012,3.55,2025-12-29 12:36:00,PayPal,Food,"Paris, FR"
TXN_002068,USER_012,16.88,2025-12-29 13:10:00,Apple Store,Subscription,"Madrid, ES"
TXN_003170,USER_039,1.89,2025-12-29 13:16:00,Shell Gas,Entertainment,"Lyon, FR"
TXN_004807,USER_044,7.57,2025-12-29 13:36:00,Uber,Healthcare,"Brussels, BE"
TXN_003356,USER_031,71.39,2025-12-29 14:05:00,McDonalds,Subscription,"New York, US"
TXN_004905,USER_043,8.16,2025-12-29 14:07:00,McDonalds,Transport,"London, UK"
TXN_002764,USER_048,139.66,2025-12-29 14:28:00,Walmart,Entertainment,"Marseille, FR"
TXN_002058,USER_044,41.46,2025-12-29 14:31:00,BestBuy,Subscription,"Marseille, FR"
TXN_004144,USER_042,34.34,2025-12-29 14:31:00,Amazon,Subscription,"Berlin, DE"
TXN_003050,USER_047,110.95,2025-12-29 14:34:00,Apple Store,Subscription,"Madrid, ES"
TXN_002586,USER_049,4095.095199234854,2025-12-29 14:43:00,Target,Transport,"Paris, FR"
TXN_003997,USER_006,16.04,2025-12-29 15:13:00,Airbnb,Entertainment,"Marseille, FR"
TXN_001295,USER_003,41.76,2025-12-29 15:30:00,Shell Gas,Utilities,"Madrid, ES"
TXN_000806,USER_018,29.87,2025-12-29 15:32:00,Hotels.com,Healthcare,"Marseille, FR"
TXN_000335,USER_002,4.67,2025-12-29 15:43:00,Hotels.com,Shopping,"Madrid, ES"
TXN_FRAUD_2721_0,USER_002,133.92573811985886,2025-12-29 15:43:00,Hotels.com,Shopping,"Madrid, ES"
TXN_003215,USER_030,7.44,2025-12-29 15:44:00,PayPal,Food,"Amsterdam, NL"
TXN_001799,USER_030,23.49,2025-12-29 15:46:00,McDonalds,Other,"Lyon, FR"
TXN_FRAUD_2721_1,USER_002,429.6366335081862,2025-12-29 15:48:00,Hotels.com,Shopping,"Madrid, ES"
TXN_FRAUD_2721_2,USER_002,356.1252727297448,2025-12-29 15:53:00,Hotels.com,Shopping,"Madrid, ES"
TXN_002546,USER_038,55.77,2025-12-29 15:57:00,Hertz,Other,"New York, US"
TXN_000188,USER_010,42.29,2025-12-29 16:00:00,CVS,Fuel,"Marseille, FR"
TXN_000051,USER_001,171.78,2025-12-29 16:04:00,Airbnb,Utilities,"Madrid, ES"
TXN_002363,USER_038,13.31,2025-12-29 16:07:00,Target,Shopping,"London, UK"
TXN_000562,USER_039,122.34,2025-12-29 16:27:00,Steam,Other,"Lyon, FR"
TXN_004272,USER_004,5.4,2025-12-29 17:07:00,Spotify,Transport,"Paris, FR"
TXN_003291,USER_016,6.24,2025-12-29 17:23:00,Apple Store,Transport,"Brussels, BE"
TXN_003138,USER_032,9.41,2025-12-29 17:36:00,Whole Foods,Fuel,"Amsterdam, NL"
TXN_001391,USER_024,118.85,2025-12-29 18:11:00,Amazon,Utilities,"Berlin, DE"
TXN_000024,USER_005,95.4,2025-12-29 18:12:00,CVS,Subscription,"Brussels, BE"
TXN_004783,USER_043,18.77,2025-12-29 18:21:00,Google Play,Subscription,"Madrid, ES"
TXN_000719,USER_004,44.77,2025-12-29 18:40:00,Delta Airlines,Healthcare,"Brussels, BE"
TXN_004273,USER_003,2.82,2025-12-29 18:59:00,Whole Foods,Fuel,"Rome, IT"
TXN_001507,USER_036,126.74,2025-12-29 20:07:00,Google Play,Food,"Brussels, BE"
TXN_004603,USER_041,8.89,2025-12-29 20:44:00,Starbucks,Travel,"Amsterdam, NL"
TXN_001065,USER_035,47.0,2025-12-29 21:00:00,Shell Gas,Fuel,"New York, US"
TXN_001500,USER_038,271.98,2025-12-29 21:39:00,Uber,Healthcare,"New York, US"
TXN_004039,USER_025,26.42,2025-12-30 00:58:00,Starbucks,Other,"Lyon, FR"
TXN_003130,USER_050,75.51,2025-12-30 02:49:00,Shell Gas,Travel,"Madrid, ES"
TXN_002286,USER_004,7.67,2025-12-30 02:56:00,Steam,Shopping,"Rome, IT"
TXN_001621,USER_004,208.64,2025-12-30 03:36:00,Walmart,Transport,"Amsterdam, NL"
TXN_004755,USER_038,61.76,2025-12-30 04:58:00,Hertz,Transport,"Marseille, FR"
TXN_001020,USER_028,13.55,2025-12-30 05:03:00,McDonalds,Healthcare,"Madrid, ES"
TXN_000882,USER_009,809.02,2025-12-30 05:38:00,Hertz,Utilities,"Marseille, FR"
TXN_001580,USER_001,14.04,2025-12-30 05:55:00,Amazon,Transport,"Rome, IT"
TXN_003343,USER_044,47.07,2025-12-30 05:56:00,Shell Gas,Utilities,"Lyon, FR"
TXN_004694,USER_048,15.8,2025-12-30 06:36:00,Apple Store,Utilities,"Paris, FR"
TXN_000721,USER_006,19.56,2025-12-30 06:45:00,Walmart,Fuel,"Amsterdam, NL"
TXN_001113,USER_032,94.4,2025-12-30 07:35:00,McDonalds,Shopping,"Berlin, DE"
TXN_001657,USER_015,92.08,2025-12-30 08:09:00,Hertz,Shopping,"Rome, IT"
TXN_003043,USER_017,14.34,2025-12-30 08:55:00,Spotify,Subscription,"Paris, FR"
TXN_004172,USER_008,96.77,2025-12-30 09:24:00,CVS,Other,"New York, US"
TXN_001139,USER_035,30.61,2025-12-30 09:35:00,Walmart,Fuel,"Madrid, ES"
TXN_003591,USER_018,18.38,2025-12-30 09:41:00,Uber,Entertainment,"Brussels, BE"
TXN_003431,USER_008,2.54,2025-12-30 10:04:00,Delta Airlines,Food,"Brussels, BE"
TXN_003246,USER_032,76.28,2025-12-30 10:25:00,Shell Gas,Healthcare,"Madrid, ES"
TXN_003519,USER_039,73.96,2025-12-30 10:46:00,Steam,Food,"Paris, FR"
TXN_004043,USER_045,10.78,2025-12-30 10:47:00,Starbucks,Food,"Amsterdam, NL"
TXN_001088,USER_044,110.42,2025-12-30 11:16:00,CVS,Other,"Brussels, BE"
TXN_FRAUD_2762_0,USER_047,427.951316002256,2025-12-30 12:07:00,McDonalds,Shopping,"Brussels, BE"
TXN_001915,USER_047,6.6,2025-12-30 12:07:00,McDonalds,Shopping,"Brussels, BE"
TXN_FRAUD_2762_1,USER_047,444.80707670481115,2025-12-30 12:12:00,McDonalds,Shopping,"Brussels, BE"
TXN_FRAUD_2762_2,USER_047,231.30227280480003,2025-12-30 12:17:00,McDonalds,Shopping,"Brussels, BE"
TXN_000885,USER_039,29.99,2025-12-30 12:22:00,Hertz,Food,"London, UK"
TXN_003768,USER_030,114.83,2025-12-30 12:25:00,Hotels.com,Shopping,"London, UK"
TXN_001005,USER_011,100.03,2025-12-30 12:54:00,BestBuy,Food,"Rome, IT"
TXN_000391,USER_006,82.07,2025-12-30 13:20:00,Airbnb,Entertainment,"New York, US"
TXN_004188,USER_022,30.2,2025-12-30 13:43:00,Google Play,Fuel,"Amsterdam, NL"
TXN_000614,USER_013,71.75,2025-12-30 14:06:00,Walmart,Entertainment,"Rome, IT"
TXN_004044,USER_033,25.34,2025-12-30 14:11:00,Google Play,Shopping,"London, UK"
TXN_003858,USER_046,32.85,2025-12-30 14:16:00,Hotels.com,Fuel,"London, UK"
TXN_003533,USER_002,27.59,2025-12-30 14:47:00,Delta Airlines,Fuel,"London, UK"
TXN_004169,USER_040,170.48,2025-12-30 15:10:00,Spotify,Healthcare,"Madrid, ES"
TXN_004313,USER_045,35.97,2025-12-30 15:12:00,Google Play,Healthcare,"Brussels, BE"
TXN_000431,USER_003,19.21,2025-12-30 15:38:00,Hotels.com,Transport,"London, UK"
TXN_002041,USER_041,88.26,2025-12-30 15:57:00,Airbnb,Entertainment,"Madrid, ES"
TXN_002626,USER_035,67.08,2025-12-30 16:02:00,Steam,Subscription,"Rome, IT"
TXN_004299,USER_012,26.19,2025-12-30 16:17:00,BestBuy,Entertainment,"Madrid, ES"
TXN_003197,USER_004,25.5,2025-12-30 16:56:00,McDonalds,Shopping,"Rome, IT"
TXN_003657,USER_011,69.39,2025-12-30 17:06:00,Uber,Shopping,"Amsterdam, NL"
TXN_000532,USER_001,78.81,2025-12-30 17:09:00,CVS,Healthcare,"Berlin, DE"
TXN_002575,USER_049,24.08,2025-12-30 17:46:00,Target,Entertainment,"Marseille, FR"
TXN_001031,USER_018,3.73,2025-12-30 17:52:00,Hertz,Subscription,"Marseille, FR"
TXN_000535,USER_012,148.27,2025-12-30 18:08:00,Spotify,Subscription,"Amsterdam, NL"
TXN_001739,USER_014,21.15,2025-12-30 23:59:00,Amazon,Travel,"Paris, FR"
TXN_003558,USER_016,136.88,2025-12-31 00:21:00,Starbucks,Shopping,"Berlin, DE"
TXN_003529,USER_009,157.89,2025-12-31 02:36:00,PayPal,Transport,"Amsterdam, NL"
TXN_004956,USER_042,19.07,2025-12-31 03:50:00,Spotify,Subscription,"Marseille, FR"
TXN_004917,USER_021,7.58,2025-12-31 03:54:00,Amazon,Shopping,"Rome, IT"
TXN_001757,USER_038,74.65,2025-12-31 04:28:00,Whole Foods,Shopping,"New York, US"
TXN_002723,USER_002,56.49,2025-12-31 05:24:00,Spotify,Shopping,"Amsterdam, NL"
TXN_FRAUD_2789_0,USER_002,251.11228865336818,2025-12-31 05:24:00,Spotify,Shopping,"Amsterdam, NL"
TXN_FRAUD_2789_1,USER_002,362.0060176477769,2025-12-31 05:29:00,Spotify,Shopping,"Amsterdam, NL"
TXN_FRAUD_2789_2,USER_002,138.24231612944686,2025-12-31 05:34:00,Spotify,Shopping,"Amsterdam, NL"
TXN_004731,USER_041,8.99,2025-12-31 06:04:00,Steam,Food,"Marseille, FR"
TXN_002124,USER_013,157.69,2025-12-31 06:09:00,Target,Travel,"Berlin, DE"
TXN_000252,USER_030,22.57,2025-12-31 06:14:00,BestBuy,Travel,"Madrid, ES"
TXN_002557,USER_047,22.06,2025-12-31 06:18:00,Uber,Utilities,"Berlin, DE"
TXN_002275,USER_028,23.38,2025-12-31 06:45:00,BestBuy,Utilities,"London, UK"
TXN_002503,USER_050,7.51,2025-12-31 06:47:00,Netflix,Fuel,"Brussels, BE"
TXN_002297,USER_020,27.82,2025-12-31 07:18:00,McDonalds,Entertainment,"Brussels, BE"
TXN_002933,USER_042,5.3,2025-12-31 07:24:00,Shell Gas,Transport,"Madrid, ES"
TXN_004508,USER_035,18.35,2025-12-31 07:36:00,Spotify,Other,"Brussels, BE"
TXN_002696,USER_049,197.9,2025-12-31 07:51:00,PayPal,Travel,"Marseille, FR"
TXN_FRAUD_2800_0,USER_040,308.2338073264559,2025-12-31 08:17:00,Hertz,Other,"Rome, IT"
TXN_004140,USER_040,3.98,2025-12-31 08:17:00,Hertz,Other,"Rome, IT"
TXN_003709,USER_024,23.78,2025-12-31 08:19:00,Whole Foods,Subscription,"Berlin, DE"
TXN_FRAUD_2800_1,USER_040,344.2096705482354,2025-12-31 08:22:00,Hertz,Other,"Rome, IT"
TXN_002623,USER_011,154.85,2025-12-31 08:23:00,PayPal,Travel,"New York, US"
TXN_004836,USER_011,9.42,2025-12-31 08:25:00,Spotify,Transport,"Paris, FR"
TXN_FRAUD_2800_2,USER_040,448.40174322593873,2025-12-31 08:27:00,Hertz,Other,"Rome, IT"
TXN_002335,USER_020,74.64,2025-12-31 08:27:00,Walmart,Fuel,"Lyon, FR"
TXN_001890,USER_032,86.9,2025-12-31 08:35:00,CVS,Food,"Berlin, DE"
TXN_002822,USER_043,3.81,2025-12-31 08:42:00,Netflix,Transport,"Berlin, DE"
TXN_002047,USER_042,49.73,2025-12-31 08:54:00,Delta Airlines,Transport,"Paris, FR"
TXN_003086,USER_016,143.84,2025-12-31 09:07:00,Shell Gas,Fuel,"Lyon, FR"
TXN_003072,USER_038,39.41,2025-12-31 09:11:00,Airbnb,Travel,"London, UK"
TXN_001135,USER_028,79.39,2025-12-31 09:37:00,Walmart,Other,"Madrid, ES"
TXN_002229,USER_050,67.78,2025-12-31 10:00:00,Target,Utilities,"Madrid, ES"
TXN_001069,USER_036,5.32,2025-12-31 10:20:00,Apple Store,Transport,"Brussels, BE"
TXN_003212,USER_032,61.99,2025-12-31 11:17:00,Airbnb,Travel,"New York, US"
TXN_001962,USER_039,124.57,2025-12-31 11:18:00,Whole Foods,Transport,"London, UK"
TXN_004715,USER_015,49.66,2025-12-31 11:25:00,Delta Airlines,Fuel,"Brussels, BE"
TXN_002560,USER_037,39.02,2025-12-31 11:25:00,Amazon,Transport,"Brussels, BE"
TXN_004882,USER_025,25.28,2025-12-31 12:39:00,Airbnb,Other,"Amsterdam, NL"
TXN_004591,USER_026,96.94,2025-12-31 14:04:00,Amazon,Travel,"Lyon, FR"
TXN_001592,USER_032,51.95,2025-12-31 14:19:00,Delta Airlines,Other,"Amsterdam, NL"
TXN_001806,USER_048,11.65,2025-12-31 14:42:00,Shell Gas,Healthcare,"Paris, FR"
TXN_003203,USER_047,22.55,2025-12-31 14:44:00,Delta Airlines,Subscription,"Brussels, BE"
TXN_003758,USER_035,67.39,2025-12-31 14:45:00,Netflix,Utilities,"Brussels, BE"
TXN_001091,USER_036,20.25,2025-12-31 15:04:00,Target,Healthcare,"Brussels, BE"
TXN_FRAUD_2825_0,USER_036,306.12555869931384,2025-12-31 15:04:00,Target,Healthcare,"Brussels, BE"
TXN_FRAUD_2825_1,USER_036,374.679411780306,2025-12-31 15:09:00,Target,Healthcare,"Brussels, BE"
TXN_FRAUD_2825_2,USER_036,349.41285630863763,2025-12-31 15:14:00,Target,Healthcare,"Brussels, BE"
TXN_000661,USER_002,40.15,2025-12-31 15:42:00,Airbnb,Fuel,"Brussels, BE"
TXN_002600,USER_028,415.11,2025-12-31 15:49:00,McDonalds,Utilities,"Lyon, FR"
TXN_002131,USER_018,160.41,2025-12-31 15:53:00,Spotify,Subscription,"Madrid, ES"
TXN_004332,USER_011,6.01,2025-12-31 15:56:00,Airbnb,Shopping,"Madrid, ES"
TXN_003306,USER_050,58.18,2025-12-31 16:01:00,McDonalds,Entertainment,"Amsterdam, NL"
TXN_000395,USER_049,106.29,2025-12-31 16:11:00,Walmart,Healthcare,"Paris, FR"
TXN_000621,USER_045,19.32,2025-12-31 16:53:00,Hertz,Fuel,"Amsterdam, NL"
TXN_FRAUD_2832_0,USER_045,440.33270790940395,2025-12-31 16:53:00,Hertz,Fuel,"Amsterdam, NL"
TXN_FRAUD_2832_1,USER_045,179.3808412569652,2025-12-31 16:58:00,Hertz,Fuel,"Amsterdam, NL"
TXN_FRAUD_2832_2,USER_045,314.30166062855767,2025-12-31 17:03:00,Hertz,Fuel,"Amsterdam, NL"
TXN_000050,USER_014,132.93,2025-12-31 17:45:00,Walmart,Transport,"Madrid, ES"
TXN_001482,USER_027,133.97,2025-12-31 18:04:00,CVS,Fuel,"Rome, IT"
TXN_000155,USER_005,3.4,2025-12-31 18:19:00,Target,Other,"Paris, FR"
TXN_001263,USER_030,13.77,2025-12-31 20:18:00,Spotify,Subscription,"Brussels, BE"
TXN_004114,USER_017,7.63,2025-12-31 20:18:00,Shell Gas,Travel,"Rome, IT"
TXN_002004,USER_009,42.04,2025-12-31 20:50:00,Netflix,Entertainment,"Marseille, FR"
TXN_000090,USER_043,91.55,2025-12-31 22:08:00,Steam,Utilities,"Brussels, BE"
TXN_003752,USER_006,44.22,2025-12-31 22:51:00,McDonalds,Shopping,"London, UK"
TXN_001096,USER_043,92.57,2025-12-31 23:15:00,Google Play,Travel,"New York, US"
TXN_001260,USER_032,4.48,2026-01-01 01:37:00,Steam,Entertainment,"Rome, IT"
TXN_000830,USER_009,16.65,2026-01-01 01:54:00,Netflix,Other,"New York, US"
TXN_003189,USER_015,2.94,2026-01-01 02:07:00,McDonalds,Fuel,"Lyon, FR"
TXN_003128,USER_041,48.61,2026-01-01 02:41:00,Google Play,Entertainment,"London, UK"
TXN_001331,USER_048,2039.8210558945684,2026-01-01 02:43:00,Shell Gas,Healthcare,"Beijing, CN"
TXN_003488,USER_009,1.93,2026-01-01 02:50:00,Shell Gas,Entertainment,"Berlin, DE"
TXN_002150,USER_040,131.17,2026-01-01 02:54:00,Hotels.com,Other,"Brussels, BE"
TXN_004159,USER_002,2405.2561559770465,2026-01-01 03:03:00,Google Play,Travel,"Moscow, RU"
TXN_002006,USER_025,21.4,2026-01-01 03:21:00,Spotify,Entertainment,"New York, US"
TXN_003940,USER_030,23.01,2026-01-01 03:25:00,Hertz,Other,"New York, US"
TXN_000368,USER_027,8.77,2026-01-01 03:40:00,Whole Foods,Food,"Marseille, FR"
TXN_003457,USER_003,160.57,2026-01-01 03:42:00,Walmart,Food,"Lyon, FR"
TXN_000077,USER_012,2213.44558816079,2026-01-01 04:49:00,McDonalds,Travel,"Beijing, CN"
TXN_000313,USER_003,63.57,2026-01-01 06:11:00,Uber,Subscription,"Amsterdam, NL"
TXN_002415,USER_029,54.96,2026-01-01 06:28:00,Airbnb,Healthcare,"Lagos, NG"
TXN_001397,USER_001,10.12,2026-01-01 06:28:00,Netflix,Healthcare,"Marseille, FR"
TXN_000585,USER_049,48.84,2026-01-01 06:46:00,Walmart,Utilities,"Lagos, NG"
TXN_000526,USER_019,25.85,2026-01-01 07:12:00,Target,Fuel,"New York, US"
TXN_001618,USER_027,19.39,2026-01-01 07:45:00,Airbnb,Fuel,"Berlin, DE"
TXN_FRAUD_2858_0,USER_013,105.25117203087979,2026-01-01 07:58:00,Starbucks,Shopping,"New York, US"
TXN_004195,USER_013,68.93,2026-01-01 07:58:00,Starbucks,Shopping,"New York, US"
TXN_FRAUD_2858_1,USER_013,164.62478607165764,2026-01-01 08:03:00,Starbucks,Shopping,"New York, US"
TXN_004883,USER_034,148.64,2026-01-01 08:06:00,Whole Foods,Food,"Marseille, FR"
TXN_FRAUD_2858_2,USER_013,166.233927240737,2026-01-01 08:08:00,Starbucks,Shopping,"New York, US"
TXN_003888,USER_020,6.7,2026-01-01 08:43:00,Whole Foods,Travel,"Lyon, FR"
TXN_000671,USER_032,81.17,2026-01-01 08:44:00,Hertz,Subscription,"Paris, FR"
TXN_000645,USER_001,187.63,2026-01-01 08:49:00,Uber,Fuel,"Berlin, DE"
TXN_FRAUD_2862_0,USER_001,169.04999860140944,2026-01-01 08:49:00,Uber,Fuel,"Berlin, DE"
TXN_004224,USER_017,59.52,2026-01-01 08:54:00,CVS,Other,"Marseille, FR"
TXN_FRAUD_2862_1,USER_001,455.8014837775944,2026-01-01 08:54:00,Uber,Fuel,"Berlin, DE"
TXN_FRAUD_2862_2,USER_001,354.78997576718155,2026-01-01 08:59:00,Uber,Fuel,"Berlin, DE"
TXN_001441,USER_036,26.47,2026-01-01 09:06:00,PayPal,Entertainment,"Lyon, FR"
TXN_002145,USER_027,18.45,2026-01-01 09:10:00,Google Play,Fuel,"Madrid, ES"
TXN_001003,USER_029,89.8,2026-01-01 09:58:00,McDonalds,Shopping,"Marseille, FR"
TXN_003207,USER_039,21.01,2026-01-01 10:12:00,Steam,Utilities,"Berlin, DE"
TXN_001182,USER_030,74.62,2026-01-01 10:47:00,Walmart,Fuel,"London, UK"
TXN_000231,USER_040,38.01,2026-01-01 11:05:00,Walmart,Travel,"New York, US"
TXN_002927,USER_036,23.09,2026-01-01 11:11:00,Spotify,Entertainment,"Madrid, ES"
TXN_000718,USER_035,8.52,2026-01-01 11:36:00,Whole Foods,Entertainment,"Brussels, BE"
TXN_000876,USER_017,65.4,2026-01-01 12:12:00,Airbnb,Healthcare,"Madrid, ES"
TXN_003171,USER_006,154.6,2026-01-01 12:33:00,Airbnb,Subscription,"Marseille, FR"
TXN_004222,USER_047,11.31,2026-01-01 12:46:00,Netflix,Fuel,"Rome, IT"
TXN_002632,USER_037,8.06,2026-01-01 12:49:00,Apple Store,Other,"New York, US"
TXN_001023,USER_018,3.15,2026-01-01 13:00:00,Target,Transport,"Marseille, FR"
TXN_004851,USER_010,44.48,2026-01-01 13:28:00,Spotify,Shopping,"Rome, IT"
TXN_001968,USER_020,4.14,2026-01-01 13:37:00,Apple Store,Food,"Lyon, FR"
TXN_001857,USER_005,12.65,2026-01-01 13:44:00,Walmart,Food,"Madrid, ES"
TXN_000499,USER_036,81.77,2026-01-01 13:48:00,Amazon,Fuel,"London, UK"
TXN_000488,USER_021,47.78,2026-01-01 13:50:00,Whole Foods,Entertainment,"Marseille, FR"
TXN_003424,USER_016,152.3,2026-01-01 13:57:00,Netflix,Fuel,"New York, US"
TXN_001015,USER_024,135.83,2026-01-01 14:04:00,Starbucks,Utilities,"Paris, FR"
TXN_001518,USER_044,294.11,2026-01-01 14:38:00,Apple Store,Subscription,"Rome, IT"
TXN_002405,USER_050,20.58,2026-01-01 15:31:00,Whole Foods,Transport,"Amsterdam, NL"
TXN_001346,USER_045,27.96,2026-01-01 16:01:00,Starbucks,Travel,"London, UK"
TXN_001789,USER_021,19.23,2026-01-01 17:13:00,McDonalds,Food,"Marseille, FR"
TXN_004684,USER_012,41.2,2026-01-01 17:24:00,Hertz,Shopping,"Lyon, FR"
TXN_000926,USER_015,67.74,2026-01-01 17:26:00,Starbucks,Other,"Marseille, FR"
TXN_002390,USER_022,75.18,2026-01-01 17:45:00,Google Play,Subscription,"London, UK"
TXN_004913,USER_027,429.59,2026-01-01 17:54:00,Delta Airlines,Healthcare,"Amsterdam, NL"
TXN_001986,USER_010,1.63,2026-01-01 17:55:00,Hotels.com,Shopping,"Marseille, FR"
TXN_002830,USER_013,7.39,2026-01-01 17:59:00,Delta Airlines,Other,"Madrid, ES"
TXN_000176,USER_023,15.87,2026-01-01 19:09:00,Apple Store,Food,"Marseille, FR"
TXN_000700,USER_011,14.63,2026-01-01 19:19:00,Steam,Travel,"Brussels, BE"
TXN_004051,USER_014,414.14,2026-01-01 19:30:00,Starbucks,Travel,"Brussels, BE"
TXN_000177,USER_022,328.58,2026-01-01 19:32:00,Hotels.com,Utilities,"Madrid, ES"
TXN_002706,USER_050,24.95,2026-01-01 19:40:00,Starbucks,Transport,"Amsterdam, NL"
TXN_004570,USER_032,24.25,2026-01-01 20:22:00,McDonalds,Transport,"Berlin, DE"
TXN_002325,USER_050,6.72,2026-01-01 20:24:00,Hertz,Food,"Berlin, DE"
TXN_002407,USER_027,4.2,2026-01-01 23:20:00,Starbucks,Other,"Rome, IT"
TXN_001798,USER_012,48.94,2026-01-02 02:03:00,McDonalds,Other,"Madrid, ES"
TXN_000851,USER_025,17.58,2026-01-02 02:38:00,Apple Store,Fuel,"Paris, FR"
TXN_003473,USER_022,442.17,2026-01-02 02:52:00,Target,Utilities,"Paris, FR"
TXN_003391,USER_044,82.6,2026-01-02 03:54:00,Target,Transport,"New York, US"
TXN_000567,USER_025,9.6,2026-01-02 04:26:00,Starbucks,Other,"Madrid, ES"
TXN_001595,USER_042,89.56,2026-01-02 04:44:00,Hotels.com,Food,"Rome, IT"
TXN_004555,USER_044,24.35,2026-01-02 04:52:00,McDonalds,Travel,"Berlin, DE"
TXN_000729,USER_008,637.69,2026-01-02 04:57:00,Starbucks,Other,"Amsterdam, NL"
TXN_003465,USER_008,5.64,2026-01-02 05:46:00,Amazon,Other,"New York, US"
TXN_004616,USER_029,9.92,2026-01-02 06:23:00,BestBuy,Shopping,"Marseille, FR"
TXN_001871,USER_034,2.78,2026-01-02 06:29:00,Spotify,Healthcare,"Marseille, FR"
TXN_003030,USER_034,13.14,2026-01-02 06:29:00,Steam,Transport,"Brussels, BE"
TXN_004478,USER_012,8.39,2026-01-02 06:54:00,BestBuy,Fuel,"Amsterdam, NL"
TXN_000329,USER_016,202.7,2026-01-02 07:28:00,CVS,Subscription,"Lyon, FR"
TXN_004581,USER_020,47.47,2026-01-02 07:44:00,Steam,Fuel,"Marseille, FR"
TXN_003462,USER_022,73.94,2026-01-02 07:55:00,Hertz,Transport,"Amsterdam, NL"
TXN_004510,USER_044,5.58,2026-01-02 07:56:00,Shell Gas,Subscription,"Madrid, ES"
TXN_001343,USER_001,20.85,2026-01-02 08:50:00,Walmart,Subscription,"Brussels, BE"
TXN_000638,USER_016,23.01,2026-01-02 09:46:00,Apple Store,Utilities,"Lyon, FR"
TXN_003929,USER_009,107.37,2026-01-02 09:52:00,Steam,Fuel,"Berlin, DE"
TXN_003002,USER_024,86.93,2026-01-02 10:03:00,Shell Gas,Travel,"New York, US"
TXN_001029,USER_022,62.41,2026-01-02 10:07:00,Hotels.com,Travel,"Rome, IT"
TXN_000989,USER_012,25.43,2026-01-02 10:19:00,Starbucks,Fuel,"Brussels, BE"
TXN_000792,USER_020,7.12,2026-01-02 10:30:00,BestBuy,Fuel,"London, UK"
TXN_002337,USER_022,4.1,2026-01-02 11:04:00,Shell Gas,Travel,"Paris, FR"
TXN_000110,USER_005,17.89,2026-01-02 12:14:00,Apple Store,Fuel,"Rome, IT"
TXN_003618,USER_033,10.02,2026-01-02 12:38:00,Airbnb,Fuel,"Rome, IT"
TXN_002497,USER_021,61.84,2026-01-02 12:59:00,Starbucks,Subscription,"Lyon, FR"
TXN_002787,USER_042,1233.55,2026-01-02 13:13:00,Whole Foods,Entertainment,"New York, US"
TXN_000474,USER_045,102.04,2026-01-02 13:14:00,Starbucks,Utilities,"Madrid, ES"
TXN_000322,USER_002,37.14,2026-01-02 13:51:00,Steam,Fuel,"Berlin, DE"
TXN_002740,USER_025,23.82,2026-01-02 14:13:00,BestBuy,Travel,"Berlin, DE"
TXN_002923,USER_027,74.57,2026-01-02 14:17:00,Airbnb,Subscription,"Madrid, ES"
TXN_001790,USER_035,96.9,2026-01-02 14:18:00,Target,Healthcare,"New York, US"
TXN_003898,USER_028,38.4,2026-01-02 14:23:00,Shell Gas,Utilities,"Brussels, BE"
TXN_003057,USER_018,36.71,2026-01-02 14:29:00,Amazon,Utilities,"Paris, FR"
TXN_000121,USER_049,43.76,2026-01-02 15:04:00,Target,Subscription,"Paris, FR"
TXN_004845,USER_008,0.99,2026-01-02 15:18:00,Delta Airlines,Shopping,"Madrid, ES"
TXN_001708,USER_018,4.99,2026-01-02 15:22:00,Airbnb,Travel,"Paris, FR"
TXN_002208,USER_007,29.94,2026-01-02 15:34:00,Spotify,Utilities,"Berlin, DE"
TXN_004157,USER_006,12.36,2026-01-02 15:40:00,Shell Gas,Healthcare,"Berlin, DE"
TXN_004347,USER_011,17.13,2026-01-02 15:44:00,Walmart,Shopping,"Lyon, FR"
TXN_003504,USER_049,10.11,2026-01-02 15:45:00,Amazon,Subscription,"Marseille, FR"
TXN_003327,USER_020,8.86,2026-01-02 15:53:00,Apple Store,Utilities,"Paris, FR"
TXN_002951,USER_038,74.64,2026-01-02 15:58:00,Google Play,Utilities,"New York, US"
TXN_000453,USER_033,4.4,2026-01-02 16:17:00,Whole Foods,Shopping,"Brussels, BE"
TXN_000617,USER_037,63.86,2026-01-02 17:11:00,Hertz,Transport,"Rome, IT"
TXN_000477,USER_027,63.57,2026-01-02 17:23:00,Delta Airlines,Transport,"Madrid, ES"
TXN_003494,USER_041,19.38,2026-01-02 17:37:00,CVS,Other,"Madrid, ES"
TXN_002157,USER_001,73.35,2026-01-02 17:50:00,Amazon,Shopping,"Marseille, FR"
TXN_002134,USER_023,22.26,2026-01-02 18:18:00,Hotels.com,Fuel,"Marseille, FR"
TXN_001643,USER_047,65.32,2026-01-02 18:40:00,McDonalds,Transport,"Brussels, BE"
TXN_002642,USER_005,50.87,2026-01-02 19:04:00,Hertz,Food,"Amsterdam, NL"
TXN_000242,USER_009,49.25,2026-01-02 19:21:00,BestBuy,Food,"Rome, IT"
TXN_004035,USER_006,48.52,2026-01-02 19:31:00,Target,Subscription,"London, UK"
TXN_004705,USER_001,274.24,2026-01-02 19:35:00,Hotels.com,Travel,"Madrid, ES"
TXN_004859,USER_005,122.35,2026-01-02 20:22:00,Amazon,Healthcare,"Amsterdam, NL"
TXN_002695,USER_020,35.19,2026-01-02 22:24:00,Steam,Healthcare,"Paris, FR"
TXN_001165,USER_049,5.31,2026-01-02 23:41:00,Hertz,Food,"London, UK"
TXN_004133,USER_022,23.78,2026-01-03 00:05:00,Amazon,Other,"Lyon, FR"
TXN_002329,USER_029,29.45,2026-01-03 02:28:00,Steam,Food,"Amsterdam, NL"
TXN_000349,USER_039,119.72,2026-01-03 02:58:00,Airbnb,Travel,"Rome, IT"
TXN_002731,USER_011,9.82,2026-01-03 04:05:00,Uber,Entertainment,"Berlin, DE"
TXN_004206,USER_018,20.93,2026-01-03 05:13:00,Apple Store,Transport,"Rome, IT"
TXN_003726,USER_029,4.92,2026-01-03 05:33:00,PayPal,Other,"London, UK"
TXN_000778,USER_026,132.87,2026-01-03 06:18:00,Steam,Shopping,"Paris, FR"
TXN_001779,USER_027,68.46,2026-01-03 06:31:00,Steam,Fuel,"London, UK"
TXN_000261,USER_015,17.17,2026-01-03 06:42:00,Hertz,Other,"Amsterdam, NL"
TXN_001512,USER_022,27.32,2026-01-03 06:44:00,BestBuy,Transport,"London, UK"
TXN_004802,USER_044,29.06,2026-01-03 06:51:00,Spotify,Subscription,"Madrid, ES"
TXN_003844,USER_044,214.34,2026-01-03 07:04:00,Spotify,Travel,"London, UK"
TXN_004658,USER_027,271.67,2026-01-03 07:04:00,Starbucks,Shopping,"Rome, IT"
TXN_000456,USER_003,12.61,2026-01-03 07:10:00,Target,Fuel,"Paris, FR"
TXN_FRAUD_2975_0,USER_003,391.16983131660743,2026-01-03 07:10:00,Target,Fuel,"Paris, FR"
TXN_FRAUD_2975_1,USER_003,152.910569005629,2026-01-03 07:15:00,Target,Fuel,"Paris, FR"
TXN_002007,USER_022,23.76,2026-01-03 07:18:00,Walmart,Fuel,"Madrid, ES"
TXN_004410,USER_014,24.82,2026-01-03 07:19:00,McDonalds,Fuel,"Madrid, ES"
TXN_001977,USER_004,290.45,2026-01-03 07:19:00,Steam,Transport,"Berlin, DE"
TXN_FRAUD_2975_2,USER_003,298.4235950417776,2026-01-03 07:20:00,Target,Fuel,"Paris, FR"
TXN_001119,USER_010,11.87,2026-01-03 08:07:00,CVS,Travel,"Rome, IT"
TXN_001308,USER_013,5.38,2026-01-03 08:09:00,Steam,Travel,"Lyon, FR"
TXN_001471,USER_043,12.42,2026-01-03 08:24:00,Delta Airlines,Healthcare,"London, UK"
TXN_003652,USER_047,18.35,2026-01-03 08:39:00,Apple Store,Other,"Lyon, FR"
TXN_004639,USER_038,25.27,2026-01-03 08:42:00,BestBuy,Travel,"Lagos, NG"
TXN_003295,USER_011,124.06,2026-01-03 09:01:00,McDonalds,Travel,"Lyon, FR"
TXN_004001,USER_050,7.95,2026-01-03 09:07:00,McDonalds,Healthcare,"Lagos, NG"
TXN_001882,USER_039,21.46,2026-01-03 09:09:00,Google Play,Travel,"Berlin, DE"
TXN_002454,USER_029,30.39,2026-01-03 09:13:00,Netflix,Shopping,"London, UK"
TXN_003617,USER_036,44.05,2026-01-03 09:14:00,Walmart,Travel,"Amsterdam, NL"
TXN_001967,USER_018,130.48,2026-01-03 10:21:00,Uber,Utilities,"Lyon, FR"
TXN_004632,USER_007,16.29,2026-01-03 10:26:00,Target,Shopping,"Berlin, DE"
TXN_001759,USER_020,3.26,2026-01-03 11:44:00,Steam,Other,"Marseille, FR"
TXN_001480,USER_031,59.73,2026-01-03 12:01:00,Google Play,Food,"London, UK"
TXN_004908,USER_032,131.25,2026-01-03 12:15:00,CVS,Food,"Amsterdam, NL"
TXN_003717,USER_011,73.02,2026-01-03 12:21:00,Walmart,Fuel,"Paris, FR"
TXN_004835,USER_035,45.46,2026-01-03 12:40:00,Spotify,Other,"London, UK"
TXN_000872,USER_044,36.77,2026-01-03 12:41:00,BestBuy,Entertainment,"Brussels, BE"
TXN_003802,USER_035,11.14,2026-01-03 13:27:00,Hertz,Other,"New York, US"
TXN_001341,USER_047,22.36,2026-01-03 13:35:00,Uber,Entertainment,"Berlin, DE"
TXN_003837,USER_041,103.44,2026-01-03 13:52:00,Starbucks,Food,"Marseille, FR"
TXN_002133,USER_006,20.98,2026-01-03 14:09:00,Spotify,Transport,"New York, US"
TXN_004558,USER_017,24.57,2026-01-03 14:14:00,Amazon,Shopping,"Lyon, FR"
TXN_001344,USER_003,54.85,2026-01-03 14:21:00,Steam,Subscription,"Lyon, FR"
TXN_004320,USER_027,38.68,2026-01-03 14:25:00,Spotify,Food,"Rome, IT"
TXN_001941,USER_011,8.7,2026-01-03 14:30:00,Amazon,Entertainment,"London, UK"
TXN_002449,USER_043,82.76,2026-01-03 14:55:00,McDonalds,Subscription,"Berlin, DE"
TXN_002369,USER_028,13.35,2026-01-03 15:38:00,Walmart,Food,"Brussels, BE"
TXN_004991,USER_035,205.8,2026-01-03 15:49:00,Airbnb,Shopping,"London, UK"
TXN_004424,USER_016,8.05,2026-01-03 15:50:00,Whole Foods,Shopping,"Brussels, BE"
TXN_003777,USER_040,26.14,2026-01-03 16:49:00,Netflix,Subscription,"Brussels, BE"
TXN_003145,USER_039,197.57,2026-01-03 17:30:00,Shell Gas,Other,"Marseille, FR"
TXN_001394,USER_011,91.51,2026-01-03 17:34:00,PayPal,Transport,"Amsterdam, NL"
TXN_000581,USER_041,62.77,2026-01-03 17:58:00,CVS,Transport,"New York, US"
TXN_002079,USER_045,58.83,2026-01-03 18:11:00,Walmart,Food,"Amsterdam, NL"
TXN_002502,USER_019,231.97,2026-01-03 18:25:00,Spotify,Travel,"Amsterdam, NL"
TXN_001524,USER_040,63.22,2026-01-03 18:26:00,Netflix,Transport,"Lyon, FR"
TXN_004365,USER_011,121.9,2026-01-03 18:37:00,Netflix,Fuel,"Brussels, BE"
TXN_004161,USER_037,10.38,2026-01-03 19:27:00,McDonalds,Subscription,"Rome, IT"
TXN_002412,USER_025,123.47,2026-01-03 20:10:00,Starbucks,Healthcare,"Brussels, BE"
TXN_004137,USER_011,11.29,2026-01-03 21:58:00,Amazon,Food,"Amsterdam, NL"
TXN_001095,USER_050,17.41,2026-01-03 22:08:00,Whole Foods,Food,"Lyon, FR"
TXN_004046,USER_029,101.8,2026-01-03 22:13:00,Shell Gas,Utilities,"Amsterdam, NL"
TXN_004067,USER_005,32.76,2026-01-03 23:01:00,Netflix,Transport,"Lyon, FR"
TXN_003580,USER_037,9.59,2026-01-04 03:20:00,Hotels.com,Transport,"Marseille, FR"
TXN_003350,USER_018,269.18,2026-01-04 03:51:00,Netflix,Shopping,"Madrid, ES"
TXN_002280,USER_025,35.82,2026-01-04 03:54:00,Starbucks,Fuel,"Rome, IT"
TXN_001849,USER_048,710.25,2026-01-04 05:36:00,Starbucks,Subscription,"Paris, FR"
TXN_002981,USER_049,98.91,2026-01-04 05:53:00,Airbnb,Shopping,"Lyon, FR"
TXN_001476,USER_024,82.39,2026-01-04 06:00:00,Hotels.com,Food,"Brussels, BE"
TXN_002201,USER_044,7.77,2026-01-04 06:08:00,Apple Store,Entertainment,"New York, US"
TXN_003509,USER_040,13.07,2026-01-04 06:09:00,Amazon,Fuel,"Marseille, FR"
TXN_002234,USER_023,52.07,2026-01-04 07:01:00,Starbucks,Healthcare,"Brussels, BE"
TXN_003817,USER_028,32.83,2026-01-04 07:19:00,PayPal,Shopping,"Berlin, DE"
TXN_000250,USER_039,59.45,2026-01-04 07:54:00,BestBuy,Fuel,"New York, US"
TXN_002954,USER_029,143.92,2026-01-04 08:09:00,Walmart,Utilities,"Rome, IT"
TXN_004269,USER_010,43.06,2026-01-04 08:22:00,PayPal,Fuel,"Rome, IT"
TXN_002685,USER_005,10.72,2026-01-04 08:31:00,Spotify,Food,"Rome, IT"
TXN_002442,USER_001,15.8,2026-01-04 08:52:00,Hotels.com,Fuel,"Amsterdam, NL"
TXN_001569,USER_030,23.86,2026-01-04 08:53:00,Hotels.com,Utilities,"Marseille, FR"
TXN_001925,USER_038,26.12,2026-01-04 08:57:00,Steam,Entertainment,"Paris, FR"
TXN_002832,USER_017,33.24,2026-01-04 10:11:00,Google Play,Entertainment,"Berlin, DE"
TXN_002990,USER_001,18.46,2026-01-04 11:38:00,McDonalds,Transport,"Amsterdam, NL"
TXN_002842,USER_032,19.91,2026-01-04 12:33:00,Starbucks,Healthcare,"New York, US"
TXN_004765,USER_024,47.77,2026-01-04 13:00:00,McDonalds,Food,"Rome, IT"
TXN_003182,USER_006,34.35,2026-01-04 13:04:00,Google Play,Entertainment,"London, UK"
TXN_004544,USER_026,75.09,2026-01-04 13:16:00,Starbucks,Shopping,"Lyon, FR"
TXN_003483,USER_012,13.88,2026-01-04 13:24:00,BestBuy,Subscription,"Rome, IT"
TXN_000344,USER_024,8.43,2026-01-04 13:44:00,Steam,Subscription,"Madrid, ES"
TXN_001122,USER_009,7.04,2026-01-04 14:46:00,Starbucks,Other,"Marseille, FR"
TXN_004515,USER_006,131.54,2026-01-04 15:07:00,Walmart,Shopping,"Madrid, ES"
TXN_004745,USER_003,131.48,2026-01-04 15:19:00,Steam,Other,"New York, US"
TXN_004295,USER_030,228.02,2026-01-04 15:47:00,Uber,Entertainment,"Lagos, NG"
TXN_003244,USER_026,40.54,2026-01-04 15:57:00,PayPal,Subscription,"Paris, FR"
TXN_004747,USER_036,27.43,2026-01-04 16:10:00,BestBuy,Travel,"Amsterdam, NL"
TXN_001084,USER_023,22.1,2026-01-04 16:14:00,BestBuy,Entertainment,"Amsterdam, NL"
TXN_003074,USER_024,20.33,2026-01-04 16:53:00,CVS,Utilities,"Marseille, FR"
TXN_001284,USER_035,100.38,2026-01-04 17:01:00,CVS,Food,"Rome, IT"
TXN_000529,USER_011,60.74,2026-01-04 17:05:00,PayPal,Utilities,"Rome, IT"
TXN_001018,USER_001,82.33,2026-01-04 17:39:00,Spotify,Other,"New York, US"
TXN_001485,USER_040,18.86,2026-01-04 17:47:00,Whole Foods,Shopping,"Brussels, BE"
TXN_001990,USER_023,19.56,2026-01-04 17:48:00,Google Play,Entertainment,"Lyon, FR"
TXN_002135,USER_045,46.28,2026-01-04 18:10:00,Whole Foods,Healthcare,"Paris, FR"
TXN_004065,USER_016,250.61,2026-01-04 18:11:00,Whole Foods,Subscription,"London, UK"
TXN_000873,USER_045,29.04,2026-01-04 18:29:00,Target,Transport,"Paris, FR"
TXN_004354,USER_039,105.32,2026-01-04 18:43:00,Hotels.com,Transport,"Berlin, DE"
TXN_003237,USER_002,225.45,2026-01-04 19:18:00,Netflix,Travel,"Brussels, BE"
TXN_002366,USER_043,67.34,2026-01-04 19:22:00,Walmart,Utilities,"Paris, FR"
TXN_003920,USER_021,39.12,2026-01-04 19:37:00,Delta Airlines,Transport,"Paris, FR"
TXN_002547,USER_045,14.53,2026-01-04 21:10:00,Spotify,Entertainment,"Berlin, DE"
TXN_001420,USER_009,45.22,2026-01-04 23:44:00,CVS,Fuel,"Berlin, DE"
TXN_000104,USER_049,106.98,2026-01-05 00:27:00,Delta Airlines,Healthcare,"Brussels, BE"
TXN_002114,USER_017,43.14,2026-01-05 00:29:00,Starbucks,Food,"Amsterdam, NL"
TXN_001515,USER_041,1876.4619857474959,2026-01-05 01:38:00,Starbucks,Shopping,"Moscow, RU"
TXN_000197,USER_007,152.23,2026-01-05 02:54:00,Delta Airlines,Subscription,"Paris, FR"
TXN_001297,USER_041,293.85,2026-01-05 03:35:00,Shell Gas,Transport,"Paris, FR"
TXN_001809,USER_046,1587.11720508888,2026-01-05 03:56:00,Hotels.com,Utilities,"Beijing, CN"
TXN_001692,USER_043,60.27,2026-01-05 04:31:00,BestBuy,Travel,"Madrid, ES"
TXN_002683,USER_041,21.63,2026-01-05 04:55:00,McDonalds,Subscription,"Paris, FR"
TXN_004226,USER_035,193.18,2026-01-05 04:57:00,Hotels.com,Transport,"Berlin, DE"
TXN_002520,USER_013,63.43,2026-01-05 05:11:00,Delta Airlines,Entertainment,"Paris, FR"
TXN_002829,USER_031,3.38,2026-01-05 06:14:00,Hertz,Fuel,"Amsterdam, NL"
TXN_004943,USER_043,27.84,2026-01-05 06:22:00,Hertz,Shopping,"Marseille, FR"
TXN_001393,USER_047,54.66,2026-01-05 06:35:00,PayPal,Subscription,"London, UK"
TXN_002825,USER_015,22.4,2026-01-05 06:40:00,Walmart,Entertainment,"Brussels, BE"
TXN_004005,USER_001,137.52,2026-01-05 06:55:00,Target,Travel,"Marseille, FR"
TXN_000094,USER_030,10.53,2026-01-05 07:16:00,Shell Gas,Fuel,"Rome, IT"
TXN_001367,USER_027,87.57,2026-01-05 07:35:00,Amazon,Utilities,"New York, US"
TXN_003686,USER_049,20.79,2026-01-05 07:47:00,Uber,Entertainment,"Amsterdam, NL"
TXN_004828,USER_044,43.96,2026-01-05 07:49:00,PayPal,Healthcare,"New York, US"
TXN_000353,USER_044,152.04,2026-01-05 07:50:00,Starbucks,Food,"New York, US"
TXN_004995,USER_005,80.13,2026-01-05 08:02:00,Target,Healthcare,"Rome, IT"
TXN_002734,USER_029,10.38,2026-01-05 08:13:00,Shell Gas,Entertainment,"Madrid, ES"
TXN_000716,USER_017,77.46,2026-01-05 08:17:00,Netflix,Entertainment,"London, UK"
TXN_002516,USER_036,16.3,2026-01-05 08:19:00,Netflix,Food,"Brussels, BE"
TXN_004787,USER_036,49.88,2026-01-05 08:49:00,Target,Subscription,"Amsterdam, NL"
TXN_002863,USER_010,22.42,2026-01-05 08:49:00,CVS,Shopping,"Brussels, BE"
TXN_004763,USER_045,35.0,2026-01-05 08:50:00,Starbucks,Healthcare,"Madrid, ES"
TXN_000270,USER_039,11.18,2026-01-05 09:14:00,Netflix,Entertainment,"Brussels, BE"
TXN_001776,USER_014,14.37,2026-01-05 09:16:00,Hertz,Shopping,"Berlin, DE"
TXN_004032,USER_015,120.84,2026-01-05 09:17:00,Airbnb,Travel,"Madrid, ES"
TXN_000071,USER_048,178.8,2026-01-05 09:23:00,PayPal,Fuel,"Paris, FR"
TXN_001002,USER_018,15.13,2026-01-05 09:37:00,Google Play,Other,"Brussels, BE"
TXN_001282,USER_012,109.36,2026-01-05 09:52:00,Hotels.com,Entertainment,"Amsterdam, NL"
TXN_001376,USER_009,33.28,2026-01-05 11:04:00,Google Play,Transport,"New York, US"
TXN_004319,USER_002,81.81,2026-01-05 11:05:00,Hotels.com,Transport,"Amsterdam, NL"
TXN_001966,USER_012,8.15,2026-01-05 11:10:00,Airbnb,Fuel,"London, UK"
TXN_004575,USER_035,6.99,2026-01-05 11:20:00,Netflix,Other,"London, UK"
TXN_000422,USER_023,22.16,2026-01-05 11:29:00,Netflix,Subscription,"New York, US"
TXN_002733,USER_002,24.41,2026-01-05 11:43:00,Shell Gas,Healthcare,"Paris, FR"
TXN_003101,USER_033,127.93,2026-01-05 11:52:00,Delta Airlines,Transport,"Rome, IT"
TXN_003408,USER_040,28.59,2026-01-05 11:52:00,PayPal,Fuel,"Lyon, FR"
TXN_002675,USER_008,3325.860351389737,2026-01-05 11:53:00,Hotels.com,Entertainment,"Lyon, FR"
TXN_002431,USER_047,37.19,2026-01-05 12:21:00,Starbucks,Subscription,"London, UK"
TXN_001761,USER_019,44.82,2026-01-05 12:21:00,Google Play,Entertainment,"Amsterdam, NL"
TXN_002355,USER_015,39.66,2026-01-05 12:33:00,Spotify,Travel,"Brussels, BE"
TXN_002755,USER_035,106.0,2026-01-05 12:56:00,CVS,Shopping,"London, UK"
TXN_000916,USER_009,8.2,2026-01-05 12:58:00,Uber,Food,"Brussels, BE"
TXN_000298,USER_046,22.92,2026-01-05 13:16:00,Delta Airlines,Fuel,"Amsterdam, NL"
TXN_001619,USER_002,80.76,2026-01-05 13:57:00,Amazon,Fuel,"Lyon, FR"
TXN_001191,USER_006,53.09,2026-01-05 14:20:00,Amazon,Subscription,"Brussels, BE"
TXN_001875,USER_027,361.91,2026-01-05 14:28:00,CVS,Food,"Marseille, FR"
TXN_001510,USER_011,15.12,2026-01-05 14:28:00,Apple Store,Healthcare,"Paris, FR"
TXN_000738,USER_020,7.11,2026-01-05 14:37:00,Apple Store,Utilities,"Madrid, ES"
TXN_004429,USER_009,34.06,2026-01-05 14:53:00,Shell Gas,Travel,"Brussels, BE"
TXN_001508,USER_016,64.02,2026-01-05 15:12:00,Amazon,Healthcare,"London, UK"
TXN_001715,USER_040,23.14,2026-01-05 15:36:00,BestBuy,Subscription,"Amsterdam, NL"
TXN_003891,USER_025,75.88,2026-01-05 15:41:00,Target,Travel,"Paris, FR"
TXN_FRAUD_3128_0,USER_015,425.70098758818324,2026-01-05 16:39:00,BestBuy,Food,"Marseille, FR"
TXN_003109,USER_015,53.4,2026-01-05 16:39:00,BestBuy,Food,"Marseille, FR"
TXN_FRAUD_3128_1,USER_015,148.1190510819787,2026-01-05 16:44:00,BestBuy,Food,"Marseille, FR"
TXN_FRAUD_3128_2,USER_015,217.506274661129,2026-01-05 16:49:00,BestBuy,Food,"Marseille, FR"
TXN_004648,USER_005,143.79,2026-01-05 16:54:00,Amazon,Subscription,"New York, US"
TXN_000232,USER_029,213.05,2026-01-05 17:03:00,Google Play,Food,"Berlin, DE"
TXN_000596,USER_011,44.93,2026-01-05 17:17:00,Amazon,Healthcare,"New York, US"
TXN_004213,USER_001,4025.840356791934,2026-01-05 17:42:00,PayPal,Transport,"Rome, IT"
TXN_003729,USER_011,18.18,2026-01-05 17:47:00,Netflix,Healthcare,"Madrid, ES"
TXN_004091,USER_010,76.92,2026-01-05 17:47:00,Hertz,Food,"Paris, FR"
TXN_001741,USER_019,16.24,2026-01-05 18:00:00,Whole Foods,Travel,"Paris, FR"
TXN_003175,USER_025,27.7,2026-01-05 18:26:00,Shell Gas,Travel,"Marseille, FR"
TXN_000804,USER_023,34.34,2026-01-05 18:27:00,Netflix,Food,"Berlin, DE"
TXN_003019,USER_039,15.57,2026-01-05 18:36:00,Apple Store,Food,"London, UK"
TXN_002700,USER_033,11.49,2026-01-05 18:42:00,Netflix,Food,"Lyon, FR"
TXN_004777,USER_006,13.39,2026-01-05 19:40:00,PayPal,Transport,"New York, US"
TXN_001070,USER_039,44.22,2026-01-05 19:47:00,Google Play,Travel,"Brussels, BE"
TXN_000217,USER_020,47.21,2026-01-05 19:50:00,Whole Foods,Travel,"Marseille, FR"
TXN_000609,USER_044,39.14,2026-01-05 20:43:00,Shell Gas,Food,"Lyon, FR"
TXN_003848,USER_029,11.48,2026-01-05 20:45:00,Steam,Entertainment,"New York, US"
TXN_000314,USER_019,2349.5847002603205,2026-01-06 01:02:00,Hertz,Entertainment,"Moscow, RU"
TXN_001241,USER_036,42.81,2026-01-06 01:12:00,Google Play,Entertainment,"Marseille, FR"
TXN_002228,USER_025,11.82,2026-01-06 01:43:00,CVS,Fuel,"New York, US"
TXN_004088,USER_030,34.6,2026-01-06 03:56:00,Whole Foods,Healthcare,"Madrid, ES"
TXN_003284,USER_015,11.3,2026-01-06 04:04:00,Spotify,Shopping,"New York, US"
TXN_000925,USER_014,12.6,2026-01-06 04:26:00,Hotels.com,Subscription,"Marseille, FR"
TXN_004042,USER_026,172.97,2026-01-06 04:36:00,Walmart,Healthcare,"New York, US"
TXN_004500,USER_020,3.3,2026-01-06 04:39:00,Hotels.com,Transport,"Madrid, ES"
TXN_003546,USER_016,289.78,2026-01-06 05:01:00,Netflix,Food,"Madrid, ES"
TXN_002189,USER_028,81.71,2026-01-06 05:15:00,CVS,Utilities,"Berlin, DE"
TXN_001678,USER_027,55.7,2026-01-06 05:53:00,Delta Airlines,Entertainment,"Marseille, FR"
TXN_004283,USER_040,19.97,2026-01-06 05:57:00,PayPal,Other,"Amsterdam, NL"
TXN_001655,USER_049,38.38,2026-01-06 06:30:00,Airbnb,Transport,"Berlin, DE"
TXN_001794,USER_010,13.21,2026-01-06 06:52:00,Steam,Other,"New York, US"
TXN_003836,USER_018,69.79,2026-01-06 06:56:00,PayPal,Utilities,"Marseille, FR"
TXN_001680,USER_036,17.77,2026-01-06 07:50:00,Amazon,Subscription,"Amsterdam, NL"
TXN_000654,USER_021,10.16,2026-01-06 08:05:00,Uber,Food,"New York, US"
TXN_003383,USER_023,93.16,2026-01-06 08:23:00,McDonalds,Shopping,"Lyon, FR"
TXN_FRAUD_3160_0,USER_023,389.0286283154374,2026-01-06 08:23:00,McDonalds,Shopping,"Lyon, FR"
TXN_FRAUD_3160_1,USER_023,250.69754933247418,2026-01-06 08:28:00,McDonalds,Shopping,"Lyon, FR"
TXN_FRAUD_3160_2,USER_023,349.0842305324793,2026-01-06 08:33:00,McDonalds,Shopping,"Lyon, FR"
TXN_001300,USER_035,174.88,2026-01-06 08:49:00,Walmart,Travel,"Paris, FR"
TXN_001378,USER_024,21.09,2026-01-06 09:22:00,McDonalds,Fuel,"London, UK"
TXN_000523,USER_028,7.59,2026-01-06 10:23:00,Hertz,Fuel,"Madrid, ES"
TXN_002627,USER_019,59.63,2026-01-06 10:58:00,McDonalds,Healthcare,"London, UK"
TXN_002219,USER_041,2.8,2026-01-06 11:30:00,BestBuy,Fuel,"Brussels, BE"
TXN_004572,USER_026,67.81,2026-01-06 11:48:00,Delta Airlines,Healthcare,"Madrid, ES"
TXN_000702,USER_011,70.48,2026-01-06 11:52:00,Walmart,Utilities,"Paris, FR"
TXN_003863,USER_014,67.43,2026-01-06 12:33:00,Hertz,Food,"Lagos, NG"
TXN_000833,USER_008,309.07,2026-01-06 13:17:00,Whole Foods,Fuel,"Lagos, NG"
TXN_003895,USER_001,19.77,2026-01-06 13:22:00,Apple Store,Food,"Madrid, ES"
TXN_000292,USER_030,17.48,2026-01-06 13:50:00,Walmart,Travel,"London, UK"
TXN_004598,USER_039,209.32,2026-01-06 14:23:00,Whole Foods,Other,"Amsterdam, NL"
TXN_001975,USER_039,24.18,2026-01-06 14:58:00,Delta Airlines,Entertainment,"Marseille, FR"
TXN_003716,USER_007,22.42,2026-01-06 15:13:00,Netflix,Food,"Rome, IT"
TXN_000558,USER_013,12.7,2026-01-06 15:25:00,PayPal,Healthcare,"Paris, FR"
TXN_003870,USER_018,0.6,2026-01-06 15:31:00,Starbucks,Utilities,"Madrid, ES"
TXN_000906,USER_009,42.13,2026-01-06 15:58:00,McDonalds,Other,"Amsterdam, NL"
TXN_FRAUD_3180_0,USER_018,396.3601770865215,2026-01-06 16:06:00,Hertz,Other,"Paris, FR"
TXN_004924,USER_018,5.06,2026-01-06 16:06:00,Hertz,Other,"Paris, FR"
TXN_FRAUD_3180_1,USER_018,138.33505299471645,2026-01-06 16:11:00,Hertz,Other,"Paris, FR"
TXN_004294,USER_004,240.64,2026-01-06 16:13:00,Hertz,Healthcare,"Marseille, FR"
TXN_FRAUD_3180_2,USER_018,415.3045360845403,2026-01-06 16:16:00,Hertz,Other,"Paris, FR"
TXN_002140,USER_041,9.01,2026-01-06 16:28:00,Whole Foods,Food,"Paris, FR"
TXN_000723,USER_049,65.51,2026-01-06 16:59:00,McDonalds,Entertainment,"New York, US"
TXN_003387,USER_043,275.69,2026-01-06 17:02:00,CVS,Transport,"Paris, FR"
TXN_004727,USER_014,27.86,2026-01-06 17:09:00,CVS,Food,"Amsterdam, NL"
TXN_002584,USER_039,6.83,2026-01-06 17:20:00,Google Play,Subscription,"Berlin, DE"
TXN_004345,USER_028,81.72,2026-01-06 17:24:00,Walmart,Fuel,"Rome, IT"
TXN_000869,USER_033,37.41,2026-01-06 18:19:00,Walmart,Utilities,"New York, US"
TXN_000251,USER_028,389.99,2026-01-06 18:44:00,Uber,Healthcare,"Berlin, DE"
TXN_002843,USER_043,13.7,2026-01-06 19:07:00,Hertz,Utilities,"Berlin, DE"
TXN_003067,USER_045,6.37,2026-01-06 19:39:00,Amazon,Shopping,"Amsterdam, NL"
TXN_000497,USER_033,88.35,2026-01-06 22:11:00,Walmart,Other,"Amsterdam, NL"
TXN_003281,USER_035,27.37,2026-01-06 23:50:00,Spotify,Travel,"Paris, FR"
TXN_000146,USER_045,313.06,2026-01-07 01:05:00,Spotify,Utilities,"New York, US"
TXN_001326,USER_049,1812.0096413548063,2026-01-07 01:50:00,BestBuy,Shopping,"Moscow, RU"
TXN_001746,USER_020,110.55,2026-01-07 02:03:00,Google Play,Travel,"Marseille, FR"
TXN_002525,USER_041,106.39,2026-01-07 02:19:00,McDonalds,Subscription,"Brussels, BE"
TXN_001548,USER_032,8.45,2026-01-07 03:19:00,BestBuy,Transport,"Lyon, FR"
TXN_001034,USER_013,84.39,2026-01-07 03:35:00,BestBuy,Fuel,"New York, US"
TXN_001526,USER_028,125.9,2026-01-07 03:40:00,Hotels.com,Food,"New York, US"
TXN_002564,USER_011,6.33,2026-01-07 03:48:00,Starbucks,Entertainment,"Marseille, FR"
TXN_004240,USER_036,6.66,2026-01-07 03:59:00,McDonalds,Shopping,"Berlin, DE"
TXN_004690,USER_027,6.75,2026-01-07 04:59:00,Netflix,Utilities,"Madrid, ES"
TXN_001163,USER_012,4.09,2026-01-07 05:35:00,Whole Foods,Travel,"Paris, FR"
TXN_004453,USER_033,12.7,2026-01-07 05:36:00,Netflix,Travel,"Berlin, DE"
TXN_001555,USER_006,5.98,2026-01-07 05:41:00,Hotels.com,Subscription,"London, UK"
TXN_000278,USER_002,221.06,2026-01-07 05:46:00,Target,Travel,"Amsterdam, NL"
TXN_002153,USER_050,17.4,2026-01-07 06:23:00,Steam,Food,"New York, US"
TXN_002726,USER_035,52.94,2026-01-07 06:29:00,Shell Gas,Other,"Berlin, DE"
TXN_000754,USER_023,32.52,2026-01-07 07:04:00,Shell Gas,Subscription,"London, UK"
TXN_001210,USER_007,49.31,2026-01-07 07:07:00,Airbnb,Subscription,"New York, US"
TXN_002499,USER_035,93.39,2026-01-07 07:09:00,BestBuy,Shopping,"Amsterdam, NL"
TXN_004654,USER_046,692.29,2026-01-07 08:30:00,McDonalds,Healthcare,"Paris, FR"
TXN_004220,USER_006,17.63,2026-01-07 08:33:00,McDonalds,Transport,"Marseille, FR"
TXN_000445,USER_010,93.81,2026-01-07 08:35:00,CVS,Travel,"Madrid, ES"
TXN_001078,USER_003,116.17,2026-01-07 09:10:00,Starbucks,Transport,"London, UK"
TXN_001577,USER_047,11.35,2026-01-07 09:36:00,Airbnb,Other,"London, UK"
TXN_000551,USER_022,11.57,2026-01-07 12:38:00,Shell Gas,Fuel,"Rome, IT"
TXN_002582,USER_044,16.66,2026-01-07 12:48:00,Hotels.com,Healthcare,"Madrid, ES"
TXN_000340,USER_005,790.2,2026-01-07 12:50:00,Spotify,Entertainment,"Paris, FR"
TXN_000009,USER_003,19.81,2026-01-07 13:22:00,BestBuy,Healthcare,"Lyon, FR"
TXN_003924,USER_004,165.42,2026-01-07 13:58:00,Shell Gas,Transport,"London, UK"
TXN_000120,USER_014,33.41,2026-01-07 14:08:00,Apple Store,Healthcare,"London, UK"
TXN_002588,USER_040,30.84,2026-01-07 14:15:00,Walmart,Subscription,"London, UK"
TXN_000626,USER_008,47.27,2026-01-07 14:27:00,CVS,Shopping,"London, UK"
TXN_002043,USER_012,91.34,2026-01-07 14:59:00,McDonalds,Entertainment,"Amsterdam, NL"
TXN_000575,USER_011,3.54,2026-01-07 15:24:00,Hotels.com,Fuel,"Brussels, BE"
TXN_002768,USER_014,51.34,2026-01-07 15:27:00,Netflix,Fuel,"Rome, IT"
TXN_003751,USER_033,79.55,2026-01-07 15:40:00,Hertz,Transport,"Lagos, NG"
TXN_001862,USER_039,27.48,2026-01-07 16:31:00,Starbucks,Utilities,"New York, US"
TXN_001279,USER_041,34.47,2026-01-07 16:47:00,Netflix,Healthcare,"Berlin, DE"
TXN_002172,USER_008,53.39,2026-01-07 16:47:00,CVS,Food,"Lyon, FR"
TXN_003905,USER_024,13.99,2026-01-07 17:42:00,Target,Other,"Rome, IT"
TXN_001138,USER_029,102.92,2026-01-07 18:40:00,Walmart,Entertainment,"Brussels, BE"
TXN_003233,USER_043,2.41,2026-01-07 19:39:00,Apple Store,Other,"Berlin, DE"
TXN_001222,USER_039,215.88,2026-01-07 23:08:00,Hertz,Food,"Rome, IT"
TXN_000137,USER_016,13.12,2026-01-08 00:24:00,CVS,Healthcare,"Berlin, DE"
TXN_004203,USER_005,7.39,2026-01-08 01:04:00,Shell Gas,Shopping,"London, UK"
TXN_004416,USER_029,4.07,2026-01-08 05:24:00,Walmart,Travel,"Berlin, DE"
TXN_000462,USER_020,14.93,2026-01-08 06:31:00,Hertz,Healthcare,"Brussels, BE"
TXN_004697,USER_009,25.92,2026-01-08 06:32:00,McDonalds,Subscription,"Marseille, FR"
TXN_002640,USER_016,10.44,2026-01-08 06:34:00,Target,Shopping,"Paris, FR"
TXN_000366,USER_024,39.89,2026-01-08 06:39:00,Hertz,Transport,"Amsterdam, NL"
TXN_000047,USER_018,25.67,2026-01-08 07:03:00,Target,Subscription,"Brussels, BE"
TXN_001355,USER_024,14.32,2026-01-08 07:27:00,Walmart,Travel,"Berlin, DE"
TXN_004576,USER_031,31.85,2026-01-08 07:41:00,Target,Transport,"Amsterdam, NL"
TXN_001196,USER_022,24.93,2026-01-08 07:44:00,Walmart,Food,"Brussels, BE"
TXN_003199,USER_018,15.6,2026-01-08 08:03:00,Airbnb,Transport,"Lyon, FR"
TXN_002934,USER_021,18.1,2026-01-08 08:03:00,Starbucks,Subscription,"Berlin, DE"
TXN_003845,USER_042,12.19,2026-01-08 08:09:00,Starbucks,Entertainment,"Lyon, FR"
TXN_000221,USER_008,29.07,2026-01-08 08:52:00,Starbucks,Entertainment,"Madrid, ES"
TXN_001437,USER_008,23.25,2026-01-08 08:55:00,Delta Airlines,Transport,"Rome, IT"
TXN_004892,USER_033,61.4,2026-01-08 09:33:00,Hotels.com,Subscription,"Amsterdam, NL"
TXN_003270,USER_032,310.76,2026-01-08 10:30:00,Steam,Travel,"Rome, IT"
TXN_004687,USER_029,2.08,2026-01-08 10:44:00,Amazon,Entertainment,"Lyon, FR"
TXN_001808,USER_032,344.25,2026-01-08 10:52:00,Target,Fuel,"New York, US"
TXN_000745,USER_024,5.25,2026-01-08 11:20:00,Steam,Food,"Paris, FR"
TXN_002122,USER_030,11.27,2026-01-08 11:29:00,Hertz,Subscription,"Lyon, FR"
TXN_000858,USER_022,21.03,2026-01-08 11:33:00,Starbucks,Shopping,"Marseille, FR"
TXN_000044,USER_027,115.7,2026-01-08 11:43:00,Walmart,Food,"Paris, FR"
TXN_004980,USER_009,61.39,2026-01-08 12:10:00,Hotels.com,Utilities,"Berlin, DE"
TXN_004776,USER_015,23.36,2026-01-08 12:59:00,Shell Gas,Utilities,"Madrid, ES"
TXN_004427,USER_014,17.13,2026-01-08 13:01:00,Steam,Food,"Berlin, DE"
TXN_000656,USER_029,53.31,2026-01-08 13:08:00,PayPal,Food,"Brussels, BE"
TXN_003064,USER_028,2.57,2026-01-08 14:14:00,McDonalds,Shopping,"Amsterdam, NL"
TXN_002377,USER_029,102.26,2026-01-08 14:49:00,Airbnb,Shopping,"Rome, IT"
TXN_000383,USER_031,43.89,2026-01-08 15:01:00,Apple Store,Other,"Marseille, FR"
TXN_001398,USER_036,62.91,2026-01-08 15:33:00,Whole Foods,Transport,"New York, US"
TXN_003454,USER_034,2330.131014054689,2026-01-08 15:34:00,BestBuy,Fuel,"Paris, FR"
TXN_001349,USER_030,33.75,2026-01-08 15:37:00,Starbucks,Healthcare,"Marseille, FR"
TXN_001322,USER_015,15.86,2026-01-08 15:37:00,Shell Gas,Utilities,"Paris, FR"
TXN_001217,USER_035,29.91,2026-01-08 16:13:00,Whole Foods,Healthcare,"New York, US"
TXN_001763,USER_029,26.94,2026-01-08 16:15:00,PayPal,Travel,"Rome, IT"
TXN_001762,USER_003,7.98,2026-01-08 16:20:00,CVS,Travel,"Madrid, ES"
TXN_004557,USER_004,12.56,2026-01-08 16:26:00,McDonalds,Entertainment,"Paris, FR"
TXN_003420,USER_028,95.57,2026-01-08 16:49:00,Walmart,Other,"Paris, FR"
TXN_004166,USER_011,6.16,2026-01-08 17:14:00,Shell Gas,Healthcare,"London, UK"
TXN_002282,USER_028,82.47,2026-01-08 17:14:00,PayPal,Subscription,"Paris, FR"
TXN_004004,USER_017,322.55,2026-01-08 17:17:00,Amazon,Other,"Marseille, FR"
TXN_000386,USER_016,10.75,2026-01-08 17:55:00,Netflix,Subscription,"New York, US"
TXN_004647,USER_050,274.24,2026-01-08 18:17:00,Starbucks,Shopping,"Berlin, DE"
TXN_001214,USER_031,16.49,2026-01-08 18:42:00,McDonalds,Utilities,"Berlin, DE"
TXN_001209,USER_049,35.08,2026-01-08 19:24:00,Starbucks,Food,"Rome, IT"
TXN_001573,USER_007,45.35,2026-01-08 19:30:00,Whole Foods,Utilities,"Berlin, DE"
TXN_002372,USER_025,63.79,2026-01-08 19:35:00,Uber,Transport,"Paris, FR"
TXN_004861,USER_011,105.02,2026-01-09 01:13:00,Steam,Transport,"Paris, FR"
TXN_002568,USER_007,22.69,2026-01-09 01:23:00,Steam,Entertainment,"Rome, IT"
TXN_000771,USER_005,7.93,2026-01-09 03:44:00,Shell Gas,Fuel,"Lyon, FR"
TXN_002852,USER_045,14.79,2026-01-09 03:56:00,Apple Store,Transport,"Lyon, FR"
TXN_004786,USER_005,69.97,2026-01-09 04:08:00,Apple Store,Food,"Brussels, BE"
TXN_004661,USER_026,6.25,2026-01-09 04:14:00,Starbucks,Travel,"Amsterdam, NL"
TXN_001891,USER_028,1862.1628132209019,2026-01-09 04:30:00,BestBuy,Healthcare,"Moscow, RU"
TXN_000042,USER_037,30.78,2026-01-09 05:03:00,Hotels.com,Healthcare,"New York, US"
TXN_001546,USER_003,13.28,2026-01-09 05:04:00,McDonalds,Subscription,"Madrid, ES"
TXN_004671,USER_004,18.99,2026-01-09 05:20:00,CVS,Subscription,"Rome, IT"
TXN_000195,USER_048,23.04,2026-01-09 05:33:00,Steam,Healthcare,"Marseille, FR"
TXN_003678,USER_027,34.95,2026-01-09 05:53:00,Shell Gas,Other,"Rome, IT"
TXN_004822,USER_025,97.34,2026-01-09 06:36:00,Shell Gas,Other,"Madrid, ES"
TXN_001588,USER_032,10.24,2026-01-09 06:49:00,Airbnb,Other,"Lagos, NG"
TXN_003809,USER_005,3.73,2026-01-09 06:53:00,PayPal,Shopping,"New York, US"
TXN_002251,USER_016,13.81,2026-01-09 06:55:00,Walmart,Shopping,"Amsterdam, NL"
TXN_003943,USER_010,4.68,2026-01-09 07:00:00,Spotify,Fuel,"Lyon, FR"
TXN_001462,USER_031,9.88,2026-01-09 07:23:00,McDonalds,Fuel,"Paris, FR"
TXN_001332,USER_005,148.01,2026-01-09 07:25:00,Hotels.com,Shopping,"Madrid, ES"
TXN_003833,USER_007,252.65,2026-01-09 07:25:00,Delta Airlines,Healthcare,"Rome, IT"
TXN_000487,USER_007,44.17,2026-01-09 07:36:00,Apple Store,Entertainment,"Berlin, DE"
TXN_002756,USER_031,58.3,2026-01-09 07:45:00,Netflix,Transport,"Berlin, DE"
TXN_002693,USER_017,21.03,2026-01-09 07:47:00,Spotify,Travel,"Marseille, FR"
TXN_000457,USER_005,3.25,2026-01-09 07:50:00,Spotify,Healthcare,"Marseille, FR"
TXN_000552,USER_023,34.65,2026-01-09 07:54:00,Airbnb,Subscription,"Berlin, DE"
TXN_004013,USER_045,608.96,2026-01-09 07:58:00,BestBuy,Healthcare,"Brussels, BE"
TXN_002481,USER_040,123.17,2026-01-09 08:21:00,Whole Foods,Entertainment,"Paris, FR"
TXN_004486,USER_030,10.52,2026-01-09 08:26:00,Apple Store,Shopping,"Paris, FR"
TXN_001505,USER_024,5.67,2026-01-09 08:33:00,Google Play,Utilities,"Paris, FR"
TXN_002928,USER_010,61.09,2026-01-09 08:54:00,Hertz,Subscription,"London, UK"
TXN_003503,USER_036,50.03,2026-01-09 08:57:00,Steam,Food,"Rome, IT"
TXN_001689,USER_039,8.36,2026-01-09 09:48:00,Amazon,Transport,"Madrid, ES"
TXN_FRAUD_3318_0,USER_045,470.0605760848439,2026-01-09 10:32:00,Starbucks,Entertainment,"Marseille, FR"
TXN_001316,USER_045,61.88,2026-01-09 10:32:00,Starbucks,Entertainment,"Marseille, FR"
TXN_FRAUD_3318_1,USER_045,210.39733105293075,2026-01-09 10:37:00,Starbucks,Entertainment,"Marseille, FR"
TXN_FRAUD_3318_2,USER_045,392.4860290853295,2026-01-09 10:42:00,Starbucks,Entertainment,"Marseille, FR"
TXN_001102,USER_029,42.7,2026-01-09 10:49:00,Apple Store,Entertainment,"Brussels, BE"
TXN_003427,USER_041,9.93,2026-01-09 10:51:00,PayPal,Entertainment,"New York, US"
TXN_004634,USER_025,11.85,2026-01-09 11:34:00,Google Play,Fuel,"Madrid, ES"
TXN_FRAUD_3322_0,USER_012,409.0060317640222,2026-01-09 11:45:00,CVS,Other,"Paris, FR"
TXN_000931,USER_012,18.21,2026-01-09 11:45:00,CVS,Other,"Paris, FR"
TXN_FRAUD_3322_1,USER_012,219.17962017480104,2026-01-09 11:50:00,CVS,Other,"Paris, FR"
TXN_FRAUD_3322_2,USER_012,277.0873738175535,2026-01-09 11:55:00,CVS,Other,"Paris, FR"
TXN_004364,USER_005,21.31,2026-01-09 12:03:00,Starbucks,Subscription,"Rome, IT"
TXN_001434,USER_046,102.39,2026-01-09 12:11:00,Whole Foods,Transport,"Rome, IT"
TXN_000428,USER_042,25.24,2026-01-09 12:18:00,Shell Gas,Utilities,"Berlin, DE"
TXN_004817,USER_026,19.48,2026-01-09 12:32:00,BestBuy,Fuel,"Marseille, FR"
TXN_002301,USER_013,249.94,2026-01-09 13:18:00,Spotify,Utilities,"Lyon, FR"
TXN_002019,USER_047,34.01,2026-01-09 13:36:00,Shell Gas,Fuel,"Marseille, FR"
TXN_003251,USER_001,12.97,2026-01-09 13:59:00,Walmart,Transport,"London, UK"
TXN_002751,USER_002,30.27,2026-01-09 14:50:00,Starbucks,Healthcare,"Paris, FR"
TXN_001532,USER_001,3954.202121192505,2026-01-09 14:56:00,Apple Store,Healthcare,"New York, US"
TXN_000079,USER_003,69.73,2026-01-09 15:02:00,Shell Gas,Subscription,"Berlin, DE"
TXN_000636,USER_003,4.61,2026-01-09 15:11:00,Steam,Transport,"Marseille, FR"
TXN_000677,USER_004,21.65,2026-01-09 15:21:00,Google Play,Other,"New York, US"
TXN_003379,USER_003,23.7,2026-01-09 15:32:00,Netflix,Fuel,"Marseille, FR"
TXN_000910,USER_025,38.14,2026-01-09 15:46:00,Airbnb,Shopping,"Paris, FR"
TXN_002316,USER_044,48.55,2026-01-09 17:08:00,Uber,Entertainment,"Lyon, FR"
TXN_000720,USER_044,33.05,2026-01-09 17:24:00,Uber,Subscription,"London, UK"
TXN_001535,USER_016,26.6,2026-01-09 17:46:00,Google Play,Other,"Amsterdam, NL"
TXN_000342,USER_035,67.24,2026-01-09 18:04:00,Walmart,Entertainment,"London, UK"
TXN_001504,USER_028,40.08,2026-01-09 18:31:00,Uber,Utilities,"Marseille, FR"
TXN_001848,USER_011,24.82,2026-01-09 19:16:00,PayPal,Fuel,"Amsterdam, NL"
TXN_002336,USER_038,41.22,2026-01-09 19:47:00,Netflix,Shopping,"Paris, FR"
TXN_001424,USER_002,90.55,2026-01-09 23:36:00,PayPal,Shopping,"New York, US"
TXN_003930,USER_001,719.66,2026-01-10 00:52:00,Walmart,Travel,"Brussels, BE"
TXN_004922,USER_034,2220.6348959173547,2026-01-10 01:00:00,Shell Gas,Subscription,"Moscow, RU"
TXN_000417,USER_040,68.65,2026-01-10 01:00:00,Uber,Utilities,"Brussels, BE"
TXN_004472,USER_040,1541.7859624926168,2026-01-10 01:33:00,CVS,Utilities,"Beijing, CN"
TXN_003702,USER_011,27.92,2026-01-10 02:02:00,Hertz,Subscription,"London, UK"
TXN_001932,USER_025,2768.2836648767848,2026-01-10 02:29:00,PayPal,Utilities,"Amsterdam, NL"
TXN_000945,USER_036,113.8,2026-01-10 03:04:00,Spotify,Other,"Berlin, DE"
TXN_002345,USER_036,27.34,2026-01-10 03:51:00,Steam,Healthcare,"Lagos, NG"
TXN_002648,USER_016,377.39,2026-01-10 04:01:00,Netflix,Food,"Berlin, DE"
TXN_004579,USER_037,2836.0375485041095,2026-01-10 04:07:00,Starbucks,Transport,"Beijing, CN"
TXN_000135,USER_050,1831.060810660235,2026-01-10 04:17:00,PayPal,Other,"Beijing, CN"
TXN_000187,USER_027,19.69,2026-01-10 04:18:00,Uber,Subscription,"Lagos, NG"
TXN_003217,USER_003,2.17,2026-01-10 04:52:00,Google Play,Travel,"New York, US"
TXN_003012,USER_040,27.62,2026-01-10 05:23:00,Starbucks,Utilities,"Berlin, DE"
TXN_003307,USER_041,4.56,2026-01-10 05:37:00,Whole Foods,Food,"New York, US"
TXN_002221,USER_050,17.7,2026-01-10 06:02:00,Target,Utilities,"London, UK"
TXN_003417,USER_035,13.27,2026-01-10 06:06:00,Hotels.com,Fuel,"Lyon, FR"
TXN_002080,USER_005,74.85,2026-01-10 06:41:00,CVS,Transport,"Paris, FR"
TXN_001129,USER_045,49.52,2026-01-10 06:56:00,Delta Airlines,Other,"Rome, IT"
TXN_001405,USER_038,27.79,2026-01-10 07:24:00,PayPal,Utilities,"Rome, IT"
TXN_002416,USER_049,214.49,2026-01-10 07:32:00,Starbucks,Transport,"Amsterdam, NL"
TXN_FRAUD_3361_0,USER_049,127.58902773258151,2026-01-10 07:32:00,Starbucks,Transport,"Amsterdam, NL"
TXN_001726,USER_027,18.74,2026-01-10 07:34:00,CVS,Subscription,"Marseille, FR"
TXN_FRAUD_3361_1,USER_049,238.78379054912563,2026-01-10 07:37:00,Starbucks,Transport,"Amsterdam, NL"
TXN_FRAUD_3361_2,USER_049,395.54646090951405,2026-01-10 07:42:00,Starbucks,Transport,"Amsterdam, NL"
TXN_FRAUD_3365_0,USER_048,496.0130547072189,2026-01-10 08:11:00,Hotels.com,Utilities,"Rome, IT"
TXN_002984,USER_048,22.95,2026-01-10 08:11:00,Hotels.com,Utilities,"Rome, IT"
TXN_FRAUD_3365_1,USER_048,322.0954694411938,2026-01-10 08:16:00,Hotels.com,Utilities,"Rome, IT"
TXN_002486,USER_046,70.53,2026-01-10 08:20:00,Hertz,Food,"Lyon, FR"
TXN_FRAUD_3365_2,USER_048,143.8063508562592,2026-01-10 08:21:00,Hotels.com,Utilities,"Rome, IT"
TXN_002341,USER_036,12.77,2026-01-10 08:56:00,Netflix,Shopping,"Lyon, FR"
TXN_003266,USER_016,277.23,2026-01-10 09:15:00,PayPal,Food,"Brussels, BE"
TXN_001712,USER_002,184.08,2026-01-10 09:15:00,Amazon,Other,"Berlin, DE"
TXN_002103,USER_025,99.88,2026-01-10 09:25:00,Walmart,Utilities,"Marseille, FR"
TXN_002179,USER_023,17.03,2026-01-10 09:27:00,CVS,Fuel,"Paris, FR"
TXN_004729,USER_007,129.86,2026-01-10 10:11:00,Uber,Healthcare,"Marseille, FR"
TXN_002311,USER_042,1.96,2026-01-10 10:12:00,Hotels.com,Other,"Marseille, FR"
TXN_004824,USER_033,90.58,2026-01-10 10:13:00,Amazon,Travel,"Berlin, DE"
TXN_002661,USER_034,35.18,2026-01-10 10:59:00,Hotels.com,Healthcare,"Paris, FR"
TXN_FRAUD_3376_0,USER_021,205.36300851318975,2026-01-10 11:10:00,Hertz,Utilities,"London, UK"
TXN_000419,USER_021,4.36,2026-01-10 11:10:00,Hertz,Utilities,"London, UK"
TXN_FRAUD_3376_1,USER_021,224.4718532790079,2026-01-10 11:15:00,Hertz,Utilities,"London, UK"
TXN_FRAUD_3376_2,USER_021,492.74223598569876,2026-01-10 11:20:00,Hertz,Utilities,"London, UK"
TXN_FRAUD_3378_0,USER_008,385.39322795651316,2026-01-10 11:30:00,CVS,Utilities,"Lyon, FR"
TXN_001895,USER_008,123.25,2026-01-10 11:30:00,Hertz,Entertainment,"New York, US"
TXN_003300,USER_008,48.21,2026-01-10 11:30:00,CVS,Utilities,"Lyon, FR"
TXN_FRAUD_3378_1,USER_008,297.9584612364863,2026-01-10 11:35:00,CVS,Utilities,"Lyon, FR"
TXN_FRAUD_3378_2,USER_008,350.8805086331148,2026-01-10 11:40:00,CVS,Utilities,"Lyon, FR"
TXN_002066,USER_029,116.45,2026-01-10 11:40:00,Target,Food,"Amsterdam, NL"
TXN_003106,USER_013,31.71,2026-01-10 12:19:00,Uber,Shopping,"Madrid, ES"
TXN_003869,USER_021,18.27,2026-01-10 12:25:00,Starbucks,Subscription,"Lagos, NG"
TXN_003557,USER_030,3.78,2026-01-10 13:32:00,Walmart,Healthcare,"Rome, IT"
TXN_001853,USER_039,352.5,2026-01-10 13:52:00,Apple Store,Transport,"Rome, IT"
TXN_001372,USER_015,2.88,2026-01-10 14:11:00,Spotify,Shopping,"Marseille, FR"
TXN_002523,USER_042,114.51,2026-01-10 14:13:00,Walmart,Utilities,"London, UK"
TXN_000415,USER_043,4600.326231466881,2026-01-10 14:21:00,Steam,Travel,"Marseille, FR"
TXN_003603,USER_008,69.44,2026-01-10 14:26:00,Hotels.com,Transport,"Paris, FR"
TXN_000915,USER_032,26.06,2026-01-10 14:44:00,CVS,Shopping,"Brussels, BE"
TXN_000835,USER_038,15.65,2026-01-10 14:47:00,Delta Airlines,Transport,"Amsterdam, NL"
TXN_004019,USER_011,39.25,2026-01-10 14:58:00,Amazon,Shopping,"Marseille, FR"
TXN_004389,USER_044,47.31,2026-01-10 15:00:00,Spotify,Utilities,"Madrid, ES"
TXN_004816,USER_026,117.13,2026-01-10 15:29:00,Airbnb,Entertainment,"Paris, FR"
TXN_002052,USER_009,52.11,2026-01-10 15:36:00,Whole Foods,Subscription,"Marseille, FR"
TXN_004627,USER_001,47.82,2026-01-10 15:47:00,Amazon,Entertainment,"New York, US"
TXN_002098,USER_037,17.8,2026-01-10 15:50:00,Walmart,Travel,"Lyon, FR"
TXN_001291,USER_045,14.08,2026-01-10 15:55:00,Whole Foods,Fuel,"Lagos, NG"
TXN_001847,USER_018,23.21,2026-01-10 16:53:00,Google Play,Healthcare,"Madrid, ES"
TXN_001037,USER_017,10.41,2026-01-10 17:28:00,Spotify,Entertainment,"Berlin, DE"
TXN_003796,USER_049,78.03,2026-01-10 17:45:00,Target,Fuel,"Marseille, FR"
TXN_004305,USER_026,66.2,2026-01-10 19:19:00,Steam,Food,"Paris, FR"
TXN_004914,USER_022,133.49,2026-01-10 19:57:00,Spotify,Shopping,"London, UK"
TXN_004455,USER_009,57.46,2026-01-10 23:55:00,Airbnb,Utilities,"New York, US"
TXN_004123,USER_044,42.69,2026-01-11 01:05:00,BestBuy,Entertainment,"Paris, FR"
TXN_001644,USER_009,76.62,2026-01-11 03:33:00,Airbnb,Transport,"Brussels, BE"
TXN_004514,USER_003,33.28,2026-01-11 04:06:00,CVS,Other,"Marseille, FR"
TXN_001044,USER_009,19.02,2026-01-11 05:02:00,Apple Store,Fuel,"Berlin, DE"
TXN_004435,USER_038,35.58,2026-01-11 05:24:00,McDonalds,Travel,"Berlin, DE"
TXN_001935,USER_034,4.64,2026-01-11 05:52:00,Delta Airlines,Other,"Brussels, BE"
TXN_002620,USER_036,45.83,2026-01-11 06:03:00,Steam,Fuel,"Marseille, FR"
TXN_003096,USER_003,38.18,2026-01-11 06:36:00,Target,Subscription,"London, UK"
TXN_003631,USER_046,35.13,2026-01-11 06:57:00,Hotels.com,Entertainment,"Madrid, ES"
TXN_001389,USER_013,8.38,2026-01-11 08:08:00,CVS,Other,"Brussels, BE"
TXN_003745,USER_004,30.06,2026-01-11 08:18:00,Whole Foods,Utilities,"New York, US"
TXN_000690,USER_041,14.1,2026-01-11 08:29:00,Apple Store,Transport,"Brussels, BE"
TXN_003273,USER_006,11.38,2026-01-11 08:44:00,Apple Store,Transport,"Paris, FR"
TXN_001254,USER_019,77.6,2026-01-11 08:53:00,Starbucks,Fuel,"Lyon, FR"
TXN_000908,USER_015,63.06,2026-01-11 09:02:00,Target,Utilities,"Berlin, DE"
TXN_004230,USER_016,13.67,2026-01-11 09:03:00,Shell Gas,Subscription,"Amsterdam, NL"
TXN_000183,USER_045,22.85,2026-01-11 09:55:00,Amazon,Other,"New York, US"
TXN_001870,USER_011,18.3,2026-01-11 10:48:00,BestBuy,Food,"Madrid, ES"
TXN_000041,USER_043,20.52,2026-01-11 11:01:00,Hertz,Transport,"Amsterdam, NL"
TXN_003599,USER_042,97.83,2026-01-11 11:21:00,Netflix,Healthcare,"Brussels, BE"
TXN_002917,USER_044,161.56,2026-01-11 11:27:00,Netflix,Travel,"Rome, IT"
TXN_001985,USER_028,66.37,2026-01-11 12:00:00,Target,Fuel,"Brussels, BE"
TXN_002125,USER_039,2750.5119047054636,2026-01-11 12:01:00,Hotels.com,Food,"London, UK"
TXN_002817,USER_046,11.61,2026-01-11 12:10:00,Apple Store,Subscription,"Berlin, DE"
TXN_002994,USER_013,50.71,2026-01-11 12:26:00,Hotels.com,Healthcare,"Madrid, ES"
TXN_001061,USER_042,104.97,2026-01-11 12:47:00,Target,Subscription,"Paris, FR"
TXN_004438,USER_031,32.99,2026-01-11 12:59:00,Airbnb,Shopping,"Marseille, FR"
TXN_004963,USER_027,64.69,2026-01-11 13:39:00,Steam,Healthcare,"Marseille, FR"
TXN_004936,USER_042,23.62,2026-01-11 13:40:00,Hotels.com,Shopping,"Paris, FR"
TXN_001314,USER_002,27.54,2026-01-11 13:53:00,Amazon,Shopping,"Marseille, FR"
TXN_000569,USER_011,1162.13,2026-01-11 14:06:00,Starbucks,Transport,"Berlin, DE"
TXN_001110,USER_021,33.24,2026-01-11 15:43:00,CVS,Fuel,"Lyon, FR"
TXN_001593,USER_044,27.93,2026-01-11 16:02:00,Walmart,Fuel,"Paris, FR"
TXN_001093,USER_013,11.32,2026-01-11 16:13:00,Whole Foods,Entertainment,"Brussels, BE"
TXN_001449,USER_026,176.96,2026-01-11 16:20:00,Netflix,Transport,"Rome, IT"
TXN_000492,USER_049,208.1,2026-01-11 16:34:00,Hotels.com,Subscription,"Marseille, FR"
TXN_001544,USER_021,19.0,2026-01-11 16:36:00,Starbucks,Fuel,"Rome, IT"
TXN_001753,USER_038,16.3,2026-01-11 17:01:00,Target,Subscription,"Amsterdam, NL"
TXN_004370,USER_021,2782.1430943164737,2026-01-11 17:11:00,CVS,Food,"Rome, IT"
TXN_002995,USER_011,12.24,2026-01-11 17:30:00,Walmart,Travel,"Lyon, FR"
TXN_000033,USER_047,5.42,2026-01-11 17:40:00,Target,Fuel,"Marseille, FR"
TXN_003723,USER_018,23.74,2026-01-11 19:07:00,Shell Gas,Healthcare,"Marseille, FR"
TXN_001564,USER_013,39.02,2026-01-11 20:16:00,Steam,Subscription,"London, UK"
TXN_002714,USER_026,22.91,2026-01-11 20:39:00,Walmart,Fuel,"Paris, FR"
TXN_000191,USER_043,4541.734230072613,2026-01-11 20:43:00,Starbucks,Subscription,"Brussels, BE"
TXN_000740,USER_027,30.72,2026-01-11 21:36:00,Delta Airlines,Travel,"Paris, FR"
TXN_004487,USER_007,24.23,2026-01-11 23:03:00,Starbucks,Travel,"Amsterdam, NL"
TXN_004138,USER_042,0.87,2026-01-11 23:54:00,Starbucks,Food,"Marseille, FR"
TXN_003433,USER_031,162.9,2026-01-12 00:44:00,Uber,Fuel,"New York, US"
TXN_004918,USER_032,1726.1018190288196,2026-01-12 03:00:00,McDonalds,Food,"Moscow, RU"
TXN_000019,USER_042,2844.3561509989718,2026-01-12 03:13:00,Airbnb,Transport,"Beijing, CN"
TXN_003771,USER_003,2896.8303526707614,2026-01-12 03:45:00,Hertz,Entertainment,"Beijing, CN"
TXN_003476,USER_016,64.9,2026-01-12 03:47:00,Steam,Healthcare,"Madrid, ES"
TXN_000365,USER_016,28.85,2026-01-12 05:49:00,Google Play,Fuel,"Amsterdam, NL"
TXN_002342,USER_003,39.62,2026-01-12 06:20:00,Uber,Travel,"Madrid, ES"
TXN_000138,USER_002,243.12,2026-01-12 06:42:00,Apple Store,Transport,"Rome, IT"
TXN_001547,USER_008,171.25,2026-01-12 06:50:00,Airbnb,Travel,"Brussels, BE"
TXN_002482,USER_050,4.26,2026-01-12 07:04:00,PayPal,Utilities,"Berlin, DE"
TXN_001155,USER_032,106.18,2026-01-12 07:22:00,Amazon,Other,"Rome, IT"
TXN_001307,USER_008,148.37,2026-01-12 08:26:00,CVS,Entertainment,"Lyon, FR"
TXN_002362,USER_002,170.63,2026-01-12 08:41:00,Walmart,Utilities,"London, UK"
TXN_003970,USER_003,69.66,2026-01-12 08:54:00,Airbnb,Entertainment,"Marseille, FR"
TXN_000390,USER_030,12.43,2026-01-12 09:44:00,Spotify,Subscription,"Paris, FR"
TXN_002331,USER_008,2555.0584560395246,2026-01-12 10:02:00,Walmart,Other,"Brussels, BE"
TXN_002302,USER_038,109.95,2026-01-12 10:11:00,Netflix,Healthcare,"Madrid, ES"
TXN_001319,USER_046,6.73,2026-01-12 10:27:00,Target,Utilities,"Berlin, DE"
TXN_000976,USER_021,833.01,2026-01-12 10:45:00,Whole Foods,Utilities,"Rome, IT"
TXN_FRAUD_3471_0,USER_021,199.0068865932983,2026-01-12 10:45:00,Whole Foods,Utilities,"Rome, IT"
TXN_FRAUD_3471_1,USER_021,400.1416786128791,2026-01-12 10:50:00,Whole Foods,Utilities,"Rome, IT"
TXN_FRAUD_3471_2,USER_021,354.66295978433175,2026-01-12 10:55:00,Whole Foods,Utilities,"Rome, IT"
TXN_002381,USER_017,9.9,2026-01-12 10:56:00,Uber,Transport,"Marseille, FR"
TXN_002664,USER_023,12.41,2026-01-12 11:17:00,Whole Foods,Shopping,"Brussels, BE"
TXN_003834,USER_046,34.36,2026-01-12 11:23:00,Starbucks,Entertainment,"Lyon, FR"
TXN_003238,USER_020,11.87,2026-01-12 11:34:00,Steam,Shopping,"Amsterdam, NL"
TXN_004563,USER_001,37.31,2026-01-12 11:35:00,PayPal,Healthcare,"Berlin, DE"
TXN_003308,USER_043,9.5,2026-01-12 12:23:00,Airbnb,Healthcare,"Berlin, DE"
TXN_002838,USER_029,36.69,2026-01-12 12:25:00,PayPal,Food,"Marseille, FR"
TXN_001042,USER_011,8.0,2026-01-12 12:53:00,CVS,Travel,"Paris, FR"
TXN_FRAUD_3479_0,USER_011,102.28834750309166,2026-01-12 12:53:00,CVS,Travel,"Paris, FR"
TXN_FRAUD_3479_1,USER_011,120.92124636892919,2026-01-12 12:58:00,CVS,Travel,"Paris, FR"
TXN_004459,USER_033,68.9,2026-01-12 13:01:00,Hertz,Subscription,"Rome, IT"
TXN_FRAUD_3479_2,USER_011,309.5099581671084,2026-01-12 13:03:00,CVS,Travel,"Paris, FR"
TXN_001642,USER_038,88.16,2026-01-12 13:28:00,PayPal,Subscription,"Lagos, NG"
TXN_001994,USER_036,3.66,2026-01-12 13:39:00,Starbucks,Travel,"Madrid, ES"
TXN_003958,USER_003,13.12,2026-01-12 14:28:00,Spotify,Shopping,"Amsterdam, NL"
TXN_002485,USER_035,9.31,2026-01-12 15:08:00,Uber,Travel,"Rome, IT"
TXN_004239,USER_010,24.54,2026-01-12 15:12:00,Netflix,Entertainment,"New York, US"
TXN_000572,USER_042,65.18,2026-01-12 15:14:00,Hotels.com,Healthcare,"Rome, IT"
TXN_002202,USER_004,24.49,2026-01-12 15:19:00,Walmart,Utilities,"Madrid, ES"
TXN_002749,USER_002,8.45,2026-01-12 16:01:00,Spotify,Healthcare,"Berlin, DE"
TXN_001447,USER_028,45.71,2026-01-12 16:05:00,Whole Foods,Other,"London, UK"
TXN_001603,USER_027,135.1,2026-01-12 16:07:00,Uber,Entertainment,"Brussels, BE"
TXN_000170,USER_035,19.54,2026-01-12 16:16:00,Target,Other,"Paris, FR"
TXN_000633,USER_004,155.67,2026-01-12 16:42:00,Whole Foods,Transport,"Berlin, DE"
TXN_000330,USER_008,53.65,2026-01-12 17:26:00,Hertz,Shopping,"Brussels, BE"
TXN_002266,USER_001,183.44,2026-01-12 17:47:00,Starbucks,Subscription,"Marseille, FR"
TXN_000799,USER_043,90.48,2026-01-12 17:57:00,Target,Fuel,"Lyon, FR"
TXN_002971,USER_046,10.16,2026-01-12 18:26:00,McDonalds,Subscription,"London, UK"
TXN_003250,USER_028,49.12,2026-01-12 18:45:00,Target,Transport,"Paris, FR"
TXN_003111,USER_029,373.04,2026-01-12 19:11:00,PayPal,Shopping,"Brussels, BE"
TXN_004530,USER_044,376.1,2026-01-12 20:00:00,Airbnb,Other,"Brussels, BE"
TXN_001345,USER_029,11.74,2026-01-12 20:03:00,Target,Fuel,"Paris, FR"
TXN_FRAUD_3501_0,USER_029,376.01742250352055,2026-01-12 20:03:00,Target,Fuel,"Paris, FR"
TXN_FRAUD_3501_1,USER_029,150.7350918552254,2026-01-12 20:08:00,Target,Fuel,"Paris, FR"
TXN_003579,USER_035,196.13,2026-01-12 20:12:00,Hertz,Transport,"Lagos, NG"
TXN_FRAUD_3501_2,USER_029,255.60160892480295,2026-01-12 20:13:00,Target,Fuel,"Paris, FR"
TXN_001484,USER_037,23.32,2026-01-12 21:01:00,Airbnb,Utilities,"Brussels, BE"
TXN_004857,USER_034,51.72,2026-01-13 00:30:00,Whole Foods,Travel,"Amsterdam, NL"
TXN_001605,USER_012,16.13,2026-01-13 00:50:00,Target,Travel,"Madrid, ES"
TXN_004618,USER_030,80.1,2026-01-13 00:50:00,Amazon,Transport,"London, UK"
TXN_000434,USER_009,38.89,2026-01-13 01:17:00,Netflix,Entertainment,"Lyon, FR"
TXN_001087,USER_021,2267.998241968994,2026-01-13 02:32:00,Uber,Transport,"Beijing, CN"
TXN_001804,USER_014,2289.533247888205,2026-01-13 02:50:00,Airbnb,Shopping,"Moscow, RU"
TXN_001766,USER_019,11.73,2026-01-13 03:20:00,Hertz,Food,"London, UK"
TXN_001893,USER_046,140.19,2026-01-13 03:50:00,Starbucks,Subscription,"Lyon, FR"
TXN_000879,USER_023,19.84,2026-01-13 04:54:00,Spotify,Utilities,"Amsterdam, NL"
TXN_004643,USER_032,19.79,2026-01-13 04:54:00,Apple Store,Travel,"London, UK"
TXN_002559,USER_015,79.09,2026-01-13 04:54:00,PayPal,Healthcare,"London, UK"
TXN_001873,USER_012,25.64,2026-01-13 04:55:00,Airbnb,Other,"New York, US"
TXN_002452,USER_018,161.62,2026-01-13 05:01:00,PayPal,Shopping,"Brussels, BE"
TXN_004245,USER_020,7.45,2026-01-13 05:41:00,Delta Airlines,Subscription,"Brussels, BE"
TXN_003755,USER_039,30.25,2026-01-13 05:44:00,Whole Foods,Subscription,"Marseille, FR"
TXN_001844,USER_016,186.3,2026-01-13 05:53:00,PayPal,Subscription,"London, UK"
TXN_003015,USER_034,21.63,2026-01-13 06:06:00,Uber,Healthcare,"Madrid, ES"
TXN_004742,USER_006,73.05,2026-01-13 06:22:00,Uber,Utilities,"Berlin, DE"
TXN_000932,USER_035,108.99,2026-01-13 06:36:00,BestBuy,Food,"Rome, IT"
TXN_004792,USER_013,4.98,2026-01-13 06:40:00,Steam,Other,"London, UK"
TXN_003115,USER_026,18.66,2026-01-13 06:46:00,Uber,Transport,"Lyon, FR"
TXN_003804,USER_020,17.16,2026-01-13 07:12:00,Whole Foods,Utilities,"Lyon, FR"
TXN_002666,USER_022,134.31,2026-01-13 07:52:00,Netflix,Fuel,"Brussels, BE"
TXN_004649,USER_004,78.91,2026-01-13 08:17:00,BestBuy,Travel,"Madrid, ES"
TXN_002977,USER_027,144.11,2026-01-13 08:28:00,Spotify,Entertainment,"Madrid, ES"
TXN_002102,USER_007,6.75,2026-01-13 08:39:00,Starbucks,Shopping,"Amsterdam, NL"
TXN_001699,USER_037,18.95,2026-01-13 09:19:00,McDonalds,Fuel,"New York, US"
TXN_000296,USER_031,9.95,2026-01-13 09:57:00,Walmart,Subscription,"Lyon, FR"
TXN_001633,USER_041,12.38,2026-01-13 10:10:00,BestBuy,Shopping,"Lyon, FR"
TXN_004084,USER_028,8.67,2026-01-13 11:39:00,Airbnb,Utilities,"London, UK"
TXN_000837,USER_021,126.35,2026-01-13 11:44:00,Steam,Healthcare,"Amsterdam, NL"
TXN_003951,USER_035,107.86,2026-01-13 12:00:00,Hertz,Utilities,"Marseille, FR"
TXN_003821,USER_013,18.51,2026-01-13 12:39:00,CVS,Shopping,"Madrid, ES"
TXN_002906,USER_019,27.48,2026-01-13 12:52:00,Uber,Transport,"New York, US"
TXN_003218,USER_020,25.76,2026-01-13 13:58:00,Amazon,Food,"Marseille, FR"
TXN_000675,USER_037,476.87,2026-01-13 14:08:00,Steam,Utilities,"Marseille, FR"
TXN_002548,USER_045,12.04,2026-01-13 14:23:00,Netflix,Food,"Brussels, BE"
TXN_003783,USER_045,258.19,2026-01-13 15:02:00,CVS,Shopping,"Madrid, ES"
TXN_FRAUD_3542_0,USER_011,241.725294859758,2026-01-13 15:09:00,Netflix,Subscription,"Brussels, BE"
TXN_002435,USER_011,18.17,2026-01-13 15:09:00,Netflix,Subscription,"Brussels, BE"
TXN_003960,USER_050,34.26,2026-01-13 15:12:00,BestBuy,Other,"Paris, FR"
TXN_FRAUD_3542_1,USER_011,278.4364223875692,2026-01-13 15:14:00,Netflix,Subscription,"Brussels, BE"
TXN_002296,USER_002,419.93,2026-01-13 15:16:00,Steam,Shopping,"Lyon, FR"
TXN_FRAUD_3542_2,USER_011,420.14640118729585,2026-01-13 15:19:00,Netflix,Subscription,"Brussels, BE"
TXN_003976,USER_003,11.02,2026-01-13 15:27:00,Spotify,Food,"Lyon, FR"
TXN_000413,USER_027,65.94,2026-01-13 15:37:00,CVS,Subscription,"Paris, FR"
TXN_002144,USER_020,246.83,2026-01-13 15:40:00,BestBuy,Subscription,"Rome, IT"
TXN_000787,USER_038,189.95,2026-01-13 15:58:00,BestBuy,Travel,"Paris, FR"
TXN_004419,USER_048,6.68,2026-01-13 16:22:00,Amazon,Subscription,"Paris, FR"
TXN_001911,USER_020,151.87,2026-01-13 16:32:00,BestBuy,Utilities,"Amsterdam, NL"
TXN_003668,USER_033,8.95,2026-01-13 16:43:00,Whole Foods,Subscription,"Berlin, DE"
TXN_000979,USER_003,414.16,2026-01-13 17:10:00,Steam,Transport,"Rome, IT"
TXN_003299,USER_008,1.65,2026-01-13 17:37:00,Hertz,Subscription,"Brussels, BE"
TXN_000900,USER_002,13.69,2026-01-13 18:28:00,Amazon,Other,"Amsterdam, NL"
TXN_003831,USER_024,17.88,2026-01-13 18:40:00,Netflix,Fuel,"Brussels, BE"
TXN_001243,USER_046,5.22,2026-01-13 19:05:00,PayPal,Fuel,"Amsterdam, NL"
TXN_002574,USER_022,34.02,2026-01-13 19:40:00,Amazon,Other,"Amsterdam, NL"
TXN_004948,USER_002,74.54,2026-01-13 19:46:00,Delta Airlines,Shopping,"Madrid, ES"
TXN_000922,USER_041,24.38,2026-01-13 22:50:00,Whole Foods,Transport,"Paris, FR"
TXN_000082,USER_042,1567.7360833476016,2026-01-14 01:13:00,Hertz,Travel,"Beijing, CN"
TXN_003403,USER_004,1584.9210288663755,2026-01-14 03:42:00,CVS,Fuel,"Beijing, CN"
TXN_000085,USER_039,5.88,2026-01-14 03:55:00,Steam,Other,"New York, US"
TXN_001436,USER_014,16.92,2026-01-14 04:02:00,PayPal,Food,"Berlin, DE"
TXN_002882,USER_012,4.03,2026-01-14 04:11:00,Walmart,Entertainment,"Lyon, FR"
TXN_002684,USER_021,54.48,2026-01-14 04:18:00,Hotels.com,Transport,"Marseille, FR"
TXN_000405,USER_033,231.51,2026-01-14 05:22:00,Hotels.com,Other,"London, UK"
TXN_002393,USER_021,16.78,2026-01-14 05:33:00,Delta Airlines,Other,"Lagos, NG"
TXN_002599,USER_025,11.11,2026-01-14 05:34:00,Target,Travel,"London, UK"
TXN_001572,USER_003,50.1,2026-01-14 05:54:00,Delta Airlines,Healthcare,"Madrid, ES"
TXN_002739,USER_017,12.5,2026-01-14 05:55:00,Airbnb,Shopping,"Paris, FR"
TXN_004820,USER_050,23.21,2026-01-14 06:16:00,Delta Airlines,Fuel,"Madrid, ES"
TXN_001971,USER_044,140.56,2026-01-14 06:47:00,Starbucks,Subscription,"Rome, IT"
TXN_004849,USER_042,91.65,2026-01-14 06:53:00,Apple Store,Shopping,"New York, US"
TXN_002799,USER_041,35.46,2026-01-14 07:09:00,PayPal,Utilities,"Berlin, DE"
TXN_003007,USER_021,27.43,2026-01-14 07:44:00,BestBuy,Healthcare,"Marseille, FR"
TXN_003127,USER_031,133.28,2026-01-14 07:52:00,Whole Foods,Transport,"New York, US"
TXN_000977,USER_012,194.2,2026-01-14 08:05:00,Steam,Entertainment,"Amsterdam, NL"
TXN_003121,USER_004,20.94,2026-01-14 08:38:00,Amazon,Food,"Brussels, BE"
TXN_001550,USER_048,49.33,2026-01-14 08:40:00,Netflix,Other,"Amsterdam, NL"
TXN_003224,USER_049,45.11,2026-01-14 08:50:00,Hertz,Other,"Brussels, BE"
TXN_000870,USER_021,8.52,2026-01-14 08:53:00,BestBuy,Transport,"Brussels, BE"
TXN_003548,USER_043,70.01,2026-01-14 08:58:00,McDonalds,Food,"Paris, FR"
TXN_003760,USER_034,35.74,2026-01-14 09:35:00,Uber,Other,"Rome, IT"
TXN_003132,USER_040,22.41,2026-01-14 09:44:00,PayPal,Transport,"New York, US"
TXN_002471,USER_028,48.09,2026-01-14 10:35:00,Amazon,Utilities,"London, UK"
TXN_002235,USER_028,13.3,2026-01-14 11:09:00,Walmart,Subscription,"London, UK"
TXN_000635,USER_015,7.14,2026-01-14 11:48:00,Walmart,Shopping,"New York, US"
TXN_000660,USER_026,64.15,2026-01-14 11:51:00,Spotify,Utilities,"Marseille, FR"
TXN_002192,USER_003,13.95,2026-01-14 13:04:00,Whole Foods,Healthcare,"London, UK"
TXN_002428,USER_036,46.59,2026-01-14 14:36:00,McDonalds,Shopping,"Amsterdam, NL"
TXN_001981,USER_042,35.77,2026-01-14 15:40:00,Walmart,Subscription,"Amsterdam, NL"
TXN_004447,USER_009,13.81,2026-01-14 15:43:00,BestBuy,Utilities,"London, UK"
TXN_002000,USER_010,136.88,2026-01-14 15:59:00,Uber,Utilities,"Lyon, FR"
TXN_000364,USER_024,39.61,2026-01-14 16:02:00,BestBuy,Entertainment,"Marseille, FR"
TXN_002645,USER_026,0.8,2026-01-14 16:28:00,Airbnb,Healthcare,"Lyon, FR"
TXN_002658,USER_024,12.07,2026-01-14 16:35:00,Delta Airlines,Healthcare,"Rome, IT"
TXN_003877,USER_034,28.17,2026-01-14 16:47:00,Walmart,Other,"Brussels, BE"
TXN_001683,USER_038,17.0,2026-01-14 17:06:00,Walmart,Transport,"Brussels, BE"
TXN_002026,USER_029,14.42,2026-01-14 18:12:00,Hertz,Healthcare,"Madrid, ES"
TXN_002186,USER_028,1.48,2026-01-14 18:13:00,Shell Gas,Utilities,"Marseille, FR"
TXN_002959,USER_024,371.09,2026-01-14 18:42:00,PayPal,Healthcare,"Berlin, DE"
TXN_000904,USER_033,16.75,2026-01-14 18:53:00,Steam,Travel,"Brussels, BE"
TXN_001289,USER_001,1.88,2026-01-14 19:33:00,Hotels.com,Subscription,"Madrid, ES"
TXN_000452,USER_006,48.26,2026-01-14 20:16:00,Walmart,Subscription,"Marseille, FR"
TXN_001016,USER_001,4.13,2026-01-14 23:40:00,Starbucks,Travel,"London, UK"
TXN_001723,USER_030,202.18,2026-01-15 02:09:00,Whole Foods,Entertainment,"Lyon, FR"
TXN_003604,USER_013,4.4,2026-01-15 03:41:00,Apple Store,Other,"New York, US"
TXN_002736,USER_047,2147.605820085243,2026-01-15 03:55:00,McDonalds,Entertainment,"Beijing, CN"
TXN_002139,USER_017,47.33,2026-01-15 04:34:00,Amazon,Subscription,"Marseille, FR"
TXN_003908,USER_041,24.99,2026-01-15 05:24:00,Hertz,Transport,"Madrid, ES"
TXN_000527,USER_037,36.2,2026-01-15 05:58:00,Steam,Transport,"Marseille, FR"
TXN_003525,USER_041,95.31,2026-01-15 06:00:00,Whole Foods,Subscription,"Madrid, ES"
TXN_004968,USER_025,6.02,2026-01-15 06:13:00,Walmart,Travel,"Paris, FR"
TXN_004664,USER_034,86.48,2026-01-15 06:13:00,Whole Foods,Entertainment,"Marseille, FR"
TXN_004327,USER_030,86.17,2026-01-15 07:28:00,Apple Store,Entertainment,"Madrid, ES"
TXN_000940,USER_008,12.83,2026-01-15 07:48:00,Steam,Entertainment,"Berlin, DE"
TXN_000134,USER_012,56.29,2026-01-15 08:29:00,Netflix,Other,"Brussels, BE"
TXN_003641,USER_026,96.99,2026-01-15 08:33:00,Target,Subscription,"Marseille, FR"
TXN_002162,USER_021,67.68,2026-01-15 08:58:00,PayPal,Entertainment,"Lyon, FR"
TXN_004880,USER_016,58.2,2026-01-15 09:11:00,Netflix,Healthcare,"Madrid, ES"
TXN_003581,USER_021,34.95,2026-01-15 09:24:00,Shell Gas,Subscription,"Paris, FR"
TXN_004104,USER_013,10.53,2026-01-15 09:26:00,CVS,Transport,"Paris, FR"
TXN_004399,USER_043,26.43,2026-01-15 10:06:00,Spotify,Transport,"London, UK"
TXN_004809,USER_024,35.13,2026-01-15 10:35:00,CVS,Other,"Paris, FR"
TXN_003360,USER_043,16.52,2026-01-15 10:39:00,Spotify,Healthcare,"Paris, FR"
TXN_003334,USER_044,10.27,2026-01-15 10:44:00,Netflix,Other,"New York, US"
TXN_001942,USER_003,277.05,2026-01-15 11:45:00,Spotify,Fuel,"Rome, IT"
TXN_000402,USER_031,64.21,2026-01-15 12:17:00,Starbucks,Other,"Brussels, BE"
TXN_000629,USER_023,65.19,2026-01-15 12:21:00,Netflix,Transport,"Berlin, DE"
TXN_001707,USER_024,33.69,2026-01-15 12:36:00,Walmart,Entertainment,"Paris, FR"
TXN_002158,USER_024,12.57,2026-01-15 12:40:00,CVS,Travel,"Berlin, DE"
TXN_003664,USER_036,24.8,2026-01-15 13:03:00,Starbucks,Transport,"Paris, FR"
TXN_001880,USER_014,17.28,2026-01-15 13:38:00,Amazon,Healthcare,"Amsterdam, NL"
TXN_000640,USER_015,14.29,2026-01-15 13:50:00,Steam,Food,"Rome, IT"
TXN_001648,USER_003,2554.058556152232,2026-01-15 14:57:00,BestBuy,Travel,"London, UK"
TXN_003133,USER_039,27.04,2026-01-15 15:06:00,Hotels.com,Food,"Madrid, ES"
TXN_003628,USER_003,40.88,2026-01-15 16:01:00,PayPal,Fuel,"Marseille, FR"
TXN_002668,USER_037,54.73,2026-01-15 16:03:00,Uber,Utilities,"Marseille, FR"
TXN_001755,USER_032,3.06,2026-01-15 16:17:00,McDonalds,Travel,"Berlin, DE"
TXN_002287,USER_049,72.19,2026-01-15 16:17:00,Walmart,Food,"Paris, FR"
TXN_000547,USER_048,32.17,2026-01-15 16:23:00,Whole Foods,Other,"New York, US"
TXN_002180,USER_011,339.67,2026-01-15 16:35:00,Netflix,Food,"New York, US"
TXN_000755,USER_044,37.74,2026-01-15 16:40:00,CVS,Healthcare,"Amsterdam, NL"
TXN_004657,USER_036,7.25,2026-01-15 16:41:00,Spotify,Shopping,"Rome, IT"
TXN_000319,USER_007,2087.6807923207384,2026-01-15 16:42:00,BestBuy,Utilities,"Lyon, FR"
TXN_001865,USER_006,2.21,2026-01-15 16:46:00,Shell Gas,Healthcare,"Marseille, FR"
TXN_002488,USER_011,12.61,2026-01-15 17:35:00,BestBuy,Transport,"New York, US"
TXN_002660,USER_021,34.19,2026-01-15 18:11:00,Steam,Subscription,"Marseille, FR"
TXN_002762,USER_034,154.48,2026-01-15 18:24:00,Netflix,Transport,"Berlin, DE"
TXN_004537,USER_007,37.35,2026-01-15 18:44:00,Target,Travel,"Lyon, FR"
TXN_004208,USER_009,17.8,2026-01-15 18:57:00,CVS,Entertainment,"Paris, FR"
TXN_002514,USER_020,59.56,2026-01-15 19:08:00,Delta Airlines,Food,"Amsterdam, NL"
TXN_003460,USER_047,32.47,2026-01-15 23:45:00,Amazon,Shopping,"Marseille, FR"
TXN_003439,USER_047,14.0,2026-01-16 01:15:00,Shell Gas,Food,"London, UK"
TXN_000065,USER_042,2169.6130283667912,2026-01-16 02:48:00,Hertz,Utilities,"Moscow, RU"
TXN_001273,USER_007,287.9,2026-01-16 03:54:00,Airbnb,Travel,"New York, US"
TXN_002925,USER_047,220.91,2026-01-16 04:01:00,Uber,Entertainment,"New York, US"
TXN_004750,USER_023,14.26,2026-01-16 04:21:00,Shell Gas,Fuel,"Marseille, FR"
TXN_001167,USER_027,25.49,2026-01-16 05:01:00,Shell Gas,Other,"Paris, FR"
TXN_004549,USER_003,8.75,2026-01-16 05:10:00,Delta Airlines,Food,"Rome, IT"
TXN_004656,USER_044,37.19,2026-01-16 05:13:00,Starbucks,Subscription,"Marseille, FR"
TXN_002490,USER_041,57.91,2026-01-16 05:19:00,Starbucks,Fuel,"Madrid, ES"
TXN_002445,USER_031,11.21,2026-01-16 05:30:00,McDonalds,Utilities,"New York, US"
TXN_001009,USER_009,12.2,2026-01-16 05:41:00,McDonalds,Shopping,"Paris, FR"
TXN_000742,USER_009,20.22,2026-01-16 05:44:00,Whole Foods,Shopping,"Marseille, FR"
TXN_003354,USER_049,7.63,2026-01-16 05:52:00,Whole Foods,Subscription,"Berlin, DE"
TXN_FRAUD_3666_0,USER_049,155.3200430048043,2026-01-16 05:52:00,Whole Foods,Subscription,"Berlin, DE"
TXN_FRAUD_3666_1,USER_049,484.61094289100896,2026-01-16 05:57:00,Whole Foods,Subscription,"Berlin, DE"
TXN_FRAUD_3666_2,USER_049,297.85760837746534,2026-01-16 06:02:00,Whole Foods,Subscription,"Berlin, DE"
TXN_003741,USER_039,83.89,2026-01-16 06:19:00,Uber,Food,"New York, US"
TXN_004271,USER_008,11.59,2026-01-16 07:08:00,Netflix,Fuel,"Brussels, BE"
TXN_003279,USER_026,6.36,2026-01-16 07:25:00,CVS,Other,"New York, US"
TXN_002421,USER_034,3.13,2026-01-16 07:25:00,Delta Airlines,Healthcare,"London, UK"
TXN_001265,USER_010,142.71,2026-01-16 07:43:00,PayPal,Shopping,"London, UK"
TXN_002464,USER_002,99.95,2026-01-16 07:54:00,Delta Airlines,Healthcare,"Rome, IT"
TXN_003609,USER_047,22.38,2026-01-16 07:54:00,Uber,Healthcare,"Rome, IT"
TXN_003321,USER_009,168.84,2026-01-16 08:26:00,CVS,Food,"Berlin, DE"
TXN_000272,USER_032,15.1,2026-01-16 08:30:00,Spotify,Shopping,"New York, US"
TXN_004008,USER_023,54.46,2026-01-16 08:38:00,BestBuy,Fuel,"Amsterdam, NL"
TXN_003588,USER_012,11.79,2026-01-16 09:13:00,Airbnb,Other,"Madrid, ES"
TXN_003446,USER_037,96.35,2026-01-16 09:20:00,Amazon,Entertainment,"Lyon, FR"
TXN_000149,USER_049,210.96,2026-01-16 09:26:00,Spotify,Food,"New York, US"
TXN_003000,USER_009,22.35,2026-01-16 10:06:00,Apple Store,Travel,"Marseille, FR"
TXN_004520,USER_037,11.1,2026-01-16 10:14:00,Apple Store,Utilities,"Madrid, ES"
TXN_002858,USER_001,10.03,2026-01-16 10:48:00,Amazon,Travel,"Madrid, ES"
TXN_000502,USER_040,20.46,2026-01-16 12:04:00,Google Play,Utilities,"Madrid, ES"
TXN_003815,USER_020,275.75,2026-01-16 12:25:00,Netflix,Transport,"Paris, FR"
TXN_001886,USER_008,44.97,2026-01-16 13:05:00,Uber,Travel,"Rome, IT"
TXN_000205,USER_016,19.72,2026-01-16 14:14:00,Whole Foods,Transport,"Marseille, FR"
TXN_004428,USER_045,19.97,2026-01-16 14:19:00,Shell Gas,Healthcare,"Madrid, ES"
TXN_004412,USER_014,83.19,2026-01-16 14:20:00,Apple Store,Healthcare,"Brussels, BE"
TXN_000334,USER_005,106.51,2026-01-16 14:22:00,Delta Airlines,Fuel,"Brussels, BE"
TXN_002597,USER_047,9.12,2026-01-16 14:24:00,Airbnb,Shopping,"Lyon, FR"
TXN_001666,USER_002,14.65,2026-01-16 15:08:00,Steam,Utilities,"Lyon, FR"
TXN_004595,USER_040,66.86,2026-01-16 15:15:00,Amazon,Entertainment,"Rome, IT"
TXN_FRAUD_3692_0,USER_040,186.59129776823215,2026-01-16 15:15:00,Amazon,Entertainment,"Rome, IT"
TXN_FRAUD_3692_1,USER_040,152.71522922903765,2026-01-16 15:20:00,Amazon,Entertainment,"Rome, IT"
TXN_FRAUD_3692_2,USER_040,188.972693608283,2026-01-16 15:25:00,Amazon,Entertainment,"Rome, IT"
TXN_001410,USER_019,2.02,2026-01-16 15:28:00,Target,Fuel,"New York, US"
TXN_000030,USER_050,96.09,2026-01-16 15:46:00,Amazon,Other,"Berlin, DE"
TXN_002778,USER_034,1.11,2026-01-16 15:51:00,Hertz,Travel,"Brussels, BE"
TXN_FRAUD_3695_0,USER_034,411.7950209633958,2026-01-16 15:51:00,Hertz,Travel,"Brussels, BE"
TXN_FRAUD_3695_1,USER_034,470.14383877320887,2026-01-16 15:56:00,Hertz,Travel,"Brussels, BE"
TXN_000055,USER_033,1.37,2026-01-16 15:58:00,Walmart,Fuel,"Lyon, FR"
TXN_000780,USER_049,14.16,2026-01-16 16:00:00,Amazon,Shopping,"New York, US"
TXN_FRAUD_3695_2,USER_034,202.327194437399,2026-01-16 16:01:00,Hertz,Travel,"Brussels, BE"
TXN_000673,USER_042,293.97,2026-01-16 16:03:00,Hertz,Shopping,"Madrid, ES"
TXN_000784,USER_039,10.91,2026-01-16 16:09:00,PayPal,Transport,"Berlin, DE"
TXN_001617,USER_010,48.91,2026-01-16 16:14:00,Uber,Transport,"Madrid, ES"
TXN_001137,USER_035,27.34,2026-01-16 16:29:00,Walmart,Fuel,"Lyon, FR"
TXN_000448,USER_029,35.04,2026-01-16 16:33:00,Google Play,Food,"Amsterdam, NL"
TXN_002199,USER_014,37.2,2026-01-16 17:01:00,BestBuy,Fuel,"London, UK"
TXN_004061,USER_043,27.29,2026-01-16 18:19:00,Steam,Shopping,"Lagos, NG"
TXN_003662,USER_030,3114.5913994075217,2026-01-16 18:46:00,Hotels.com,Food,"New York, US"
TXN_001094,USER_040,14.57,2026-01-16 19:03:00,Uber,Food,"London, UK"
TXN_004516,USER_037,143.92,2026-01-16 19:47:00,Shell Gas,Healthcare,"Amsterdam, NL"
TXN_001374,USER_046,3.94,2026-01-17 00:06:00,McDonalds,Transport,"Marseille, FR"
TXN_004397,USER_002,25.81,2026-01-17 01:45:00,Uber,Travel,"Marseille, FR"
TXN_000592,USER_005,2250.979097369105,2026-01-17 02:13:00,Shell Gas,Healthcare,"Beijing, CN"
TXN_003040,USER_010,85.8,2026-01-17 02:48:00,CVS,Utilities,"London, UK"
TXN_000131,USER_023,582.22,2026-01-17 03:15:00,Google Play,Food,"Brussels, BE"
TXN_000200,USER_044,2455.8375206840647,2026-01-17 04:12:00,Apple Store,Subscription,"Beijing, CN"
TXN_000475,USER_012,21.43,2026-01-17 04:18:00,Uber,Entertainment,"London, UK"
TXN_001293,USER_024,1937.8837898009037,2026-01-17 04:42:00,Apple Store,Food,"Beijing, CN"
TXN_004360,USER_015,101.2,2026-01-17 05:02:00,Apple Store,Shopping,"Rome, IT"
TXN_004966,USER_005,23.82,2026-01-17 05:07:00,Amazon,Transport,"Berlin, DE"
TXN_002628,USER_001,63.89,2026-01-17 06:41:00,Apple Store,Subscription,"Marseille, FR"
TXN_000731,USER_019,1.6,2026-01-17 06:44:00,Google Play,Healthcare,"London, UK"
TXN_003582,USER_042,62.8,2026-01-17 07:08:00,Delta Airlines,Shopping,"Madrid, ES"
TXN_000416,USER_030,41.05,2026-01-17 07:09:00,Hertz,Travel,"London, UK"
TXN_004926,USER_048,35.97,2026-01-17 07:14:00,Starbucks,Entertainment,"Berlin, DE"
TXN_003847,USER_050,2.37,2026-01-17 07:27:00,Hotels.com,Other,"Lyon, FR"
TXN_004382,USER_033,219.24,2026-01-17 07:44:00,McDonalds,Fuel,"Lyon, FR"
TXN_001801,USER_041,22.64,2026-01-17 08:06:00,Target,Entertainment,"Lagos, NG"
TXN_004794,USER_019,22.79,2026-01-17 08:11:00,Uber,Healthcare,"Marseille, FR"
TXN_FRAUD_3723_0,USER_019,339.4968387898648,2026-01-17 08:11:00,Uber,Healthcare,"Marseille, FR"
TXN_FRAUD_3723_1,USER_019,382.426281291503,2026-01-17 08:16:00,Uber,Healthcare,"Marseille, FR"
TXN_FRAUD_3723_2,USER_019,270.899731023257,2026-01-17 08:21:00,Uber,Healthcare,"Marseille, FR"
TXN_002038,USER_002,34.29,2026-01-17 08:30:00,Whole Foods,Food,"Madrid, ES"
TXN_002941,USER_008,16.02,2026-01-17 08:46:00,CVS,Healthcare,"Marseille, FR"
TXN_000151,USER_046,35.52,2026-01-17 08:56:00,Netflix,Shopping,"Paris, FR"
TXN_000450,USER_037,14.58,2026-01-17 08:57:00,McDonalds,Travel,"Brussels, BE"
TXN_001751,USER_013,15.54,2026-01-17 09:06:00,Starbucks,Travel,"New York, US"
TXN_003151,USER_030,164.03,2026-01-17 10:09:00,Starbucks,Utilities,"Amsterdam, NL"
TXN_000542,USER_026,109.39,2026-01-17 10:20:00,PayPal,Fuel,"Paris, FR"
TXN_001267,USER_007,9.26,2026-01-17 10:28:00,Google Play,Healthcare,"Amsterdam, NL"
TXN_003373,USER_027,13.89,2026-01-17 10:35:00,Target,Food,"Brussels, BE"
TXN_003810,USER_039,137.71,2026-01-17 10:36:00,Hertz,Healthcare,"New York, US"
TXN_001186,USER_041,29.11,2026-01-17 10:41:00,McDonalds,Other,"Amsterdam, NL"
TXN_003402,USER_012,15.05,2026-01-17 10:44:00,Uber,Transport,"New York, US"
TXN_003840,USER_049,50.46,2026-01-17 10:51:00,Airbnb,Fuel,"Berlin, DE"
TXN_004229,USER_049,7.72,2026-01-17 11:06:00,Netflix,Fuel,"Marseille, FR"
TXN_002643,USER_042,41.76,2026-01-17 11:33:00,Amazon,Subscription,"Lagos, NG"
TXN_003094,USER_025,157.77,2026-01-17 11:37:00,BestBuy,Healthcare,"Amsterdam, NL"
TXN_002667,USER_048,5.44,2026-01-17 11:43:00,Target,Shopping,"Rome, IT"
TXN_004311,USER_038,5.18,2026-01-17 12:29:00,Uber,Fuel,"London, UK"
TXN_000276,USER_025,32.98,2026-01-17 12:33:00,Uber,Fuel,"Brussels, BE"
TXN_001827,USER_046,68.72,2026-01-17 12:38:00,Whole Foods,Transport,"London, UK"
TXN_004425,USER_021,8.57,2026-01-17 12:39:00,BestBuy,Fuel,"Lyon, FR"
TXN_003290,USER_014,19.36,2026-01-17 13:30:00,Hertz,Utilities,"Lyon, FR"
TXN_001017,USER_031,42.44,2026-01-17 13:48:00,Hotels.com,Subscription,"London, UK"
TXN_003304,USER_045,29.45,2026-01-17 14:00:00,Hotels.com,Travel,"Paris, FR"
TXN_003547,USER_031,106.49,2026-01-17 14:54:00,Starbucks,Subscription,"Rome, IT"
TXN_000583,USER_039,53.62,2026-01-17 14:58:00,Apple Store,Utilities,"London, UK"
TXN_000423,USER_013,5.11,2026-01-17 15:05:00,Hertz,Utilities,"Marseille, FR"
TXN_001227,USER_029,27.53,2026-01-17 15:06:00,Steam,Other,"Amsterdam, NL"
TXN_001944,USER_039,60.88,2026-01-17 15:20:00,Shell Gas,Food,"Paris, FR"
TXN_003413,USER_029,21.9,2026-01-17 15:29:00,Google Play,Shopping,"Amsterdam, NL"
TXN_000046,USER_013,5.51,2026-01-17 16:16:00,Starbucks,Healthcare,"Marseille, FR"
TXN_002071,USER_035,10.03,2026-01-17 16:19:00,Hertz,Fuel,"New York, US"
TXN_004178,USER_043,5.4,2026-01-17 16:29:00,Delta Airlines,Other,"London, UK"
TXN_000560,USER_007,50.88,2026-01-17 16:59:00,Google Play,Travel,"New York, US"
TXN_004443,USER_022,165.1,2026-01-17 17:43:00,Spotify,Healthcare,"London, UK"
TXN_001433,USER_049,23.79,2026-01-17 17:48:00,BestBuy,Entertainment,"Brussels, BE"
TXN_002595,USER_006,51.45,2026-01-17 17:54:00,Starbucks,Transport,"Rome, IT"
TXN_001811,USER_008,9.2,2026-01-17 18:35:00,Steam,Transport,"Lyon, FR"
TXN_004015,USER_031,405.57,2026-01-17 18:36:00,CVS,Entertainment,"Lyon, FR"
TXN_002025,USER_044,165.62,2026-01-17 18:43:00,Delta Airlines,Food,"Marseille, FR"
TXN_004011,USER_014,671.15,2026-01-17 19:11:00,Apple Store,Fuel,"Brussels, BE"
TXN_000899,USER_009,30.78,2026-01-17 20:00:00,Netflix,Food,"Lyon, FR"
TXN_003404,USER_016,83.66,2026-01-17 20:23:00,Target,Travel,"Brussels, BE"
TXN_FRAUD_3769_0,USER_016,425.7614106585054,2026-01-17 20:23:00,Target,Travel,"Brussels, BE"
TXN_FRAUD_3769_1,USER_016,126.55746171476366,2026-01-17 20:28:00,Target,Travel,"Brussels, BE"
TXN_FRAUD_3769_2,USER_016,187.17167358884728,2026-01-17 20:33:00,Target,Travel,"Brussels, BE"
TXN_001202,USER_014,4.7,2026-01-18 01:10:00,Hertz,Travel,"London, UK"
TXN_002447,USER_023,48.67,2026-01-18 01:18:00,Spotify,Food,"New York, US"
TXN_002476,USER_049,2997.1673238180647,2026-01-18 02:33:00,BestBuy,Subscription,"Moscow, RU"
TXN_000959,USER_006,2546.9537903093183,2026-01-18 03:06:00,Hertz,Other,"Moscow, RU"
TXN_004407,USER_034,2412.627772451014,2026-01-18 04:00:00,CVS,Subscription,"Moscow, RU"
TXN_004358,USER_020,10.15,2026-01-18 04:06:00,Apple Store,Travel,"Amsterdam, NL"
TXN_004146,USER_042,10.11,2026-01-18 04:14:00,Google Play,Entertainment,"New York, US"
TXN_002469,USER_048,109.39,2026-01-18 04:26:00,Starbucks,Food,"Amsterdam, NL"
TXN_004910,USER_037,5.7,2026-01-18 04:46:00,Walmart,Travel,"Madrid, ES"
TXN_002757,USER_043,26.56,2026-01-18 05:11:00,CVS,Food,"Rome, IT"
TXN_003288,USER_035,7.23,2026-01-18 05:14:00,Amazon,Fuel,"London, UK"
TXN_002985,USER_021,49.59,2026-01-18 05:35:00,Shell Gas,Entertainment,"Amsterdam, NL"
TXN_003736,USER_016,18.4,2026-01-18 05:37:00,Hertz,Food,"Amsterdam, NL"
TXN_004485,USER_027,49.95,2026-01-18 06:25:00,Amazon,Shopping,"Berlin, DE"
TXN_004940,USER_006,117.05,2026-01-18 06:49:00,Shell Gas,Other,"Madrid, ES"
TXN_004255,USER_023,37.73,2026-01-18 06:53:00,Starbucks,Other,"Marseille, FR"
TXN_000209,USER_044,27.41,2026-01-18 06:58:00,Target,Subscription,"Berlin, DE"
TXN_003575,USER_016,11.53,2026-01-18 07:13:00,Airbnb,Healthcare,"Rome, IT"
TXN_003949,USER_018,1.17,2026-01-18 07:15:00,Walmart,Healthcare,"Rome, IT"
TXN_000122,USER_048,40.91,2026-01-18 07:51:00,Google Play,Entertainment,"Lyon, FR"
TXN_001679,USER_024,132.19,2026-01-18 07:58:00,Uber,Fuel,"Madrid, ES"
TXN_004518,USER_018,16.43,2026-01-18 09:05:00,Delta Airlines,Healthcare,"London, UK"
TXN_003070,USER_031,7.77,2026-01-18 09:58:00,Google Play,Travel,"Brussels, BE"
TXN_003553,USER_015,4.14,2026-01-18 10:03:00,BestBuy,Fuel,"Marseille, FR"
TXN_004942,USER_024,36.79,2026-01-18 10:23:00,Steam,Utilities,"Lagos, NG"
TXN_003753,USER_007,4026.192515671337,2026-01-18 12:39:00,Target,Entertainment,"Berlin, DE"
TXN_001366,USER_044,83.08,2026-01-18 12:47:00,Starbucks,Subscription,"Berlin, DE"
TXN_002357,USER_045,155.08,2026-01-18 13:20:00,BestBuy,Shopping,"Berlin, DE"
TXN_001014,USER_031,27.06,2026-01-18 14:02:00,Target,Subscription,"London, UK"
TXN_000902,USER_035,32.9,2026-01-18 14:18:00,Starbucks,Travel,"Madrid, ES"
TXN_000862,USER_027,16.64,2026-01-18 14:22:00,Steam,Food,"Berlin, DE"
TXN_003576,USER_013,2469.9626857255466,2026-01-18 14:37:00,McDonalds,Shopping,"Amsterdam, NL"
TXN_003416,USER_006,118.69,2026-01-18 14:40:00,Starbucks,Other,"Amsterdam, NL"
TXN_000494,USER_012,12.18,2026-01-18 15:29:00,Walmart,Fuel,"Paris, FR"
TXN_001729,USER_038,56.38,2026-01-18 15:37:00,Starbucks,Transport,"Rome, IT"
TXN_000114,USER_048,35.22,2026-01-18 15:39:00,CVS,Entertainment,"Rome, IT"
TXN_003567,USER_039,7.24,2026-01-18 16:06:00,Hertz,Shopping,"Marseille, FR"
TXN_001456,USER_017,43.02,2026-01-18 16:09:00,Hertz,Fuel,"Paris, FR"
TXN_000180,USER_043,7.88,2026-01-18 16:17:00,PayPal,Shopping,"New York, US"
TXN_FRAUD_3806_0,USER_043,464.53902879490306,2026-01-18 16:17:00,PayPal,Shopping,"New York, US"
TXN_FRAUD_3806_1,USER_043,340.1858448235905,2026-01-18 16:22:00,PayPal,Shopping,"New York, US"
TXN_FRAUD_3806_2,USER_043,405.08252125952254,2026-01-18 16:27:00,PayPal,Shopping,"New York, US"
TXN_004546,USER_046,61.2,2026-01-18 16:46:00,Target,Fuel,"Marseille, FR"
TXN_000975,USER_001,72.53,2026-01-18 16:50:00,Hotels.com,Travel,"Amsterdam, NL"
TXN_003781,USER_035,33.02,2026-01-18 16:56:00,Amazon,Fuel,"Amsterdam, NL"
TXN_000708,USER_047,84.44,2026-01-18 17:04:00,Spotify,Utilities,"New York, US"
TXN_004505,USER_038,182.13,2026-01-18 17:10:00,BestBuy,Healthcare,"Paris, FR"
TXN_002429,USER_003,308.21,2026-01-18 17:22:00,Shell Gas,Shopping,"Rome, IT"
TXN_002974,USER_010,10.4,2026-01-18 17:24:00,Shell Gas,Food,"Lyon, FR"
TXN_002845,USER_050,70.27,2026-01-18 17:31:00,Whole Foods,Travel,"Paris, FR"
TXN_004038,USER_048,10.81,2026-01-18 17:40:00,Netflix,Food,"Amsterdam, NL"
TXN_000310,USER_050,220.56,2026-01-18 17:41:00,Delta Airlines,Shopping,"Berlin, DE"
TXN_000912,USER_038,19.82,2026-01-18 18:24:00,McDonalds,Healthcare,"Madrid, ES"
TXN_001770,USER_009,22.41,2026-01-18 18:46:00,Netflix,Shopping,"London, UK"
TXN_004972,USER_040,85.84,2026-01-18 19:25:00,BestBuy,Shopping,"New York, US"
TXN_004743,USER_045,92.08,2026-01-18 19:38:00,BestBuy,Other,"Marseille, FR"
TXN_000219,USER_009,46.1,2026-01-18 19:44:00,Google Play,Fuel,"Brussels, BE"
TXN_004891,USER_021,84.03,2026-01-18 23:35:00,Hotels.com,Healthcare,"Brussels, BE"
TXN_003799,USER_030,4.73,2026-01-19 00:57:00,BestBuy,Utilities,"Lyon, FR"
TXN_000446,USER_045,2098.722178652049,2026-01-19 02:46:00,Hotels.com,Fuel,"Moscow, RU"
TXN_000178,USER_049,118.9,2026-01-19 02:50:00,Airbnb,Food,"Berlin, DE"
TXN_001150,USER_025,6.05,2026-01-19 03:12:00,Walmart,Transport,"Berlin, DE"
TXN_002942,USER_036,79.9,2026-01-19 03:28:00,Hotels.com,Utilities,"New York, US"
TXN_001802,USER_027,32.23,2026-01-19 03:55:00,Google Play,Food,"Lyon, FR"
TXN_004545,USER_004,11.52,2026-01-19 03:56:00,Netflix,Shopping,"Marseille, FR"
TXN_001918,USER_045,2884.98440638396,2026-01-19 04:13:00,BestBuy,Transport,"Moscow, RU"
TXN_003887,USER_049,111.27,2026-01-19 04:29:00,Starbucks,Entertainment,"Berlin, DE"
TXN_000025,USER_017,9.87,2026-01-19 04:43:00,Amazon,Food,"Brussels, BE"
TXN_002278,USER_027,35.15,2026-01-19 05:00:00,Spotify,Utilities,"Lyon, FR"
TXN_000237,USER_049,4.15,2026-01-19 05:01:00,Whole Foods,Entertainment,"New York, US"
TXN_000860,USER_037,84.25,2026-01-19 06:10:00,Target,Travel,"Brussels, BE"
TXN_003358,USER_015,130.58,2026-01-19 06:20:00,Starbucks,Food,"London, UK"
TXN_001384,USER_044,49.2,2026-01-19 06:55:00,Spotify,Shopping,"Madrid, ES"
TXN_004082,USER_047,29.59,2026-01-19 07:16:00,Target,Fuel,"London, UK"
TXN_000797,USER_003,47.7,2026-01-19 07:19:00,Shell Gas,Subscription,"Berlin, DE"
TXN_003325,USER_046,146.63,2026-01-19 07:47:00,Whole Foods,Fuel,"London, UK"
TXN_002775,USER_028,43.22,2026-01-19 07:53:00,Delta Airlines,Transport,"Madrid, ES"
TXN_004586,USER_035,8.73,2026-01-19 07:53:00,Delta Airlines,Transport,"Rome, IT"
TXN_004396,USER_039,70.5,2026-01-19 08:09:00,Hotels.com,Entertainment,"Amsterdam, NL"
TXN_004640,USER_016,7.95,2026-01-19 09:09:00,Apple Store,Food,"Marseille, FR"
TXN_004985,USER_046,23.86,2026-01-19 09:26:00,Steam,Travel,"Berlin, DE"
TXN_000637,USER_003,5.14,2026-01-19 09:39:00,PayPal,Entertainment,"Berlin, DE"
TXN_000538,USER_044,13.34,2026-01-19 09:49:00,Airbnb,Entertainment,"Rome, IT"
TXN_004108,USER_004,96.93,2026-01-19 10:17:00,Walmart,Fuel,"Marseille, FR"
TXN_003486,USER_020,154.67,2026-01-19 10:48:00,Delta Airlines,Subscription,"New York, US"
TXN_002185,USER_046,11.46,2026-01-19 11:29:00,Spotify,Subscription,"Rome, IT"
TXN_004617,USER_019,4.57,2026-01-19 11:48:00,Hertz,Travel,"Berlin, DE"
TXN_000555,USER_012,108.49,2026-01-19 11:58:00,Apple Store,Fuel,"Lagos, NG"
TXN_003191,USER_019,51.86,2026-01-19 13:18:00,PayPal,Transport,"New York, US"
TXN_002384,USER_003,2.59,2026-01-19 13:33:00,Uber,Shopping,"London, UK"
TXN_003335,USER_032,6.63,2026-01-19 14:03:00,Walmart,Healthcare,"New York, US"
TXN_002463,USER_014,10.08,2026-01-19 14:34:00,Uber,Shopping,"Paris, FR"
TXN_004322,USER_001,23.62,2026-01-19 14:38:00,CVS,Subscription,"London, UK"
TXN_000162,USER_012,21.62,2026-01-19 14:52:00,McDonalds,Shopping,"Madrid, ES"
TXN_001019,USER_001,35.52,2026-01-19 15:11:00,Shell Gas,Healthcare,"Lagos, NG"
TXN_004006,USER_015,3.42,2026-01-19 15:48:00,McDonalds,Entertainment,"Madrid, ES"
TXN_002360,USER_048,3.35,2026-01-19 16:01:00,BestBuy,Travel,"Marseille, FR"
TXN_003883,USER_001,156.09,2026-01-19 16:53:00,Spotify,Entertainment,"Berlin, DE"
TXN_001483,USER_043,74.06,2026-01-19 16:59:00,Amazon,Fuel,"Marseille, FR"
TXN_003646,USER_043,14.98,2026-01-19 17:03:00,BestBuy,Healthcare,"Paris, FR"
TXN_004200,USER_003,67.14,2026-01-19 17:38:00,Apple Store,Transport,"Amsterdam, NL"
TXN_002930,USER_022,73.21,2026-01-19 17:44:00,McDonalds,Healthcare,"Brussels, BE"
TXN_002868,USER_043,73.72,2026-01-19 17:52:00,Apple Store,Entertainment,"Berlin, DE"
TXN_004533,USER_006,25.97,2026-01-19 18:15:00,Hotels.com,Utilities,"Madrid, ES"
TXN_003667,USER_049,0.92,2026-01-19 18:19:00,CVS,Subscription,"Brussels, BE"
TXN_002812,USER_036,26.4,2026-01-19 18:29:00,Apple Store,Healthcare,"Berlin, DE"
TXN_003314,USER_036,4.77,2026-01-19 18:34:00,Apple Store,Food,"Amsterdam, NL"
TXN_004135,USER_029,13.13,2026-01-19 19:19:00,Google Play,Transport,"Paris, FR"
TXN_002839,USER_002,2918.7597287364842,2026-01-20 02:16:00,Hertz,Shopping,"Moscow, RU"
TXN_003371,USER_028,31.43,2026-01-20 02:49:00,Target,Food,"Amsterdam, NL"
TXN_002718,USER_006,129.68,2026-01-20 03:37:00,BestBuy,Fuel,"Marseille, FR"
TXN_004909,USER_017,30.4,2026-01-20 03:45:00,CVS,Healthcare,"Marseille, FR"
TXN_002940,USER_007,57.68,2026-01-20 04:58:00,Starbucks,Transport,"Madrid, ES"
TXN_003219,USER_048,4.54,2026-01-20 05:05:00,Walmart,Shopping,"Brussels, BE"
TXN_003068,USER_028,105.71,2026-01-20 05:32:00,Hotels.com,Entertainment,"Paris, FR"
TXN_001062,USER_024,3.71,2026-01-20 05:35:00,PayPal,Travel,"Paris, FR"
TXN_003714,USER_003,16.29,2026-01-20 05:51:00,BestBuy,Fuel,"Lyon, FR"
TXN_004954,USER_022,76.87,2026-01-20 05:51:00,Apple Store,Transport,"Madrid, ES"
TXN_003502,USER_037,2004.4869811732285,2026-01-20 05:51:00,PayPal,Other,"Paris, FR"
TXN_004154,USER_027,54.03,2026-01-20 06:17:00,Steam,Utilities,"London, UK"
TXN_003743,USER_039,159.89,2026-01-20 06:35:00,Spotify,Food,"Madrid, ES"
TXN_001732,USER_033,150.44,2026-01-20 06:42:00,Walmart,Healthcare,"Berlin, DE"
TXN_002272,USER_043,231.32,2026-01-20 06:57:00,Target,Utilities,"Marseille, FR"
TXN_002198,USER_015,29.82,2026-01-20 07:52:00,Steam,Utilities,"Amsterdam, NL"
TXN_001677,USER_049,55.45,2026-01-20 08:29:00,Starbucks,Utilities,"Amsterdam, NL"
TXN_000256,USER_038,26.32,2026-01-20 09:23:00,Apple Store,Food,"Madrid, ES"
TXN_001522,USER_002,1305.49,2026-01-20 09:29:00,CVS,Entertainment,"Lyon, FR"
TXN_003882,USER_043,22.62,2026-01-20 09:46:00,Hotels.com,Healthcare,"Lyon, FR"
TXN_002021,USER_049,155.76,2026-01-20 10:10:00,Google Play,Subscription,"Lyon, FR"
TXN_000944,USER_036,111.61,2026-01-20 11:18:00,McDonalds,Travel,"Brussels, BE"
TXN_004795,USER_027,167.89,2026-01-20 11:24:00,Walmart,Utilities,"Rome, IT"
TXN_002857,USER_004,44.53,2026-01-20 11:51:00,Google Play,Food,"Marseille, FR"
TXN_004190,USER_001,7.67,2026-01-20 12:15:00,Target,Other,"Amsterdam, NL"
TXN_002699,USER_021,26.1,2026-01-20 12:23:00,Shell Gas,Entertainment,"Amsterdam, NL"
TXN_003119,USER_008,90.78,2026-01-20 12:50:00,Uber,Entertainment,"Marseille, FR"
TXN_004513,USER_043,121.13,2026-01-20 12:53:00,Whole Foods,Food,"Amsterdam, NL"
TXN_001459,USER_012,29.64,2026-01-20 14:30:00,Spotify,Transport,"Rome, IT"
TXN_004967,USER_032,22.19,2026-01-20 14:46:00,Airbnb,Shopping,"New York, US"
TXN_004827,USER_042,106.04,2026-01-20 15:15:00,Target,Fuel,"Madrid, ES"
TXN_002820,USER_049,17.73,2026-01-20 15:22:00,McDonalds,Healthcare,"Amsterdam, NL"
TXN_001417,USER_013,18.78,2026-01-20 15:27:00,Delta Airlines,Fuel,"Brussels, BE"
TXN_004112,USER_015,205.87,2026-01-20 15:31:00,Hertz,Transport,"Lyon, FR"
TXN_000396,USER_037,31.91,2026-01-20 16:00:00,Google Play,Fuel,"London, UK"
TXN_003061,USER_045,1.43,2026-01-20 16:05:00,Netflix,Shopping,"Amsterdam, NL"
TXN_001685,USER_009,12.8,2026-01-20 16:05:00,PayPal,Entertainment,"Amsterdam, NL"
TXN_000260,USER_023,15.73,2026-01-20 16:11:00,BestBuy,Utilities,"Amsterdam, NL"
TXN_003484,USER_028,11.58,2026-01-20 16:29:00,Starbucks,Other,"New York, US"
TXN_001232,USER_046,4.84,2026-01-20 16:40:00,Google Play,Food,"London, UK"
TXN_004559,USER_009,133.41,2026-01-20 17:03:00,Delta Airlines,Transport,"Rome, IT"
TXN_002876,USER_021,117.88,2026-01-20 17:18:00,CVS,Healthcare,"London, UK"
TXN_001704,USER_044,21.77,2026-01-20 17:44:00,Airbnb,Shopping,"Madrid, ES"
TXN_001660,USER_042,87.52,2026-01-20 17:53:00,Shell Gas,Other,"Brussels, BE"
TXN_004833,USER_008,9.32,2026-01-20 17:57:00,PayPal,Travel,"New York, US"
TXN_000052,USER_045,40.88,2026-01-20 18:30:00,Hotels.com,Transport,"New York, US"
TXN_004417,USER_010,20.88,2026-01-20 18:43:00,PayPal,Healthcare,"Amsterdam, NL"
TXN_003513,USER_001,9.51,2026-01-20 20:18:00,PayPal,Food,"Marseille, FR"
TXN_003691,USER_002,105.94,2026-01-20 20:31:00,Steam,Fuel,"Marseille, FR"
TXN_000512,USER_011,17.62,2026-01-21 00:03:00,Whole Foods,Healthcare,"Brussels, BE"
TXN_003795,USER_002,5.32,2026-01-21 00:14:00,Steam,Food,"Rome, IT"
TXN_002542,USER_009,2470.5610400711553,2026-01-21 01:08:00,PayPal,Entertainment,"Beijing, CN"
TXN_002619,USER_023,1518.1739842580457,2026-01-21 01:15:00,PayPal,Shopping,"Beijing, CN"
TXN_002478,USER_031,18.49,2026-01-21 02:54:00,Spotify,Travel,"Marseille, FR"
TXN_003563,USER_026,410.95,2026-01-21 02:57:00,Target,Fuel,"Marseille, FR"
TXN_001735,USER_038,12.08,2026-01-21 03:09:00,CVS,Utilities,"Madrid, ES"
TXN_004793,USER_029,20.3,2026-01-21 03:36:00,Amazon,Transport,"Berlin, DE"
TXN_004655,USER_011,36.19,2026-01-21 03:59:00,Apple Store,Utilities,"Madrid, ES"
TXN_003229,USER_027,16.61,2026-01-21 04:00:00,PayPal,Transport,"Madrid, ES"
TXN_002913,USER_001,12.02,2026-01-21 04:51:00,Steam,Other,"Lyon, FR"
TXN_000652,USER_038,3845.4183788162763,2026-01-21 04:51:00,PayPal,Transport,"New York, US"
TXN_000537,USER_008,51.93,2026-01-21 05:00:00,Whole Foods,Fuel,"Marseille, FR"
TXN_003498,USER_041,12.08,2026-01-21 05:03:00,Starbucks,Travel,"Amsterdam, NL"
TXN_000057,USER_008,57.03,2026-01-21 05:03:00,Whole Foods,Other,"Paris, FR"
TXN_004078,USER_029,16.18,2026-01-21 05:14:00,Uber,Subscription,"New York, US"
TXN_003491,USER_024,276.01,2026-01-21 05:25:00,Target,Utilities,"London, UK"
TXN_003935,USER_004,116.22,2026-01-21 05:56:00,Shell Gas,Shopping,"Paris, FR"
TXN_004344,USER_017,75.65,2026-01-21 06:00:00,Airbnb,Fuel,"London, UK"
TXN_004470,USER_007,19.5,2026-01-21 07:01:00,McDonalds,Utilities,"Berlin, DE"
TXN_003532,USER_011,12.89,2026-01-21 07:32:00,CVS,Food,"London, UK"
TXN_000894,USER_037,17.95,2026-01-21 08:11:00,Apple Store,Healthcare,"Marseille, FR"
TXN_003999,USER_049,13.03,2026-01-21 08:23:00,Hertz,Subscription,"Berlin, DE"
TXN_001700,USER_043,23.42,2026-01-21 08:31:00,CVS,Other,"Marseille, FR"
TXN_003361,USER_005,123.89,2026-01-21 08:44:00,BestBuy,Entertainment,"London, UK"
TXN_002289,USER_019,10.21,2026-01-21 09:18:00,Apple Store,Shopping,"Lyon, FR"
TXN_003046,USER_013,83.08,2026-01-21 09:35:00,Spotify,Entertainment,"Amsterdam, NL"
TXN_001964,USER_025,12.25,2026-01-21 09:35:00,Netflix,Shopping,"Berlin, DE"
TXN_002371,USER_037,20.96,2026-01-21 09:37:00,Delta Airlines,Utilities,"Marseille, FR"
TXN_004832,USER_044,30.88,2026-01-21 09:40:00,Hertz,Transport,"Rome, IT"
TXN_001431,USER_033,26.54,2026-01-21 09:52:00,BestBuy,Other,"Paris, FR"
TXN_003001,USER_024,71.61,2026-01-21 10:18:00,Target,Shopping,"Rome, IT"
TXN_004888,USER_030,41.34,2026-01-21 10:25:00,PayPal,Transport,"New York, US"
TXN_003748,USER_038,24.37,2026-01-21 10:46:00,BestBuy,Other,"Rome, IT"
TXN_002279,USER_020,36.43,2026-01-21 10:47:00,Airbnb,Fuel,"Marseille, FR"
TXN_000682,USER_037,4.38,2026-01-21 10:57:00,Whole Foods,Entertainment,"Rome, IT"
TXN_003055,USER_025,104.45,2026-01-21 10:58:00,BestBuy,Shopping,"Berlin, DE"
TXN_003025,USER_021,42.51,2026-01-21 11:36:00,Whole Foods,Shopping,"Brussels, BE"
TXN_000695,USER_041,8.11,2026-01-21 11:54:00,Hotels.com,Transport,"Berlin, DE"
TXN_002844,USER_015,32.07,2026-01-21 12:39:00,Delta Airlines,Healthcare,"Marseille, FR"
TXN_004388,USER_033,1192.25,2026-01-21 12:43:00,BestBuy,Travel,"Madrid, ES"
TXN_000991,USER_036,11.32,2026-01-21 12:51:00,Steam,Food,"Marseille, FR"
TXN_003764,USER_025,41.84,2026-01-21 12:53:00,Spotify,Other,"Madrid, ES"
TXN_000545,USER_003,113.09,2026-01-21 13:29:00,Steam,Travel,"Madrid, ES"
TXN_002265,USER_030,18.15,2026-01-21 13:38:00,Google Play,Utilities,"Lyon, FR"
TXN_002633,USER_011,34.64,2026-01-21 14:28:00,Hotels.com,Food,"Berlin, DE"
TXN_001371,USER_020,4.77,2026-01-21 14:56:00,Spotify,Transport,"London, UK"
TXN_004788,USER_040,669.36,2026-01-21 15:00:00,McDonalds,Utilities,"Marseille, FR"
TXN_003230,USER_036,15.8,2026-01-21 15:04:00,Shell Gas,Shopping,"Lyon, FR"
TXN_004871,USER_018,87.74,2026-01-21 15:16:00,Steam,Shopping,"New York, US"
TXN_002493,USER_024,71.18,2026-01-21 15:29:00,McDonalds,Transport,"London, UK"
TXN_002024,USER_003,15.4,2026-01-21 15:51:00,Shell Gas,Healthcare,"Rome, IT"
TXN_000168,USER_048,7.65,2026-01-21 16:46:00,Spotify,Subscription,"Lyon, FR"
TXN_004901,USER_047,4.9,2026-01-21 16:52:00,Shell Gas,Utilities,"Lyon, FR"
TXN_001072,USER_016,276.7,2026-01-21 17:22:00,Shell Gas,Healthcare,"Brussels, BE"
TXN_000924,USER_039,43.33,2026-01-21 17:28:00,Amazon,Utilities,"Lyon, FR"
TXN_004186,USER_015,240.64,2026-01-21 17:51:00,Amazon,Transport,"Berlin, DE"
TXN_002082,USER_001,23.43,2026-01-21 18:41:00,PayPal,Transport,"Marseille, FR"
TXN_000288,USER_049,75.31,2026-01-21 20:36:00,Whole Foods,Subscription,"Amsterdam, NL"
TXN_003468,USER_041,6.39,2026-01-21 22:06:00,BestBuy,Fuel,"London, UK"
TXN_004761,USER_037,5.13,2026-01-21 23:59:00,CVS,Shopping,"Paris, FR"
TXN_000128,USER_020,22.16,2026-01-22 00:31:00,Steam,Healthcare,"New York, US"
TXN_004450,USER_027,13.74,2026-01-22 01:39:00,Walmart,Healthcare,"Rome, IT"
TXN_001594,USER_028,1881.2444657333388,2026-01-22 03:08:00,Hertz,Food,"Beijing, CN"
TXN_002388,USER_021,15.93,2026-01-22 03:11:00,PayPal,Food,"Madrid, ES"
TXN_003835,USER_012,91.86,2026-01-22 03:26:00,Google Play,Subscription,"Paris, FR"
TXN_003004,USER_022,13.99,2026-01-22 03:38:00,Apple Store,Entertainment,"Marseille, FR"
TXN_003674,USER_014,57.73,2026-01-22 03:45:00,Target,Shopping,"Marseille, FR"
TXN_003080,USER_007,12.92,2026-01-22 03:48:00,Netflix,Fuel,"Marseille, FR"
TXN_000441,USER_038,9.48,2026-01-22 03:48:00,Netflix,Travel,"New York, US"
TXN_000820,USER_029,187.88,2026-01-22 06:16:00,Target,Subscription,"Rome, IT"
TXN_002727,USER_046,19.89,2026-01-22 06:57:00,Shell Gas,Transport,"New York, US"
TXN_001473,USER_025,5.31,2026-01-22 07:12:00,Apple Store,Other,"Lyon, FR"
TXN_000279,USER_028,176.78,2026-01-22 07:13:00,PayPal,Utilities,"Lyon, FR"
TXN_002396,USER_033,14.63,2026-01-22 07:28:00,Hertz,Healthcare,"Brussels, BE"
TXN_001184,USER_014,26.69,2026-01-22 07:31:00,Apple Store,Travel,"Lyon, FR"
TXN_000411,USER_003,5.32,2026-01-22 07:32:00,BestBuy,Entertainment,"Paris, FR"
TXN_002862,USER_024,212.56,2026-01-22 07:59:00,Airbnb,Transport,"Brussels, BE"
TXN_002722,USER_042,69.18,2026-01-22 08:09:00,Airbnb,Fuel,"Madrid, ES"
TXN_003083,USER_015,20.0,2026-01-22 08:10:00,PayPal,Food,"New York, US"
TXN_004156,USER_020,9.32,2026-01-22 08:16:00,Whole Foods,Subscription,"London, UK"
TXN_001058,USER_003,144.5,2026-01-22 08:29:00,Steam,Subscription,"Brussels, BE"
TXN_003938,USER_033,93.38,2026-01-22 08:38:00,Spotify,Fuel,"Berlin, DE"
TXN_001922,USER_024,17.15,2026-01-22 08:54:00,Starbucks,Healthcare,"Madrid, ES"
TXN_000576,USER_008,11.22,2026-01-22 08:55:00,Netflix,Fuel,"Berlin, DE"
TXN_001080,USER_006,13.87,2026-01-22 09:13:00,Whole Foods,Entertainment,"Lyon, FR"
TXN_001943,USER_009,37.81,2026-01-22 09:19:00,Apple Store,Fuel,"Berlin, DE"
TXN_001168,USER_007,1.4,2026-01-22 09:34:00,Delta Airlines,Food,"Rome, IT"
TXN_000844,USER_038,66.16,2026-01-22 10:30:00,PayPal,Fuel,"London, UK"
TXN_002507,USER_022,43.6,2026-01-22 10:37:00,Whole Foods,Other,"London, UK"
TXN_002327,USER_014,10.31,2026-01-22 10:40:00,Hotels.com,Fuel,"Berlin, DE"
TXN_000986,USER_012,68.95,2026-01-22 10:56:00,Whole Foods,Entertainment,"Lyon, FR"
TXN_004393,USER_039,6.06,2026-01-22 11:04:00,Steam,Healthcare,"London, UK"
TXN_003382,USER_015,65.35,2026-01-22 11:05:00,Amazon,Healthcare,"Berlin, DE"
TXN_002220,USER_016,50.78,2026-01-22 11:18:00,Hotels.com,Utilities,"Berlin, DE"
TXN_001077,USER_036,44.98,2026-01-22 11:47:00,Whole Foods,Transport,"Lyon, FR"
TXN_004681,USER_026,30.78,2026-01-22 12:23:00,Uber,Shopping,"Berlin, DE"
TXN_001221,USER_048,32.86,2026-01-22 12:41:00,Hotels.com,Food,"Amsterdam, NL"
TXN_002707,USER_020,15.43,2026-01-22 13:00:00,Hertz,Food,"Rome, IT"
TXN_001792,USER_039,99.56,2026-01-22 13:07:00,Whole Foods,Entertainment,"Brussels, BE"
TXN_004527,USER_034,36.14,2026-01-22 13:37:00,Whole Foods,Food,"Lyon, FR"
TXN_004128,USER_015,67.64,2026-01-22 13:41:00,Hotels.com,Travel,"Madrid, ES"
TXN_003323,USER_012,21.76,2026-01-22 14:01:00,Whole Foods,Food,"New York, US"
TXN_000153,USER_001,25.97,2026-01-22 14:06:00,Hotels.com,Subscription,"Rome, IT"
TXN_001777,USER_009,21.07,2026-01-22 14:43:00,Starbucks,Utilities,"Paris, FR"
TXN_003384,USER_041,6.61,2026-01-22 14:49:00,Netflix,Entertainment,"Marseille, FR"
TXN_001796,USER_030,6.82,2026-01-22 14:50:00,Target,Utilities,"Rome, IT"
TXN_FRAUD_4030_0,USER_030,166.29853981508793,2026-01-22 14:50:00,Target,Utilities,"Rome, IT"
TXN_FRAUD_4030_1,USER_030,267.9960007627119,2026-01-22 14:55:00,Target,Utilities,"Rome, IT"
TXN_FRAUD_4030_2,USER_030,292.2262230293022,2026-01-22 15:00:00,Target,Utilities,"Rome, IT"
TXN_003426,USER_011,24.45,2026-01-22 15:12:00,Walmart,Fuel,"Paris, FR"
TXN_003820,USER_002,19.93,2026-01-22 15:16:00,Spotify,Travel,"New York, US"
TXN_002603,USER_024,64.74,2026-01-22 15:18:00,Shell Gas,Healthcare,"London, UK"
TXN_001309,USER_044,14.55,2026-01-22 15:22:00,Starbucks,Travel,"New York, US"
TXN_003555,USER_015,98.45,2026-01-22 15:36:00,Airbnb,Shopping,"Rome, IT"
TXN_002837,USER_018,211.12,2026-01-22 15:41:00,Walmart,Subscription,"Amsterdam, NL"
TXN_003922,USER_046,36.32,2026-01-22 15:49:00,Walmart,Food,"Madrid, ES"
TXN_FRAUD_4037_0,USER_046,332.1038568897802,2026-01-22 15:49:00,Walmart,Food,"Madrid, ES"
TXN_FRAUD_4037_1,USER_046,179.18922051434785,2026-01-22 15:54:00,Walmart,Food,"Madrid, ES"
TXN_004630,USER_015,5.43,2026-01-22 15:56:00,Spotify,Fuel,"London, UK"
TXN_FRAUD_4037_2,USER_046,243.03924468992645,2026-01-22 15:59:00,Walmart,Food,"Madrid, ES"
TXN_000212,USER_025,51.16,2026-01-22 16:10:00,Whole Foods,Utilities,"London, UK"
TXN_004145,USER_045,30.02,2026-01-22 16:21:00,Hertz,Other,"Rome, IT"
TXN_004336,USER_035,11.09,2026-01-22 16:23:00,Shell Gas,Shopping,"Berlin, DE"
TXN_000295,USER_029,16.82,2026-01-22 16:29:00,Shell Gas,Travel,"Amsterdam, NL"
TXN_000420,USER_008,108.26,2026-01-22 16:31:00,Hertz,Healthcare,"Madrid, ES"
TXN_002889,USER_044,10.07,2026-01-22 16:33:00,Spotify,Entertainment,"London, UK"
TXN_002831,USER_041,47.83,2026-01-22 16:44:00,Steam,Utilities,"Berlin, DE"
TXN_000961,USER_026,49.77,2026-01-22 16:48:00,Netflix,Transport,"Madrid, ES"
TXN_003675,USER_042,6.31,2026-01-22 16:58:00,Whole Foods,Travel,"Paris, FR"
TXN_000469,USER_047,21.16,2026-01-22 17:08:00,Whole Foods,Other,"Berlin, DE"
TXN_002159,USER_011,211.52,2026-01-22 17:15:00,Uber,Fuel,"Madrid, ES"
TXN_000722,USER_034,134.23,2026-01-22 17:31:00,CVS,Transport,"Lyon, FR"
TXN_004531,USER_050,19.89,2026-01-22 17:34:00,Airbnb,Other,"Paris, FR"
TXN_004997,USER_029,235.44,2026-01-22 17:51:00,Google Play,Transport,"Marseille, FR"
TXN_002334,USER_035,24.37,2026-01-22 18:03:00,Delta Airlines,Other,"Brussels, BE"
TXN_001900,USER_015,62.68,2026-01-22 18:37:00,CVS,Food,"Berlin, DE"
TXN_001215,USER_039,34.19,2026-01-22 18:56:00,Delta Airlines,Food,"Madrid, ES"
TXN_003564,USER_005,6.28,2026-01-22 19:56:00,Apple Store,Other,"Madrid, ES"
TXN_002758,USER_032,41.51,2026-01-22 20:00:00,Starbucks,Entertainment,"Brussels, BE"
TXN_001083,USER_003,138.76,2026-01-22 20:12:00,Target,Shopping,"Berlin, DE"
TXN_001591,USER_048,47.25,2026-01-22 22:26:00,Hertz,Utilities,"Paris, FR"
TXN_003038,USER_015,19.97,2026-01-23 00:19:00,Amazon,Travel,"Lyon, FR"
TXN_002379,USER_004,5.01,2026-01-23 02:53:00,Netflix,Other,"Brussels, BE"
TXN_000303,USER_006,16.08,2026-01-23 03:30:00,Starbucks,Travel,"London, UK"
TXN_000073,USER_024,18.32,2026-01-23 04:23:00,Starbucks,Healthcare,"Marseille, FR"
TXN_002966,USER_010,13.51,2026-01-23 04:28:00,Airbnb,Travel,"Lyon, FR"
TXN_002789,USER_008,11.55,2026-01-23 04:31:00,Starbucks,Entertainment,"Rome, IT"
TXN_003285,USER_043,6.48,2026-01-23 05:04:00,Steam,Utilities,"Paris, FR"
TXN_002819,USER_013,202.27,2026-01-23 05:07:00,Delta Airlines,Fuel,"London, UK"
TXN_003867,USER_037,19.75,2026-01-23 05:15:00,Whole Foods,Fuel,"Brussels, BE"
TXN_004921,USER_040,79.79,2026-01-23 05:26:00,Target,Other,"New York, US"
TXN_001144,USER_012,117.94,2026-01-23 05:45:00,Hertz,Transport,"Madrid, ES"
TXN_002834,USER_035,4.71,2026-01-23 05:56:00,BestBuy,Fuel,"Rome, IT"
TXN_001400,USER_020,268.69,2026-01-23 06:07:00,Hotels.com,Fuel,"Rome, IT"
TXN_004884,USER_024,172.71,2026-01-23 06:07:00,Whole Foods,Subscription,"Marseille, FR"
TXN_004246,USER_039,104.61,2026-01-23 06:47:00,Apple Store,Shopping,"London, UK"
TXN_001079,USER_024,71.36,2026-01-23 07:03:00,Uber,Utilities,"London, UK"
TXN_003770,USER_006,99.85,2026-01-23 07:15:00,BestBuy,Travel,"Madrid, ES"
TXN_004683,USER_014,56.37,2026-01-23 07:42:00,McDonalds,Transport,"Paris, FR"
TXN_001919,USER_049,16.26,2026-01-23 07:43:00,Walmart,Utilities,"Rome, IT"
TXN_000021,USER_048,928.88,2026-01-23 08:15:00,Whole Foods,Healthcare,"Berlin, DE"
TXN_002673,USER_049,31.12,2026-01-23 08:18:00,Airbnb,Food,"Brussels, BE"
TXN_001466,USER_048,18.63,2026-01-23 08:49:00,Apple Store,Healthcare,"Lyon, FR"
TXN_004721,USER_011,72.21,2026-01-23 08:51:00,Airbnb,Travel,"Amsterdam, NL"
TXN_003254,USER_003,12.37,2026-01-23 08:53:00,Walmart,Other,"Paris, FR"
TXN_004329,USER_019,157.64,2026-01-23 09:22:00,Amazon,Utilities,"London, UK"
TXN_004228,USER_003,15.22,2026-01-23 09:38:00,Apple Store,Healthcare,"Madrid, ES"
TXN_002795,USER_028,10.2,2026-01-23 09:58:00,Hotels.com,Utilities,"New York, US"
TXN_004328,USER_047,235.07,2026-01-23 10:22:00,Hertz,Food,"Madrid, ES"
TXN_003992,USER_012,24.86,2026-01-23 10:51:00,McDonalds,Other,"Marseille, FR"
TXN_004183,USER_031,64.65,2026-01-23 10:56:00,Starbucks,Shopping,"New York, US"
TXN_001245,USER_008,12.6,2026-01-23 11:18:00,Target,Transport,"Brussels, BE"
TXN_004710,USER_003,148.14,2026-01-23 12:02:00,McDonalds,Transport,"Berlin, DE"
TXN_001574,USER_017,7.34,2026-01-23 12:53:00,Delta Airlines,Shopping,"Lyon, FR"
TXN_000207,USER_032,28.99,2026-01-23 12:57:00,Uber,Subscription,"London, UK"
TXN_003394,USER_038,62.89,2026-01-23 13:09:00,Airbnb,Transport,"Amsterdam, NL"
TXN_004738,USER_007,2.38,2026-01-23 13:28:00,BestBuy,Utilities,"New York, US"
TXN_001358,USER_048,23.08,2026-01-23 13:43:00,Shell Gas,Entertainment,"Berlin, DE"
TXN_003103,USER_017,188.95,2026-01-23 13:55:00,Delta Airlines,Subscription,"Marseille, FR"
TXN_001728,USER_020,22.12,2026-01-23 14:15:00,Delta Airlines,Travel,"London, UK"
TXN_003780,USER_023,226.01,2026-01-23 14:36:00,Uber,Healthcare,"London, UK"
TXN_001498,USER_043,373.93,2026-01-23 14:37:00,Delta Airlines,Utilities,"Rome, IT"
TXN_002305,USER_001,23.61,2026-01-23 15:07:00,Walmart,Other,"Lagos, NG"
TXN_001863,USER_039,143.8,2026-01-23 15:30:00,McDonalds,Shopping,"Lyon, FR"
TXN_000655,USER_009,3.34,2026-01-23 15:54:00,Starbucks,Food,"Marseille, FR"
TXN_001369,USER_027,432.53,2026-01-23 16:09:00,Apple Store,Subscription,"Amsterdam, NL"
TXN_000518,USER_044,26.75,2026-01-23 16:30:00,Steam,Food,"Amsterdam, NL"
TXN_003154,USER_036,63.53,2026-01-23 16:40:00,Netflix,Fuel,"Amsterdam, NL"
TXN_004507,USER_035,106.59,2026-01-23 16:47:00,Target,Transport,"Lagos, NG"
TXN_001551,USER_014,3.31,2026-01-23 16:48:00,Delta Airlines,Other,"Marseille, FR"
TXN_FRAUD_4108_0,USER_014,439.0449604943539,2026-01-23 16:48:00,Delta Airlines,Other,"Marseille, FR"
TXN_FRAUD_4108_1,USER_014,261.84629374961986,2026-01-23 16:53:00,Delta Airlines,Other,"Marseille, FR"
TXN_FRAUD_4108_2,USER_014,185.92323192860243,2026-01-23 16:58:00,Delta Airlines,Other,"Marseille, FR"
TXN_004831,USER_038,122.68,2026-01-23 16:59:00,Delta Airlines,Other,"Lyon, FR"
TXN_003812,USER_033,20.39,2026-01-23 17:04:00,Apple Store,Travel,"Amsterdam, NL"
TXN_003803,USER_045,4.63,2026-01-23 17:13:00,CVS,Fuel,"Rome, IT"
TXN_001538,USER_003,47.95,2026-01-23 17:59:00,Netflix,Transport,"Brussels, BE"
TXN_000175,USER_012,23.92,2026-01-23 18:15:00,Hotels.com,Food,"Rome, IT"
TXN_001635,USER_016,18.88,2026-01-23 18:24:00,Hertz,Other,"New York, US"
TXN_004368,USER_012,460.5,2026-01-23 18:30:00,Spotify,Transport,"Berlin, DE"
TXN_000591,USER_021,87.25,2026-01-23 18:48:00,Target,Subscription,"Berlin, DE"
TXN_001342,USER_028,4.72,2026-01-23 19:02:00,Whole Foods,Transport,"Amsterdam, NL"
TXN_002290,USER_048,8.96,2026-01-23 20:31:00,Delta Airlines,Shopping,"New York, US"
TXN_001340,USER_014,253.27,2026-01-23 23:18:00,Airbnb,Utilities,"Paris, FR"
TXN_003950,USER_013,123.7,2026-01-23 23:23:00,Uber,Utilities,"London, UK"
TXN_004316,USER_033,5.6,2026-01-24 00:24:00,McDonalds,Travel,"Berlin, DE"
TXN_001774,USER_034,2519.086701621174,2026-01-24 01:38:00,Hertz,Subscription,"Beijing, CN"
TXN_004815,USER_028,23.58,2026-01-24 03:20:00,Uber,Entertainment,"Paris, FR"
TXN_004800,USER_050,1783.3483058357967,2026-01-24 03:26:00,Amazon,Shopping,"Moscow, RU"
TXN_004391,USER_011,29.76,2026-01-24 03:39:00,Steam,Other,"Lyon, FR"
TXN_001012,USER_012,18.37,2026-01-24 04:26:00,Airbnb,Other,"Madrid, ES"
TXN_004590,USER_018,44.61,2026-01-24 04:39:00,PayPal,Fuel,"Paris, FR"
TXN_002551,USER_030,18.03,2026-01-24 05:08:00,Google Play,Other,"Madrid, ES"
TXN_002439,USER_009,96.21,2026-01-24 05:12:00,Uber,Entertainment,"London, UK"
TXN_002703,USER_039,47.24,2026-01-24 05:12:00,Walmart,Food,"Paris, FR"
TXN_000687,USER_010,47.62,2026-01-24 05:33:00,Starbucks,Food,"Brussels, BE"
TXN_004474,USER_002,26.15,2026-01-24 05:34:00,Hertz,Subscription,"Marseille, FR"
TXN_002552,USER_043,11.95,2026-01-24 05:45:00,Walmart,Travel,"Lyon, FR"
TXN_001465,USER_002,43.24,2026-01-24 05:50:00,Starbucks,Travel,"Berlin, DE"
TXN_003256,USER_018,12.04,2026-01-24 06:06:00,CVS,Fuel,"Lyon, FR"
TXN_004904,USER_003,27.64,2026-01-24 06:27:00,Hertz,Healthcare,"Berlin, DE"
TXN_002392,USER_010,140.63,2026-01-24 06:49:00,BestBuy,Other,"New York, US"
TXN_000282,USER_028,38.58,2026-01-24 07:13:00,Delta Airlines,Food,"Lagos, NG"
TXN_003742,USER_030,41.06,2026-01-24 07:16:00,BestBuy,Healthcare,"Madrid, ES"
TXN_003556,USER_045,60.81,2026-01-24 07:22:00,PayPal,Healthcare,"Lyon, FR"
TXN_003282,USER_027,43.0,2026-01-24 07:28:00,Target,Subscription,"Madrid, ES"
TXN_000913,USER_024,17.19,2026-01-24 07:29:00,Target,Fuel,"London, UK"
TXN_004449,USER_015,17.68,2026-01-24 08:08:00,Shell Gas,Shopping,"Amsterdam, NL"
TXN_003915,USER_039,23.56,2026-01-24 08:13:00,Starbucks,Healthcare,"London, UK"
TXN_001650,USER_010,18.33,2026-01-24 08:14:00,Walmart,Utilities,"London, UK"
TXN_001731,USER_034,2.23,2026-01-24 08:30:00,Starbucks,Shopping,"New York, US"
TXN_001701,USER_005,132.8,2026-01-24 08:56:00,Target,Transport,"London, UK"
TXN_003267,USER_047,73.31,2026-01-24 09:07:00,Shell Gas,Subscription,"Paris, FR"
TXN_002349,USER_006,122.77,2026-01-24 09:48:00,Uber,Healthcare,"Brussels, BE"
TXN_002188,USER_038,91.61,2026-01-24 10:07:00,McDonalds,Entertainment,"Rome, IT"
TXN_003510,USER_026,20.83,2026-01-24 10:36:00,Google Play,Fuel,"Marseille, FR"
TXN_002804,USER_007,59.92,2026-01-24 10:41:00,BestBuy,Other,"Lyon, FR"
TXN_004012,USER_006,267.1,2026-01-24 10:44:00,Apple Store,Other,"Rome, IT"
TXN_004342,USER_007,43.05,2026-01-24 11:44:00,CVS,Travel,"New York, US"
TXN_003470,USER_002,106.56,2026-01-24 11:56:00,PayPal,Entertainment,"Marseille, FR"
TXN_000901,USER_026,10.3,2026-01-24 12:01:00,Walmart,Fuel,"London, UK"
TXN_000747,USER_031,9.46,2026-01-24 12:23:00,Google Play,Travel,"Marseille, FR"
TXN_001780,USER_021,126.28,2026-01-24 12:49:00,Whole Foods,Shopping,"Marseille, FR"
TXN_002368,USER_017,42.04,2026-01-24 13:01:00,Amazon,Travel,"Amsterdam, NL"
TXN_003757,USER_041,114.54,2026-01-24 13:06:00,Delta Airlines,Shopping,"Lyon, FR"
TXN_004673,USER_005,109.01,2026-01-24 13:33:00,Amazon,Entertainment,"Brussels, BE"
TXN_004074,USER_024,30.61,2026-01-24 13:55:00,Netflix,Transport,"Madrid, ES"
TXN_004930,USER_035,5.09,2026-01-24 14:10:00,Target,Utilities,"Berlin, DE"
TXN_001641,USER_026,89.09,2026-01-24 14:23:00,Delta Airlines,Healthcare,"London, UK"
TXN_002003,USER_013,58.89,2026-01-24 14:28:00,Starbucks,Entertainment,"Lyon, FR"
TXN_003719,USER_010,72.39,2026-01-24 14:49:00,BestBuy,Travel,"Paris, FR"
TXN_000038,USER_002,30.24,2026-01-24 15:23:00,Uber,Other,"New York, US"
TXN_000481,USER_013,12.07,2026-01-24 15:34:00,Hertz,Entertainment,"Rome, IT"
TXN_003543,USER_017,23.67,2026-01-24 15:51:00,McDonalds,Other,"Berlin, DE"
TXN_000958,USER_026,48.44,2026-01-24 16:00:00,Delta Airlines,Shopping,"Lyon, FR"
TXN_002480,USER_032,16.25,2026-01-24 16:03:00,Target,Transport,"Madrid, ES"
TXN_000129,USER_005,64.04,2026-01-24 16:32:00,Uber,Food,"London, UK"
TXN_000903,USER_015,159.39,2026-01-24 16:34:00,Spotify,Transport,"Rome, IT"
TXN_001428,USER_014,26.46,2026-01-24 16:45:00,Shell Gas,Transport,"Berlin, DE"
TXN_004770,USER_006,121.78,2026-01-24 17:02:00,Steam,Shopping,"Paris, FR"
TXN_000602,USER_009,157.35,2026-01-24 17:02:00,Delta Airlines,Subscription,"Paris, FR"
TXN_003896,USER_040,67.13,2026-01-24 17:05:00,CVS,Subscription,"Paris, FR"
TXN_003452,USER_017,20.6,2026-01-24 17:08:00,BestBuy,Healthcare,"New York, US"
TXN_000808,USER_027,5.53,2026-01-24 17:18:00,Whole Foods,Subscription,"Marseille, FR"
TXN_FRAUD_4177_0,USER_027,291.90633362123305,2026-01-24 17:18:00,Whole Foods,Subscription,"Marseille, FR"
TXN_FRAUD_4177_1,USER_027,403.353004153398,2026-01-24 17:23:00,Whole Foods,Subscription,"Marseille, FR"
TXN_FRAUD_4177_2,USER_027,302.41276819081656,2026-01-24 17:28:00,Whole Foods,Subscription,"Marseille, FR"
TXN_003787,USER_008,27.11,2026-01-24 17:45:00,Uber,Travel,"Amsterdam, NL"
TXN_003340,USER_026,4874.994447346413,2026-01-24 18:00:00,Netflix,Transport,"Amsterdam, NL"
TXN_003769,USER_003,28.7,2026-01-24 18:10:00,Uber,Food,"London, UK"
TXN_002982,USER_021,14.84,2026-01-24 18:37:00,Google Play,Other,"Lyon, FR"
TXN_003021,USER_011,35.68,2026-01-24 18:56:00,Apple Store,Shopping,"Lyon, FR"
TXN_002676,USER_035,2.85,2026-01-24 19:01:00,CVS,Subscription,"London, UK"
TXN_003917,USER_033,23.68,2026-01-24 19:52:00,Airbnb,Shopping,"London, UK"
TXN_000511,USER_014,51.45,2026-01-24 19:57:00,Steam,Food,"London, UK"
TXN_001631,USER_035,8.97,2026-01-24 20:04:00,Uber,Utilities,"Madrid, ES"
TXN_001446,USER_013,416.62,2026-01-24 22:42:00,Steam,Food,"New York, US"
TXN_001041,USER_045,125.51,2026-01-25 00:57:00,Google Play,Food,"New York, US"
TXN_001688,USER_030,346.75,2026-01-25 01:09:00,Amazon,Transport,"Paris, FR"
TXN_000859,USER_021,97.54,2026-01-25 01:51:00,CVS,Utilities,"Rome, IT"
TXN_003289,USER_050,1814.6804507671702,2026-01-25 02:30:00,Walmart,Subscription,"Beijing, CN"
TXN_FRAUD_4191_0,USER_010,449.1684401019013,2026-01-25 03:03:00,CVS,Utilities,"Madrid, ES"
TXN_002888,USER_010,178.57,2026-01-25 03:03:00,CVS,Utilities,"Madrid, ES"
TXN_FRAUD_4191_1,USER_010,385.7869432632709,2026-01-25 03:08:00,CVS,Utilities,"Madrid, ES"
TXN_FRAUD_4191_2,USER_010,351.0749537878104,2026-01-25 03:13:00,CVS,Utilities,"Madrid, ES"
TXN_001828,USER_007,915.23,2026-01-25 04:08:00,Steam,Transport,"Berlin, DE"
TXN_002611,USER_041,8.09,2026-01-25 04:09:00,Hertz,Healthcare,"Rome, IT"
TXN_003971,USER_030,7.32,2026-01-25 04:23:00,Walmart,Travel,"Amsterdam, NL"
TXN_004350,USER_009,6.76,2026-01-25 04:26:00,Walmart,Healthcare,"Rome, IT"
TXN_000130,USER_044,7.21,2026-01-25 04:39:00,BestBuy,Other,"Paris, FR"
TXN_000273,USER_026,43.03,2026-01-25 04:51:00,Amazon,Entertainment,"London, UK"
TXN_000249,USER_025,8.83,2026-01-25 05:21:00,Spotify,Subscription,"Brussels, BE"
TXN_002500,USER_030,32.65,2026-01-25 05:58:00,Target,Travel,"Brussels, BE"
TXN_004950,USER_003,24.32,2026-01-25 06:58:00,Walmart,Food,"Lagos, NG"
TXN_000084,USER_007,697.15,2026-01-25 07:15:00,Google Play,Travel,"Madrid, ES"
TXN_001224,USER_044,25.82,2026-01-25 07:37:00,Steam,Travel,"Rome, IT"
TXN_001836,USER_047,111.9,2026-01-25 08:16:00,Apple Store,Transport,"London, UK"
TXN_000928,USER_030,50.45,2026-01-25 08:25:00,Target,Entertainment,"Madrid, ES"
TXN_001440,USER_030,14.49,2026-01-25 08:35:00,Spotify,Subscription,"New York, US"
TXN_003248,USER_011,138.39,2026-01-25 09:08:00,Whole Foods,Healthcare,"Lyon, FR"
TXN_004338,USER_040,50.29,2026-01-25 09:35:00,Hotels.com,Utilities,"Lyon, FR"
TXN_000955,USER_003,25.38,2026-01-25 10:20:00,Delta Airlines,Entertainment,"Amsterdam, NL"
TXN_001682,USER_018,11.92,2026-01-25 11:04:00,Steam,Travel,"New York, US"
TXN_004543,USER_039,52.78,2026-01-25 11:04:00,Spotify,Other,"London, UK"
TXN_002590,USER_004,41.01,2026-01-25 11:31:00,Google Play,Utilities,"Madrid, ES"
TXN_003565,USER_030,3541.4983375590855,2026-01-25 11:50:00,Hertz,Other,"Brussels, BE"
TXN_000950,USER_031,72.27,2026-01-25 12:15:00,Target,Food,"Lagos, NG"
TXN_004483,USER_003,139.48,2026-01-25 14:09:00,Uber,Healthcare,"Madrid, ES"
TXN_000612,USER_036,1124.74,2026-01-25 14:26:00,CVS,Utilities,"Paris, FR"
TXN_000705,USER_022,17.45,2026-01-25 14:27:00,Hotels.com,Shopping,"Madrid, ES"
TXN_004439,USER_035,198.37,2026-01-25 15:14:00,Steam,Healthcare,"Paris, FR"
TXN_002136,USER_036,93.15,2026-01-25 16:00:00,Target,Other,"Amsterdam, NL"
TXN_002624,USER_027,15.63,2026-01-25 16:05:00,Apple Store,Travel,"Lyon, FR"
TXN_004359,USER_015,106.87,2026-01-25 16:15:00,Apple Store,Transport,"Lyon, FR"
TXN_003090,USER_045,6.25,2026-01-25 17:07:00,Apple Store,Healthcare,"Berlin, DE"
TXN_FRAUD_4224_0,USER_045,428.6809216138295,2026-01-25 17:07:00,Apple Store,Healthcare,"Berlin, DE"
TXN_FRAUD_4224_1,USER_045,325.2505699169912,2026-01-25 17:12:00,Apple Store,Healthcare,"Berlin, DE"
TXN_001565,USER_037,7.99,2026-01-25 17:15:00,Target,Healthcare,"Berlin, DE"
TXN_FRAUD_4224_2,USER_045,265.72778410571084,2026-01-25 17:17:00,Apple Store,Healthcare,"Berlin, DE"
TXN_004430,USER_047,241.14,2026-01-25 18:13:00,Whole Foods,Entertainment,"New York, US"
TXN_002634,USER_002,23.85,2026-01-25 18:44:00,Steam,Fuel,"Brussels, BE"
TXN_002451,USER_032,163.44,2026-01-25 20:14:00,Uber,Shopping,"London, UK"
TXN_000525,USER_039,97.27,2026-01-25 20:38:00,Apple Store,Healthcare,"Paris, FR"
TXN_000938,USER_019,144.05,2026-01-25 20:44:00,Hertz,Healthcare,"London, UK"
TXN_000534,USER_021,48.81,2026-01-26 00:32:00,Shell Gas,Subscription,"Berlin, DE"
TXN_003131,USER_029,59.35,2026-01-26 00:41:00,Uber,Transport,"Rome, IT"
TXN_000793,USER_040,2135.4184316231112,2026-01-26 01:32:00,Starbucks,Healthcare,"Beijing, CN"
TXN_002621,USER_025,1984.4411541141599,2026-01-26 01:42:00,BestBuy,Food,"Beijing, CN"
TXN_001559,USER_036,7.98,2026-01-26 03:12:00,Target,Healthcare,"London, UK"
TXN_002950,USER_023,2207.8465688643323,2026-01-26 03:39:00,Hotels.com,Shopping,"Moscow, RU"
TXN_002178,USER_041,123.03,2026-01-26 03:42:00,Walmart,Food,"Berlin, DE"
TXN_001946,USER_009,16.79,2026-01-26 04:23:00,Shell Gas,Other,"Lagos, NG"
TXN_001060,USER_015,2549.7651430974583,2026-01-26 04:33:00,Target,Shopping,"Moscow, RU"
TXN_000355,USER_003,1589.0309614009793,2026-01-26 04:57:00,Airbnb,Travel,"Moscow, RU"
TXN_001127,USER_018,13.65,2026-01-26 05:24:00,CVS,Entertainment,"Amsterdam, NL"
TXN_004177,USER_009,89.33,2026-01-26 05:34:00,Hotels.com,Entertainment,"Amsterdam, NL"
TXN_004890,USER_038,7.7,2026-01-26 05:38:00,Hertz,Entertainment,"New York, US"
TXN_004036,USER_025,46.8,2026-01-26 05:50:00,McDonalds,Other,"Brussels, BE"
TXN_002353,USER_009,674.42,2026-01-26 06:13:00,Hotels.com,Food,"Lagos, NG"
TXN_004309,USER_030,169.78,2026-01-26 06:16:00,PayPal,Food,"Rome, IT"
TXN_004109,USER_025,15.79,2026-01-26 06:19:00,BestBuy,Fuel,"Marseille, FR"
TXN_003044,USER_029,10.54,2026-01-26 06:29:00,Delta Airlines,Healthcare,"New York, US"
TXN_004143,USER_006,7.58,2026-01-26 06:37:00,McDonalds,Transport,"Rome, IT"
TXN_001242,USER_028,26.38,2026-01-26 06:48:00,Whole Foods,Subscription,"New York, US"
TXN_004302,USER_015,77.05,2026-01-26 06:57:00,BestBuy,Fuel,"Brussels, BE"
TXN_004317,USER_015,21.9,2026-01-26 07:05:00,PayPal,Shopping,"Rome, IT"
TXN_001730,USER_020,8.31,2026-01-26 07:09:00,Spotify,Travel,"Paris, FR"
TXN_003825,USER_039,23.1,2026-01-26 07:10:00,Uber,Shopping,"Paris, FR"
TXN_003283,USER_030,49.5,2026-01-26 07:24:00,Uber,Travel,"Amsterdam, NL"
TXN_002573,USER_015,7.36,2026-01-26 07:59:00,Uber,Travel,"Berlin, DE"
TXN_002534,USER_018,3.25,2026-01-26 08:00:00,Delta Airlines,Healthcare,"Marseille, FR"
TXN_003397,USER_017,80.37,2026-01-26 08:01:00,Amazon,Entertainment,"Madrid, ES"
TXN_000035,USER_034,136.41,2026-01-26 08:15:00,Shell Gas,Fuel,"New York, US"
TXN_003204,USER_023,1.85,2026-01-26 08:24:00,Steam,Utilities,"Brussels, BE"
TXN_003428,USER_027,90.17,2026-01-26 08:42:00,CVS,Fuel,"Rome, IT"
TXN_002737,USER_032,52.31,2026-01-26 09:10:00,Apple Store,Healthcare,"New York, US"
TXN_001654,USER_031,4.71,2026-01-26 09:56:00,Starbucks,Fuel,"Rome, IT"
TXN_004173,USER_049,77.16,2026-01-26 10:03:00,Netflix,Utilities,"Amsterdam, NL"
TXN_003042,USER_049,50.98,2026-01-26 11:04:00,Apple Store,Entertainment,"Berlin, DE"
TXN_002238,USER_034,15.93,2026-01-26 11:19:00,Delta Airlines,Healthcare,"Lyon, FR"
TXN_003785,USER_029,10.57,2026-01-26 11:24:00,Target,Healthcare,"Paris, FR"
TXN_000918,USER_024,44.23,2026-01-26 11:33:00,BestBuy,Entertainment,"Madrid, ES"
TXN_004538,USER_043,25.62,2026-01-26 12:23:00,Google Play,Utilities,"Berlin, DE"
TXN_001386,USER_004,4.52,2026-01-26 12:29:00,Shell Gas,Other,"Brussels, BE"
TXN_003014,USER_039,9.62,2026-01-26 12:55:00,Spotify,Shopping,"New York, US"
TXN_004663,USER_031,26.45,2026-01-26 13:51:00,PayPal,Shopping,"London, UK"
TXN_002458,USER_009,30.96,2026-01-26 14:22:00,Amazon,Shopping,"Madrid, ES"
TXN_000004,USER_033,111.34,2026-01-26 14:49:00,Hertz,Entertainment,"Brussels, BE"
TXN_004928,USER_005,22.34,2026-01-26 14:52:00,Hotels.com,Shopping,"Brussels, BE"
TXN_004935,USER_016,176.01,2026-01-26 15:30:00,BestBuy,Healthcare,"Paris, FR"
TXN_003679,USER_006,21.37,2026-01-26 15:55:00,Starbucks,Healthcare,"Paris, FR"
TXN_003913,USER_025,125.96,2026-01-26 15:59:00,Target,Food,"Brussels, BE"
TXN_002638,USER_044,363.66,2026-01-26 16:16:00,Uber,Transport,"Lagos, NG"
TXN_000854,USER_048,26.21,2026-01-26 17:00:00,Shell Gas,Utilities,"Rome, IT"
TXN_002610,USER_047,216.3,2026-01-26 17:40:00,Airbnb,Other,"Madrid, ES"
TXN_002200,USER_046,27.85,2026-01-26 17:44:00,Target,Other,"Madrid, ES"
TXN_002803,USER_025,34.86,2026-01-26 18:21:00,Steam,Shopping,"Amsterdam, NL"
TXN_004678,USER_028,6.39,2026-01-26 18:55:00,Hotels.com,Food,"Madrid, ES"
TXN_002106,USER_034,22.77,2026-01-26 19:29:00,Delta Airlines,Travel,"Rome, IT"
TXN_001664,USER_035,29.47,2026-01-26 20:08:00,Steam,Other,"Paris, FR"
TXN_003571,USER_020,10.34,2026-01-26 20:09:00,CVS,Fuel,"Brussels, BE"
TXN_001506,USER_042,39.23,2026-01-26 20:50:00,Walmart,Entertainment,"London, UK"
TXN_003897,USER_034,43.64,2026-01-26 22:48:00,Google Play,Fuel,"New York, US"
TXN_000404,USER_026,62.32,2026-01-26 23:35:00,Spotify,Other,"Berlin, DE"
TXN_001610,USER_007,17.91,2026-01-27 00:27:00,BestBuy,Fuel,"Paris, FR"
TXN_000424,USER_007,20.48,2026-01-27 00:35:00,Whole Foods,Entertainment,"New York, US"
TXN_001098,USER_023,2076.706238542648,2026-01-27 01:40:00,Airbnb,Other,"Moscow, RU"
TXN_003623,USER_020,58.39,2026-01-27 01:46:00,BestBuy,Food,"Madrid, ES"
TXN_003651,USER_037,17.55,2026-01-27 02:01:00,PayPal,Transport,"Lyon, FR"
TXN_000943,USER_024,2325.2196979184773,2026-01-27 02:05:00,Steam,Entertainment,"Beijing, CN"
TXN_002210,USER_032,41.76,2026-01-27 02:51:00,Steam,Utilities,"Rome, IT"
TXN_002631,USER_009,38.54,2026-01-27 03:27:00,Delta Airlines,Food,"Amsterdam, NL"
TXN_000691,USER_045,13.32,2026-01-27 04:38:00,Google Play,Entertainment,"Amsterdam, NL"
TXN_002760,USER_019,33.14,2026-01-27 04:54:00,Uber,Entertainment,"London, UK"
TXN_004293,USER_027,25.98,2026-01-27 04:58:00,Whole Foods,Other,"Paris, FR"
TXN_001134,USER_029,127.83,2026-01-27 05:19:00,Apple Store,Subscription,"New York, US"
TXN_002935,USER_040,69.02,2026-01-27 05:21:00,Walmart,Food,"Lyon, FR"
TXN_000332,USER_001,19.42,2026-01-27 06:10:00,Uber,Other,"Madrid, ES"
TXN_002160,USER_013,600.08,2026-01-27 06:29:00,Steam,Shopping,"Amsterdam, NL"
TXN_004951,USER_045,95.06,2026-01-27 06:53:00,Hertz,Utilities,"New York, US"
TXN_001973,USER_001,69.26,2026-01-27 07:00:00,Amazon,Healthcare,"Brussels, BE"
TXN_004284,USER_039,70.19,2026-01-27 07:05:00,Whole Foods,Fuel,"Lyon, FR"
TXN_003227,USER_006,5.11,2026-01-27 07:12:00,Netflix,Healthcare,"New York, US"
TXN_002793,USER_048,14.18,2026-01-27 07:17:00,Starbucks,Food,"Lagos, NG"
TXN_001318,USER_012,17.57,2026-01-27 07:32:00,Walmart,Other,"Marseille, FR"
TXN_000998,USER_025,45.71,2026-01-27 08:06:00,Airbnb,Transport,"Marseille, FR"
TXN_003141,USER_034,29.91,2026-01-27 08:28:00,Target,Utilities,"London, UK"
TXN_002508,USER_048,31.38,2026-01-27 08:30:00,Hotels.com,Entertainment,"Marseille, FR"
TXN_002556,USER_029,37.53,2026-01-27 09:17:00,Whole Foods,Other,"Madrid, ES"
TXN_002298,USER_017,22.54,2026-01-27 10:31:00,Airbnb,Other,"Lyon, FR"
TXN_004234,USER_048,65.0,2026-01-27 10:51:00,Target,Subscription,"Paris, FR"
TXN_002036,USER_027,144.85,2026-01-27 11:06:00,Apple Store,Shopping,"Paris, FR"
TXN_001022,USER_049,15.26,2026-01-27 11:39:00,Netflix,Utilities,"Brussels, BE"
TXN_000326,USER_029,147.94,2026-01-27 11:48:00,Target,Shopping,"London, UK"
TXN_004214,USER_040,18.9,2026-01-27 12:10:00,Apple Store,Entertainment,"Paris, FR"
TXN_002781,USER_035,17.94,2026-01-27 12:15:00,Shell Gas,Utilities,"Paris, FR"
TXN_002814,USER_023,97.69,2026-01-27 12:22:00,Uber,Travel,"London, UK"
TXN_001696,USER_006,15.54,2026-01-27 12:28:00,Spotify,Entertainment,"New York, US"
TXN_003458,USER_049,27.83,2026-01-27 13:36:00,Delta Airlines,Subscription,"Berlin, DE"
TXN_004437,USER_044,17.85,2026-01-27 13:50:00,Starbucks,Fuel,"Lagos, NG"
TXN_003396,USER_012,266.22,2026-01-27 15:41:00,Airbnb,Utilities,"Berlin, DE"
TXN_000444,USER_024,3.27,2026-01-27 16:02:00,Uber,Transport,"Lagos, NG"
TXN_003622,USER_021,55.57,2026-01-27 16:06:00,McDonalds,Fuel,"Marseille, FR"
TXN_003092,USER_041,15.28,2026-01-27 16:25:00,Walmart,Subscription,"Paris, FR"
TXN_003630,USER_034,282.57,2026-01-27 17:12:00,Steam,Other,"Amsterdam, NL"
TXN_000952,USER_026,2.15,2026-01-27 17:29:00,Delta Airlines,Utilities,"Amsterdam, NL"
TXN_002414,USER_039,226.99,2026-01-27 17:54:00,Walmart,Food,"Berlin, DE"
TXN_003168,USER_030,79.09,2026-01-27 17:58:00,McDonalds,Entertainment,"London, UK"
TXN_002602,USER_020,8.25,2026-01-27 18:20:00,Hertz,Entertainment,"Lagos, NG"
TXN_000670,USER_003,23.08,2026-01-27 18:27:00,CVS,Entertainment,"London, UK"
TXN_001582,USER_040,26.34,2026-01-27 19:11:00,Steam,Utilities,"Lyon, FR"
TXN_001171,USER_009,372.97,2026-01-27 19:24:00,Hotels.com,Fuel,"Rome, IT"
TXN_000437,USER_012,128.37,2026-01-27 19:42:00,Steam,Healthcare,"Brussels, BE"
TXN_002948,USER_009,8.92,2026-01-27 23:07:00,Steam,Transport,"Lyon, FR"
TXN_000076,USER_027,94.47,2026-01-27 23:35:00,Starbucks,Entertainment,"Marseille, FR"
TXN_004168,USER_034,8.73,2026-01-28 00:42:00,Hertz,Other,"Berlin, DE"
TXN_001240,USER_028,34.44,2026-01-28 01:59:00,Airbnb,Fuel,"Madrid, ES"
TXN_002999,USER_044,24.95,2026-01-28 03:15:00,CVS,Food,"Amsterdam, NL"
TXN_001104,USER_031,3373.7636276493695,2026-01-28 03:34:00,Starbucks,Shopping,"Madrid, ES"
TXN_FRAUD_4347_0,USER_024,259.2927568666766,2026-01-28 03:44:00,Shell Gas,Healthcare,"Rome, IT"
TXN_003608,USER_024,21.23,2026-01-28 03:44:00,Shell Gas,Healthcare,"Rome, IT"
TXN_FRAUD_4347_1,USER_024,178.5837250714101,2026-01-28 03:49:00,Shell Gas,Healthcare,"Rome, IT"
TXN_003645,USER_010,66.2,2026-01-28 03:53:00,Delta Airlines,Subscription,"Madrid, ES"
TXN_FRAUD_4347_2,USER_024,407.2854944999522,2026-01-28 03:54:00,Shell Gas,Healthcare,"Rome, IT"
TXN_000311,USER_050,16.23,2026-01-28 04:56:00,CVS,Healthcare,"Marseille, FR"
TXN_000124,USER_002,11.86,2026-01-28 04:57:00,Uber,Transport,"Rome, IT"
TXN_000248,USER_018,30.25,2026-01-28 05:28:00,Whole Foods,Fuel,"Berlin, DE"
TXN_002328,USER_023,107.64,2026-01-28 06:45:00,Hertz,Transport,"Lyon, FR"
TXN_000201,USER_003,36.0,2026-01-28 06:52:00,Uber,Utilities,"New York, US"
TXN_000794,USER_033,39.54,2026-01-28 06:55:00,Spotify,Food,"Lyon, FR"
TXN_000160,USER_037,42.48,2026-01-28 07:51:00,CVS,Food,"New York, US"
TXN_000878,USER_042,50.27,2026-01-28 07:52:00,Whole Foods,Shopping,"Lyon, FR"
TXN_003963,USER_026,3.49,2026-01-28 08:11:00,Uber,Travel,"London, UK"
TXN_001722,USER_028,3.98,2026-01-28 08:27:00,BestBuy,Travel,"Paris, FR"
TXN_003856,USER_018,63.42,2026-01-28 08:45:00,Uber,Travel,"New York, US"
TXN_004321,USER_037,21.85,2026-01-28 09:13:00,Hotels.com,Shopping,"Brussels, BE"
TXN_003955,USER_029,3.27,2026-01-28 10:09:00,Google Play,Food,"Berlin, DE"
TXN_001721,USER_043,74.26,2026-01-28 10:48:00,Airbnb,Healthcare,"Rome, IT"
TXN_001606,USER_008,2925.7063244528454,2026-01-28 11:02:00,BestBuy,Fuel,"New York, US"
TXN_000643,USER_048,19.2,2026-01-28 11:03:00,Airbnb,Travel,"Amsterdam, NL"
TXN_003969,USER_041,4.51,2026-01-28 11:09:00,Walmart,Subscription,"London, UK"
TXN_003161,USER_022,23.82,2026-01-28 11:34:00,Netflix,Utilities,"Madrid, ES"
TXN_002314,USER_038,31.77,2026-01-28 12:41:00,Steam,Food,"Paris, FR"
TXN_001362,USER_029,42.44,2026-01-28 13:11:00,Target,Entertainment,"Rome, IT"
TXN_000410,USER_041,42.03,2026-01-28 13:37:00,Steam,Transport,"New York, US"
TXN_001747,USER_034,50.06,2026-01-28 13:44:00,PayPal,Food,"Lyon, FR"
TXN_001304,USER_031,83.64,2026-01-28 13:50:00,Uber,Transport,"Paris, FR"
TXN_004324,USER_044,89.24,2026-01-28 14:42:00,Whole Foods,Utilities,"Madrid, ES"
TXN_000570,USER_029,29.49,2026-01-28 14:51:00,Google Play,Shopping,"Rome, IT"
TXN_001825,USER_042,6.98,2026-01-28 15:11:00,Walmart,Food,"New York, US"
TXN_000826,USER_050,2.68,2026-01-28 15:26:00,Hotels.com,Travel,"Lagos, NG"
TXN_000377,USER_043,29.75,2026-01-28 15:34:00,CVS,Travel,"Amsterdam, NL"
TXN_003801,USER_021,492.42,2026-01-28 15:59:00,Steam,Healthcare,"London, UK"
TXN_002750,USER_017,51.28,2026-01-28 16:08:00,Amazon,Shopping,"Berlin, DE"
TXN_000117,USER_009,47.72,2026-01-28 16:22:00,Amazon,Healthcare,"Amsterdam, NL"
TXN_000823,USER_039,5.81,2026-01-28 16:28:00,Spotify,Fuel,"Brussels, BE"
TXN_001626,USER_040,131.14,2026-01-28 17:29:00,Airbnb,Travel,"Madrid, ES"
TXN_004979,USER_004,13.45,2026-01-28 17:33:00,Hertz,Healthcare,"Paris, FR"
TXN_001154,USER_001,413.46,2026-01-28 17:36:00,Netflix,Shopping,"Rome, IT"
TXN_000225,USER_002,22.75,2026-01-28 17:44:00,Hertz,Travel,"Amsterdam, NL"
TXN_002929,USER_050,48.03,2026-01-28 18:14:00,Walmart,Entertainment,"New York, US"
TXN_004415,USER_002,62.2,2026-01-28 18:30:00,Whole Foods,Transport,"Lyon, FR"
TXN_001656,USER_006,9.87,2026-01-28 18:30:00,CVS,Healthcare,"Madrid, ES"
TXN_FRAUD_4385_0,USER_002,362.90579303102356,2026-01-28 18:30:00,Whole Foods,Transport,"Lyon, FR"
TXN_FRAUD_4385_1,USER_002,489.0124495262505,2026-01-28 18:35:00,Whole Foods,Transport,"Lyon, FR"
TXN_FRAUD_4385_2,USER_002,216.04923924026647,2026-01-28 18:40:00,Whole Foods,Transport,"Lyon, FR"
TXN_003585,USER_025,25.04,2026-01-28 19:09:00,Airbnb,Other,"Paris, FR"
TXN_FRAUD_4387_0,USER_025,493.87253000096945,2026-01-28 19:09:00,Airbnb,Other,"Paris, FR"
TXN_FRAUD_4387_1,USER_025,185.37763557861635,2026-01-28 19:14:00,Airbnb,Other,"Paris, FR"
TXN_FRAUD_4387_2,USER_025,161.8901854285748,2026-01-28 19:19:00,Airbnb,Other,"Paris, FR"
TXN_003005,USER_021,28.97,2026-01-28 23:24:00,Uber,Other,"Amsterdam, NL"
TXN_002680,USER_032,10.84,2026-01-28 23:59:00,Apple Store,Fuel,"Rome, IT"
TXN_003707,USER_044,14.19,2026-01-29 05:29:00,Amazon,Entertainment,"London, UK"
TXN_001153,USER_019,21.23,2026-01-29 05:59:00,BestBuy,Transport,"New York, US"
TXN_003517,USER_018,73.58,2026-01-29 06:45:00,Walmart,Shopping,"Marseille, FR"
TXN_002970,USER_021,171.7,2026-01-29 07:21:00,Shell Gas,Subscription,"New York, US"
TXN_001980,USER_001,25.19,2026-01-29 07:24:00,Steam,Entertainment,"London, UK"
TXN_000099,USER_027,95.05,2026-01-29 07:24:00,Shell Gas,Healthcare,"Rome, IT"
TXN_001622,USER_004,39.07,2026-01-29 07:33:00,Delta Airlines,Utilities,"Madrid, ES"
TXN_002166,USER_001,4.46,2026-01-29 07:37:00,Whole Foods,Transport,"Paris, FR"
TXN_002914,USER_015,71.58,2026-01-29 08:50:00,Whole Foods,Fuel,"Lyon, FR"
TXN_001140,USER_034,357.11,2026-01-29 08:51:00,Shell Gas,Utilities,"Rome, IT"
TXN_002457,USER_050,84.1,2026-01-29 09:55:00,CVS,Other,"Berlin, DE"
TXN_001752,USER_004,36.01,2026-01-29 10:38:00,Netflix,Transport,"Brussels, BE"
TXN_001305,USER_012,36.01,2026-01-29 11:51:00,Spotify,Food,"Rome, IT"
TXN_001066,USER_037,97.45,2026-01-29 11:59:00,Hertz,Fuel,"Madrid, ES"
TXN_002892,USER_001,9.99,2026-01-29 12:32:00,Steam,Shopping,"Rome, IT"
TXN_001516,USER_013,9.71,2026-01-29 13:07:00,Apple Store,Other,"Lyon, FR"
TXN_004561,USER_037,4.72,2026-01-29 13:15:00,Target,Travel,"Lyon, FR"
TXN_001350,USER_024,29.84,2026-01-29 13:17:00,Amazon,Food,"Madrid, ES"
TXN_003578,USER_047,14.2,2026-01-29 13:30:00,Airbnb,Subscription,"Amsterdam, NL"
TXN_000620,USER_019,366.53,2026-01-29 13:33:00,Delta Airlines,Healthcare,"Madrid, ES"
TXN_001912,USER_031,42.76,2026-01-29 14:41:00,Shell Gas,Subscription,"London, UK"
TXN_001411,USER_050,33.13,2026-01-29 14:59:00,BestBuy,Other,"Marseille, FR"
TXN_000775,USER_022,12.64,2026-01-29 14:59:00,Apple Store,Shopping,"Paris, FR"
TXN_003441,USER_019,19.54,2026-01-29 15:12:00,McDonalds,Travel,"Berlin, DE"
TXN_003573,USER_029,14.85,2026-01-29 15:22:00,Delta Airlines,Subscription,"Paris, FR"
TXN_003531,USER_047,398.83,2026-01-29 15:40:00,Hotels.com,Healthcare,"Paris, FR"
TXN_002164,USER_049,28.13,2026-01-29 15:46:00,Netflix,Fuel,"Marseille, FR"
TXN_004517,USER_047,31.68,2026-01-29 15:56:00,Shell Gas,Travel,"New York, US"
TXN_004306,USER_028,7.58,2026-01-29 16:34:00,Google Play,Other,"Marseille, FR"
TXN_FRAUD_4419_0,USER_037,300.8193822252699,2026-01-29 16:38:00,Spotify,Fuel,"Lyon, FR"
TXN_001659,USER_037,327.44,2026-01-29 16:38:00,Spotify,Fuel,"Lyon, FR"
TXN_FRAUD_4419_1,USER_037,123.90981644363781,2026-01-29 16:43:00,Spotify,Fuel,"Lyon, FR"
TXN_FRAUD_4419_2,USER_037,389.23466413232757,2026-01-29 16:48:00,Spotify,Fuel,"Lyon, FR"
TXN_004568,USER_032,92.62,2026-01-29 17:01:00,Spotify,Subscription,"Marseille, FR"
TXN_003220,USER_014,17.91,2026-01-29 17:21:00,Google Play,Shopping,"Rome, IT"
TXN_001568,USER_034,5.68,2026-01-29 17:29:00,Delta Airlines,Food,"London, UK"
TXN_001296,USER_007,161.35,2026-01-29 19:32:00,Google Play,Subscription,"Lyon, FR"
TXN_004551,USER_023,17.98,2026-01-30 00:00:00,PayPal,Utilities,"Marseille, FR"
TXN_001013,USER_034,2662.5665478048445,2026-01-30 02:28:00,Hertz,Utilities,"Beijing, CN"
TXN_003902,USER_034,20.93,2026-01-30 03:24:00,BestBuy,Subscription,"Brussels, BE"
TXN_003450,USER_044,3.3,2026-01-30 03:51:00,Spotify,Entertainment,"New York, US"
TXN_004121,USER_016,62.68,2026-01-30 04:38:00,Hotels.com,Entertainment,"Lyon, FR"
TXN_001261,USER_047,75.81,2026-01-30 04:58:00,Shell Gas,Other,"Berlin, DE"
TXN_002130,USER_017,28.19,2026-01-30 04:59:00,Target,Transport,"Lyon, FR"
TXN_001051,USER_050,29.6,2026-01-30 05:20:00,Steam,Transport,"Paris, FR"
TXN_000235,USER_042,197.72,2026-01-30 05:26:00,Amazon,Shopping,"Berlin, DE"
TXN_000289,USER_042,52.89,2026-01-30 05:27:00,Apple Store,Travel,"Marseille, FR"
TXN_003059,USER_008,54.36,2026-01-30 05:35:00,Amazon,Subscription,"Marseille, FR"
TXN_000284,USER_033,15.62,2026-01-30 05:55:00,Delta Airlines,Fuel,"New York, US"
TXN_004740,USER_030,277.33,2026-01-30 05:56:00,Netflix,Subscription,"Amsterdam, NL"
TXN_003854,USER_046,12.1,2026-01-30 06:00:00,Walmart,Healthcare,"Amsterdam, NL"
TXN_004577,USER_004,18.77,2026-01-30 06:01:00,Google Play,Shopping,"Paris, FR"
TXN_004103,USER_010,162.29,2026-01-30 07:32:00,Airbnb,Entertainment,"Amsterdam, NL"
TXN_001831,USER_033,23.58,2026-01-30 07:35:00,Uber,Fuel,"Amsterdam, NL"
TXN_000068,USER_044,32.82,2026-01-30 07:42:00,Netflix,Fuel,"Rome, IT"
TXN_003549,USER_011,28.83,2026-01-30 07:53:00,Hotels.com,Other,"Brussels, BE"
TXN_001402,USER_020,55.14,2026-01-30 08:41:00,Hotels.com,Food,"London, UK"
TXN_003003,USER_021,119.86,2026-01-30 08:46:00,Hotels.com,Utilities,"Brussels, BE"
TXN_004992,USER_029,20.03,2026-01-30 08:57:00,PayPal,Healthcare,"Paris, FR"
TXN_001899,USER_035,780.74,2026-01-30 09:34:00,Hotels.com,Food,"Berlin, DE"
TXN_000589,USER_005,8.28,2026-01-30 09:38:00,Target,Healthcare,"Brussels, BE"
TXN_000828,USER_023,190.31,2026-01-30 09:39:00,Spotify,Fuel,"Brussels, BE"
TXN_002292,USER_044,18.32,2026-01-30 10:42:00,Starbucks,Utilities,"London, UK"
TXN_001829,USER_012,181.61,2026-01-30 12:36:00,Apple Store,Subscription,"Lyon, FR"
TXN_002976,USER_026,14.34,2026-01-30 12:41:00,Whole Foods,Utilities,"Amsterdam, NL"
TXN_001784,USER_029,12.92,2026-01-30 12:45:00,Spotify,Food,"Marseille, FR"
TXN_002151,USER_007,16.04,2026-01-30 13:16:00,Delta Airlines,Other,"Paris, FR"
TXN_FRAUD_4453_0,USER_001,308.4078067150607,2026-01-30 13:37:00,Steam,Shopping,"London, UK"
TXN_001085,USER_001,134.15,2026-01-30 13:37:00,Steam,Shopping,"London, UK"
TXN_000013,USER_030,38.35,2026-01-30 13:41:00,Google Play,Transport,"Berlin, DE"
TXN_FRAUD_4453_1,USER_001,423.7179917541888,2026-01-30 13:42:00,Steam,Shopping,"London, UK"
TXN_004853,USER_034,58.4,2026-01-30 13:45:00,Target,Subscription,"Marseille, FR"
TXN_FRAUD_4453_2,USER_001,423.3426497309043,2026-01-30 13:47:00,Steam,Shopping,"London, UK"
TXN_002816,USER_032,4.78,2026-01-30 13:59:00,Steam,Entertainment,"London, UK"
TXN_002539,USER_014,10.48,2026-01-30 14:11:00,Airbnb,Food,"New York, US"
TXN_004055,USER_010,90.05,2026-01-30 16:03:00,Spotify,Food,"Amsterdam, NL"
TXN_000788,USER_025,286.9,2026-01-30 16:04:00,Hertz,Other,"Paris, FR"
TXN_004566,USER_015,35.45,2026-01-30 16:07:00,Steam,Shopping,"Lyon, FR"
TXN_003209,USER_028,156.33,2026-01-30 16:36:00,Starbucks,Subscription,"Amsterdam, NL"
TXN_003632,USER_029,42.54,2026-01-30 16:38:00,Airbnb,Utilities,"Madrid, ES"
TXN_002032,USER_003,78.32,2026-01-30 16:57:00,Netflix,Transport,"London, UK"
TXN_003315,USER_003,44.9,2026-01-30 17:08:00,Uber,Utilities,"Brussels, BE"
TXN_004274,USER_029,8.03,2026-01-30 17:21:00,Hotels.com,Entertainment,"Berlin, DE"
TXN_000096,USER_043,151.72,2026-01-30 17:27:00,Apple Store,Food,"New York, US"
TXN_001226,USER_038,9.02,2026-01-30 17:39:00,Amazon,Transport,"Marseille, FR"
TXN_004903,USER_010,50.44,2026-01-30 17:41:00,Hertz,Subscription,"Marseille, FR"
TXN_003989,USER_011,54.23,2026-01-30 18:10:00,Amazon,Food,"Rome, IT"
TXN_002686,USER_022,132.83,2026-01-30 18:31:00,Hertz,Transport,"New York, US"
TXN_000967,USER_025,55.37,2026-01-30 18:38:00,Uber,Entertainment,"Berlin, DE"
TXN_003149,USER_039,103.97,2026-01-30 18:41:00,Apple Store,Transport,"Rome, IT"
TXN_004053,USER_033,33.2,2026-01-30 18:44:00,Walmart,Fuel,"Rome, IT"
TXN_003226,USER_047,353.99,2026-01-30 19:05:00,Starbucks,Transport,"New York, US"
TXN_000224,USER_025,48.18,2026-01-30 19:11:00,BestBuy,Entertainment,"Rome, IT"
TXN_001868,USER_007,10.23,2026-01-30 19:24:00,Google Play,Transport,"Lagos, NG"
TXN_004433,USER_024,11.79,2026-01-30 20:06:00,Airbnb,Entertainment,"Lyon, FR"
TXN_004307,USER_001,64.03,2026-01-30 20:45:00,Hertz,Fuel,"Lyon, FR"
TXN_003611,USER_045,2.76,2026-01-30 23:39:00,BestBuy,Utilities,"Lyon, FR"
TXN_001494,USER_012,75.96,2026-01-30 23:42:00,Walmart,Subscription,"Paris, FR"
TXN_002879,USER_012,2636.2625067646472,2026-01-31 01:08:00,Walmart,Fuel,"Moscow, RU"
TXN_001596,USER_040,32.05,2026-01-31 01:10:00,Airbnb,Healthcare,"Paris, FR"
TXN_003982,USER_001,4.56,2026-01-31 01:49:00,Steam,Other,"Madrid, ES"
TXN_000262,USER_044,7.59,2026-01-31 02:23:00,Amazon,Other,"London, UK"
TXN_002205,USER_002,70.54,2026-01-31 02:38:00,Whole Foods,Shopping,"Rome, IT"
TXN_001262,USER_004,1.54,2026-01-31 03:04:00,BestBuy,Shopping,"Marseille, FR"
TXN_001448,USER_049,203.49,2026-01-31 03:13:00,Google Play,Subscription,"Amsterdam, NL"
TXN_004702,USER_036,10.88,2026-01-31 04:07:00,Google Play,Entertainment,"Amsterdam, NL"
TXN_004858,USER_012,1590.8680068655517,2026-01-31 04:29:00,Airbnb,Utilities,"Beijing, CN"
TXN_004779,USER_001,40.21,2026-01-31 04:47:00,CVS,Utilities,"London, UK"
TXN_002905,USER_013,45.45,2026-01-31 04:51:00,Steam,Healthcare,"Marseille, FR"
TXN_000226,USER_015,4.86,2026-01-31 04:52:00,Airbnb,Utilities,"Madrid, ES"
TXN_003339,USER_017,33.22,2026-01-31 05:26:00,Hotels.com,Shopping,"Lyon, FR"
TXN_000739,USER_039,14.49,2026-01-31 05:53:00,Shell Gas,Subscription,"New York, US"
TXN_003415,USER_033,11.67,2026-01-31 06:06:00,Spotify,Utilities,"Marseille, FR"
TXN_003084,USER_041,37.82,2026-01-31 06:17:00,Starbucks,Entertainment,"Lagos, NG"
TXN_004847,USER_022,152.32,2026-01-31 06:21:00,Whole Foods,Shopping,"Lyon, FR"
TXN_002049,USER_001,36.94,2026-01-31 06:47:00,Walmart,Transport,"New York, US"
TXN_001356,USER_012,11.65,2026-01-31 07:23:00,Target,Fuel,"New York, US"
TXN_000507,USER_028,21.42,2026-01-31 08:38:00,Apple Store,Other,"Lyon, FR"
TXN_003346,USER_010,141.86,2026-01-31 09:38:00,BestBuy,Travel,"Berlin, DE"
TXN_001837,USER_021,140.77,2026-01-31 09:38:00,Walmart,Fuel,"Madrid, ES"
TXN_000245,USER_030,32.87,2026-01-31 09:49:00,Walmart,Subscription,"Madrid, ES"
TXN_004766,USER_019,85.34,2026-01-31 09:50:00,Amazon,Entertainment,"Amsterdam, NL"
TXN_002678,USER_050,12.51,2026-01-31 10:00:00,Whole Foods,Other,"Rome, IT"
TXN_004701,USER_026,88.0,2026-01-31 10:09:00,McDonalds,Subscription,"Marseille, FR"
TXN_000354,USER_050,4583.733658989249,2026-01-31 10:11:00,Google Play,Healthcare,"Amsterdam, NL"
TXN_004263,USER_002,11.61,2026-01-31 10:30:00,Hertz,Travel,"Lyon, FR"
TXN_002639,USER_033,53.95,2026-01-31 10:55:00,CVS,Travel,"Marseille, FR"
TXN_000233,USER_035,113.51,2026-01-31 12:10:00,Walmart,Healthcare,"London, UK"
TXN_002743,USER_018,19.97,2026-01-31 12:45:00,Apple Store,Shopping,"Marseille, FR"
TXN_001492,USER_028,16.17,2026-01-31 12:45:00,Walmart,Entertainment,"Marseille, FR"
TXN_003355,USER_020,23.53,2026-01-31 13:02:00,Airbnb,Entertainment,"London, UK"
TXN_002545,USER_023,24.7,2026-01-31 13:21:00,Airbnb,Transport,"Paris, FR"
TXN_000889,USER_030,14.11,2026-01-31 14:23:00,Target,Utilities,"Lyon, FR"
TXN_002855,USER_023,34.43,2026-01-31 14:28:00,Target,Travel,"Rome, IT"
TXN_004456,USER_002,23.25,2026-01-31 15:15:00,Hertz,Fuel,"Lyon, FR"
TXN_002193,USER_039,3.55,2026-01-31 15:21:00,Google Play,Healthcare,"Paris, FR"
TXN_003914,USER_044,102.21,2026-01-31 15:23:00,Starbucks,Utilities,"Lyon, FR"
TXN_002211,USER_032,21.32,2026-01-31 15:46:00,BestBuy,Travel,"Amsterdam, NL"
TXN_000369,USER_021,175.26,2026-01-31 15:52:00,Airbnb,Subscription,"Brussels, BE"
TXN_004605,USER_038,753.7,2026-01-31 16:06:00,Airbnb,Fuel,"Berlin, DE"
TXN_001558,USER_004,20.64,2026-01-31 16:06:00,Apple Store,Shopping,"Lyon, FR"
TXN_000866,USER_016,10.94,2026-01-31 16:27:00,CVS,Entertainment,"Paris, FR"
TXN_003765,USER_006,20.95,2026-01-31 16:30:00,Target,Transport,"Brussels, BE"
TXN_000429,USER_019,88.24,2026-01-31 16:51:00,Target,Other,"New York, US"
TXN_001489,USER_019,29.46,2026-01-31 16:58:00,Netflix,Other,"New York, US"
TXN_003056,USER_014,16.45,2026-01-31 17:00:00,PayPal,Travel,"Lyon, FR"
TXN_002033,USER_004,16.81,2026-01-31 17:03:00,Shell Gas,Fuel,"Lyon, FR"
TXN_001347,USER_016,4.82,2026-01-31 17:53:00,Amazon,Subscription,"London, UK"
TXN_003184,USER_038,39.17,2026-01-31 18:21:00,CVS,Fuel,"New York, US"
TXN_003341,USER_012,29.07,2026-01-31 18:25:00,BestBuy,Entertainment,"Marseille, FR"
TXN_002742,USER_042,3.55,2026-01-31 18:39:00,Steam,Subscription,"Paris, FR"
TXN_000293,USER_005,384.52,2026-01-31 18:43:00,Target,Other,"Amsterdam, NL"
TXN_001143,USER_030,9.33,2026-01-31 19:16:00,Target,Fuel,"Lyon, FR"
TXN_004848,USER_025,28.73,2026-01-31 23:42:00,Netflix,Other,"Marseille, FR"
TXN_002288,USER_018,87.66,2026-02-01 02:54:00,Apple Store,Other,"Lyon, FR"
TXN_001130,USER_046,10.62,2026-02-01 03:11:00,McDonalds,Healthcare,"Rome, IT"
TXN_001927,USER_012,38.55,2026-02-01 03:35:00,Steam,Food,"Rome, IT"
TXN_001107,USER_030,34.34,2026-02-01 03:48:00,Target,Healthcare,"London, UK"
TXN_002517,USER_028,169.07,2026-02-01 04:10:00,McDonalds,Shopping,"Berlin, DE"
TXN_003927,USER_034,489.17,2026-02-01 04:46:00,Delta Airlines,Transport,"Marseille, FR"
TXN_000287,USER_049,1815.1468244067723,2026-02-01 04:52:00,McDonalds,Subscription,"Beijing, CN"
TXN_004978,USER_037,3.57,2026-02-01 05:40:00,McDonalds,Healthcare,"Paris, FR"
TXN_001681,USER_019,30.51,2026-02-01 05:58:00,Amazon,Shopping,"Rome, IT"
TXN_000599,USER_043,91.51,2026-02-01 05:58:00,Walmart,Healthcare,"London, UK"
TXN_004503,USER_006,36.93,2026-02-01 06:17:00,CVS,Utilities,"Brussels, BE"
TXN_000732,USER_025,35.76,2026-02-01 06:19:00,Whole Foods,Other,"Rome, IT"
TXN_000824,USER_014,8.78,2026-02-01 06:30:00,Airbnb,Travel,"Berlin, DE"
TXN_001772,USER_049,5.97,2026-02-01 06:48:00,Hotels.com,Fuel,"Marseille, FR"
TXN_000842,USER_046,28.15,2026-02-01 06:59:00,Delta Airlines,Fuel,"Berlin, DE"
TXN_004547,USER_009,3.77,2026-02-01 07:02:00,Delta Airlines,Subscription,"Amsterdam, NL"
TXN_002382,USER_040,16.39,2026-02-01 07:51:00,Uber,Food,"Paris, FR"
TXN_001936,USER_046,38.23,2026-02-01 07:55:00,Shell Gas,Food,"Marseille, FR"
TXN_001287,USER_010,117.9,2026-02-01 08:28:00,Amazon,Shopping,"Madrid, ES"
TXN_004900,USER_048,376.2,2026-02-01 08:30:00,Uber,Shopping,"London, UK"
TXN_000123,USER_050,40.37,2026-02-01 08:50:00,Amazon,Entertainment,"New York, US"
TXN_004482,USER_045,15.82,2026-02-01 08:58:00,Walmart,Transport,"Paris, FR"
TXN_000996,USER_042,26.67,2026-02-01 09:22:00,McDonalds,Utilities,"Berlin, DE"
TXN_000408,USER_017,87.17,2026-02-01 09:38:00,Whole Foods,Other,"New York, US"
TXN_002065,USER_010,33.73,2026-02-01 09:57:00,Apple Store,Transport,"Madrid, ES"
TXN_000759,USER_042,7.91,2026-02-01 10:07:00,Shell Gas,Transport,"Brussels, BE"
TXN_003814,USER_039,29.79,2026-02-01 11:29:00,Whole Foods,Utilities,"Marseille, FR"
TXN_002915,USER_002,16.62,2026-02-01 11:40:00,Hotels.com,Other,"Madrid, ES"
TXN_004466,USER_005,73.84,2026-02-01 11:42:00,McDonalds,Entertainment,"Lyon, FR"
TXN_002669,USER_045,13.74,2026-02-01 11:42:00,Uber,Entertainment,"Rome, IT"
TXN_002395,USER_025,20.93,2026-02-01 11:53:00,Target,Entertainment,"Amsterdam, NL"
TXN_004256,USER_002,5.22,2026-02-01 12:11:00,Whole Foods,Transport,"Marseille, FR"
TXN_003574,USER_045,17.64,2026-02-01 12:16:00,Target,Travel,"Marseille, FR"
TXN_004602,USER_049,1954.23,2026-02-01 12:23:00,PayPal,Shopping,"Lyon, FR"
TXN_003401,USER_026,6.99,2026-02-01 12:25:00,Starbucks,Shopping,"Brussels, BE"
TXN_000393,USER_039,4.04,2026-02-01 12:31:00,Hotels.com,Utilities,"Brussels, BE"
TXN_003695,USER_005,127.95,2026-02-01 12:48:00,Shell Gas,Other,"Amsterdam, NL"
TXN_003968,USER_023,9.66,2026-02-01 13:31:00,Whole Foods,Utilities,"Rome, IT"
TXN_000624,USER_041,73.85,2026-02-01 14:31:00,Target,Utilities,"Madrid, ES"
TXN_004085,USER_044,192.26,2026-02-01 14:44:00,Hotels.com,Shopping,"Lyon, FR"
TXN_002309,USER_012,164.95,2026-02-01 14:57:00,Google Play,Other,"Berlin, DE"
TXN_002034,USER_001,55.03,2026-02-01 15:10:00,CVS,Travel,"Berlin, DE"
TXN_000598,USER_006,6.23,2026-02-01 15:11:00,Netflix,Food,"Berlin, DE"
TXN_002403,USER_024,37.41,2026-02-01 16:18:00,CVS,Entertainment,"Rome, IT"
TXN_001269,USER_017,19.06,2026-02-01 16:25:00,Steam,Subscription,"New York, US"
TXN_002467,USER_025,28.46,2026-02-01 17:13:00,Starbucks,Utilities,"Lyon, FR"
TXN_004670,USER_044,33.94,2026-02-01 17:35:00,Apple Store,Healthcare,"Rome, IT"
TXN_000865,USER_036,12.08,2026-02-01 17:48:00,BestBuy,Travel,"Rome, IT"
TXN_004650,USER_017,24.25,2026-02-01 18:18:00,Hertz,Entertainment,"Rome, IT"
TXN_003107,USER_050,3.64,2026-02-01 18:45:00,McDonalds,Healthcare,"Paris, FR"
TXN_002356,USER_019,336.41,2026-02-01 20:03:00,Delta Airlines,Utilities,"Berlin, DE"
TXN_002692,USER_031,154.25,2026-02-01 20:26:00,PayPal,Utilities,"Lagos, NG"
TXN_FRAUD_4590_0,USER_006,377.758642849234,2026-02-01 20:29:00,Target,Fuel,"Paris, FR"
TXN_001691,USER_006,261.95,2026-02-01 20:29:00,Target,Fuel,"Paris, FR"
TXN_FRAUD_4590_1,USER_006,495.0055894789126,2026-02-01 20:34:00,Target,Fuel,"Paris, FR"
TXN_FRAUD_4590_2,USER_006,287.01529974795767,2026-02-01 20:39:00,Target,Fuel,"Paris, FR"
TXN_001001,USER_021,20.51,2026-02-01 21:06:00,Netflix,Other,"Madrid, ES"
TXN_002300,USER_048,4.4,2026-02-02 03:03:00,McDonalds,Fuel,"Brussels, BE"
TXN_000034,USER_009,123.91,2026-02-02 03:18:00,Hertz,Transport,"London, UK"
TXN_002255,USER_017,94.48,2026-02-02 03:19:00,Netflix,Travel,"Lagos, NG"
TXN_004734,USER_011,1746.3068762193109,2026-02-02 03:35:00,Hertz,Utilities,"Moscow, RU"
TXN_003326,USER_036,33.14,2026-02-02 04:07:00,BestBuy,Healthcare,"Paris, FR"
TXN_004198,USER_015,29.43,2026-02-02 04:16:00,Whole Foods,Healthcare,"Brussels, BE"
TXN_003124,USER_013,103.31,2026-02-02 04:18:00,Hotels.com,Subscription,"New York, US"
TXN_002943,USER_008,51.07,2026-02-02 04:57:00,Airbnb,Food,"Paris, FR"
TXN_001235,USER_014,53.93,2026-02-02 04:59:00,Hotels.com,Transport,"New York, US"
TXN_000711,USER_019,60.61,2026-02-02 05:28:00,CVS,Subscription,"New York, US"
TXN_000302,USER_017,20.31,2026-02-02 05:46:00,CVS,Transport,"Berlin, DE"
TXN_FRAUD_4599_0,USER_017,370.73223298441917,2026-02-02 05:46:00,CVS,Transport,"Berlin, DE"
TXN_000954,USER_013,30.69,2026-02-02 05:47:00,Delta Airlines,Utilities,"New York, US"
TXN_FRAUD_4599_1,USER_017,455.3084592127274,2026-02-02 05:51:00,CVS,Transport,"Berlin, DE"
TXN_FRAUD_4599_2,USER_017,333.7911928546042,2026-02-02 05:56:00,CVS,Transport,"Berlin, DE"
TXN_002504,USER_042,74.49,2026-02-02 06:00:00,Target,Other,"Marseille, FR"
TXN_000905,USER_001,3.68,2026-02-02 06:03:00,CVS,Transport,"Brussels, BE"
TXN_001987,USER_050,101.84,2026-02-02 06:04:00,Uber,Subscription,"Madrid, ES"
TXN_000557,USER_041,46.09,2026-02-02 06:15:00,Steam,Shopping,"Amsterdam, NL"
TXN_002398,USER_031,13.98,2026-02-02 07:21:00,Delta Airlines,Subscription,"Berlin, DE"
TXN_003160,USER_003,23.23,2026-02-02 07:24:00,Walmart,Shopping,"Lyon, FR"
TXN_002615,USER_003,15.14,2026-02-02 07:42:00,Whole Foods,Food,"Rome, IT"
TXN_004868,USER_011,88.85,2026-02-02 07:44:00,Google Play,Entertainment,"Madrid, ES"
TXN_002156,USER_018,31.36,2026-02-02 08:04:00,Spotify,Healthcare,"New York, US"
TXN_002761,USER_012,6.23,2026-02-02 08:07:00,Apple Store,Subscription,"Amsterdam, NL"
TXN_001108,USER_043,68.74,2026-02-02 08:11:00,BestBuy,Shopping,"London, UK"
TXN_001105,USER_038,37.64,2026-02-02 08:21:00,Walmart,Utilities,"Marseille, FR"
TXN_004772,USER_032,14.76,2026-02-02 08:50:00,Apple Store,Healthcare,"London, UK"
TXN_004251,USER_041,123.58,2026-02-02 09:01:00,McDonalds,Other,"Berlin, DE"
TXN_002702,USER_003,178.44,2026-02-02 09:12:00,Hotels.com,Entertainment,"London, UK"
TXN_004312,USER_023,162.23,2026-02-02 09:19:00,McDonalds,Shopping,"Marseille, FR"
TXN_002893,USER_009,213.7,2026-02-02 09:32:00,Uber,Food,"Lyon, FR"
TXN_003139,USER_039,13.04,2026-02-02 09:38:00,Whole Foods,Transport,"Rome, IT"
TXN_001599,USER_039,223.46,2026-02-02 10:17:00,Starbucks,Utilities,"Madrid, ES"
TXN_002867,USER_030,67.1,2026-02-02 10:23:00,Steam,Subscription,"Lyon, FR"
TXN_000814,USER_028,58.77,2026-02-02 10:34:00,Uber,Subscription,"Berlin, DE"
TXN_001197,USER_050,49.21,2026-02-02 10:35:00,Spotify,Shopping,"Amsterdam, NL"
TXN_002438,USER_036,117.3,2026-02-02 10:41:00,Walmart,Shopping,"New York, US"
TXN_001556,USER_039,84.57,2026-02-02 10:48:00,Apple Store,Shopping,"Amsterdam, NL"
TXN_003243,USER_031,7.33,2026-02-02 10:52:00,Apple Store,Shopping,"Madrid, ES"
TXN_004126,USER_001,11.5,2026-02-02 10:52:00,Uber,Healthcare,"Marseille, FR"
TXN_002792,USER_015,281.17,2026-02-02 11:16:00,Spotify,Food,"Brussels, BE"
TXN_001575,USER_048,7.54,2026-02-02 11:17:00,McDonalds,Transport,"Madrid, ES"
TXN_004127,USER_026,65.43,2026-02-02 11:51:00,Delta Airlines,Utilities,"Madrid, ES"
TXN_001056,USER_034,8.03,2026-02-02 11:52:00,Walmart,Transport,"Marseille, FR"
TXN_FRAUD_4631_0,USER_034,255.33730353467078,2026-02-02 11:52:00,Walmart,Transport,"Marseille, FR"
TXN_FRAUD_4631_1,USER_034,149.22213719406415,2026-02-02 11:57:00,Walmart,Transport,"Marseille, FR"
TXN_FRAUD_4631_2,USER_034,194.0205848062285,2026-02-02 12:02:00,Walmart,Transport,"Marseille, FR"
TXN_002907,USER_022,4.26,2026-02-02 12:34:00,Airbnb,Shopping,"Rome, IT"
TXN_003933,USER_007,30.96,2026-02-02 12:53:00,Apple Store,Transport,"Madrid, ES"
TXN_003511,USER_028,30.16,2026-02-02 13:05:00,Target,Fuel,"Madrid, ES"
TXN_000647,USER_049,74.89,2026-02-02 13:12:00,Spotify,Food,"New York, US"
TXN_001907,USER_034,25.0,2026-02-02 13:26:00,Whole Foods,Entertainment,"Lyon, FR"
TXN_003903,USER_044,37.86,2026-02-02 13:29:00,Hotels.com,Other,"Lyon, FR"
TXN_001225,USER_042,14.37,2026-02-02 13:51:00,Target,Entertainment,"Marseille, FR"
TXN_004920,USER_049,18.74,2026-02-02 13:59:00,Walmart,Transport,"Berlin, DE"
TXN_003117,USER_029,33.39,2026-02-02 14:22:00,Google Play,Fuel,"London, UK"
TXN_003065,USER_003,34.79,2026-02-02 14:52:00,Netflix,Utilities,"Lagos, NG"
TXN_000213,USER_002,80.67,2026-02-02 15:13:00,Netflix,Shopping,"Amsterdam, NL"
TXN_003682,USER_049,211.45,2026-02-02 15:56:00,Walmart,Food,"Amsterdam, NL"
TXN_003495,USER_050,53.08,2026-02-02 16:06:00,Hertz,Other,"Amsterdam, NL"
TXN_000927,USER_040,289.88,2026-02-02 16:20:00,Netflix,Transport,"Berlin, DE"
TXN_000144,USER_020,7.13,2026-02-02 16:25:00,Google Play,Subscription,"Brussels, BE"
TXN_001151,USER_037,145.79,2026-02-02 16:43:00,Starbucks,Transport,"Marseille, FR"
TXN_004406,USER_039,75.49,2026-02-02 16:45:00,Target,Transport,"London, UK"
TXN_000510,USER_037,38.6,2026-02-02 16:50:00,McDonalds,Travel,"Paris, FR"
TXN_004131,USER_041,74.15,2026-02-02 16:52:00,Google Play,Food,"Madrid, ES"
TXN_003421,USER_001,57.67,2026-02-02 17:04:00,Uber,Healthcare,"Berlin, DE"
TXN_004757,USER_023,10.53,2026-02-02 17:47:00,Steam,Transport,"London, UK"
TXN_000118,USER_037,45.09,2026-02-02 17:49:00,Target,Healthcare,"Marseille, FR"
TXN_003395,USER_035,12.17,2026-02-02 18:24:00,Shell Gas,Subscription,"Madrid, ES"
TXN_000498,USER_031,5.54,2026-02-02 20:19:00,Amazon,Shopping,"Brussels, BE"
TXN_001951,USER_037,60.54,2026-02-02 21:29:00,Delta Airlines,Other,"Marseille, FR"
TXN_000627,USER_043,110.63,2026-02-02 21:35:00,McDonalds,Food,"Paris, FR"
TXN_001778,USER_032,25.85,2026-02-02 21:41:00,Google Play,Travel,"New York, US"
TXN_004420,USER_050,67.59,2026-02-02 22:08:00,Shell Gas,Transport,"Madrid, ES"
TXN_003260,USER_022,10.64,2026-02-02 23:58:00,Hotels.com,Subscription,"Berlin, DE"
TXN_001038,USER_004,19.76,2026-02-03 00:01:00,BestBuy,Entertainment,"Madrid, ES"
TXN_001068,USER_045,7.16,2026-02-03 02:15:00,BestBuy,Transport,"Marseille, FR"
TXN_002932,USER_037,1624.9536249954936,2026-02-03 02:59:00,Netflix,Other,"Beijing, CN"
TXN_003235,USER_041,91.74,2026-02-03 03:08:00,Delta Airlines,Transport,"Amsterdam, NL"
TXN_003262,USER_020,4013.2964601048525,2026-02-03 03:08:00,Shell Gas,Entertainment,"Rome, IT"
TXN_004351,USER_018,182.08,2026-02-03 03:09:00,PayPal,Fuel,"Madrid, ES"
TXN_000088,USER_005,142.66,2026-02-03 04:46:00,Apple Store,Other,"Berlin, DE"
TXN_003126,USER_010,60.47,2026-02-03 04:56:00,Delta Airlines,Transport,"Lyon, FR"
TXN_002518,USER_030,21.65,2026-02-03 05:10:00,PayPal,Entertainment,"Amsterdam, NL"
TXN_000495,USER_005,54.7,2026-02-03 05:51:00,Amazon,Healthcare,"Marseille, FR"
TXN_000253,USER_021,12.45,2026-02-03 06:04:00,Google Play,Transport,"Rome, IT"
TXN_000103,USER_030,10.43,2026-02-03 06:21:00,Hertz,Other,"Berlin, DE"
TXN_001160,USER_003,3152.57325174159,2026-02-03 06:24:00,CVS,Utilities,"Berlin, DE"
TXN_003774,USER_043,18.28,2026-02-03 06:29:00,Steam,Transport,"London, UK"
TXN_002224,USER_001,336.62,2026-02-03 07:01:00,Airbnb,Healthcare,"New York, US"
TXN_001993,USER_031,62.0,2026-02-03 07:05:00,BestBuy,Healthcare,"Rome, IT"
TXN_000333,USER_012,105.28,2026-02-03 07:30:00,Target,Fuel,"Berlin, DE"
TXN_002826,USER_010,80.53,2026-02-03 08:05:00,Amazon,Subscription,"New York, US"
TXN_000351,USER_005,92.08,2026-02-03 08:28:00,Steam,Travel,"Brussels, BE"
TXN_000116,USER_022,173.89,2026-02-03 08:31:00,Steam,Transport,"Rome, IT"
TXN_002532,USER_043,36.76,2026-02-03 08:51:00,Target,Entertainment,"Brussels, BE"
TXN_000306,USER_009,614.38,2026-02-03 09:32:00,Delta Airlines,Food,"Madrid, ES"
TXN_004113,USER_032,65.02,2026-02-03 09:38:00,PayPal,Utilities,"Brussels, BE"
TXN_001390,USER_004,6.45,2026-02-03 11:11:00,Steam,Transport,"Madrid, ES"
TXN_FRAUD_4687_0,USER_040,313.0361570024084,2026-02-03 11:12:00,Shell Gas,Fuel,"London, UK"
TXN_003336,USER_040,25.53,2026-02-03 11:12:00,Shell Gas,Fuel,"London, UK"
TXN_FRAUD_4687_1,USER_040,284.1103475170558,2026-02-03 11:17:00,Shell Gas,Fuel,"London, UK"
TXN_FRAUD_4687_2,USER_040,343.8649873891462,2026-02-03 11:22:00,Shell Gas,Fuel,"London, UK"
TXN_000257,USER_023,29.3,2026-02-03 11:36:00,PayPal,Shopping,"London, UK"
TXN_004259,USER_049,11.79,2026-02-03 12:32:00,Whole Foods,Healthcare,"New York, US"
TXN_001819,USER_007,134.03,2026-02-03 12:58:00,McDonalds,Shopping,"Madrid, ES"
TXN_001237,USER_019,14.12,2026-02-03 13:56:00,Starbucks,Shopping,"Lyon, FR"
TXN_003767,USER_039,31.57,2026-02-03 14:15:00,Hertz,Fuel,"Marseille, FR"
TXN_002797,USER_016,22.79,2026-02-03 14:19:00,PayPal,Healthcare,"Paris, FR"
TXN_002446,USER_019,103.16,2026-02-03 14:19:00,Hotels.com,Healthcare,"Amsterdam, NL"
TXN_000442,USER_004,153.47,2026-02-03 14:55:00,Airbnb,Utilities,"Marseille, FR"
TXN_002748,USER_010,11.26,2026-02-03 14:59:00,Google Play,Food,"Marseille, FR"
TXN_001133,USER_048,11.82,2026-02-03 15:00:00,Shell Gas,Food,"Marseille, FR"
TXN_004155,USER_035,9.71,2026-02-03 15:36:00,PayPal,Subscription,"Madrid, ES"
TXN_002427,USER_015,20.24,2026-02-03 16:05:00,Starbucks,Food,"New York, US"
TXN_001475,USER_033,77.88,2026-02-03 16:09:00,McDonalds,Other,"London, UK"
TXN_000425,USER_004,8.98,2026-02-03 16:45:00,Delta Airlines,Entertainment,"New York, US"
TXN_001427,USER_020,2.71,2026-02-03 16:48:00,BestBuy,Food,"Amsterdam, NL"
TXN_004124,USER_032,351.09,2026-02-03 17:08:00,Uber,Fuel,"London, UK"
TXN_001734,USER_013,18.71,2026-02-03 18:18:00,Airbnb,Other,"Berlin, DE"
TXN_004401,USER_040,28.27,2026-02-03 18:27:00,Airbnb,Other,"Berlin, DE"
TXN_004825,USER_002,23.11,2026-02-03 18:28:00,Spotify,Other,"Marseille, FR"
TXN_003437,USER_042,18.42,2026-02-03 18:30:00,Spotify,Healthcare,"London, UK"
TXN_003436,USER_040,93.52,2026-02-03 22:06:00,McDonalds,Fuel,"Amsterdam, NL"
TXN_000815,USER_043,89.49,2026-02-03 22:29:00,Steam,Transport,"Brussels, BE"
TXN_001354,USER_033,65.47,2026-02-03 23:11:00,Walmart,Food,"Madrid, ES"
TXN_000956,USER_011,54.93,2026-02-04 00:50:00,Google Play,Entertainment,"Paris, FR"
TXN_001705,USER_042,7.85,2026-02-04 02:29:00,Walmart,Travel,"Lagos, NG"
TXN_002790,USER_010,2735.3307911736183,2026-02-04 03:05:00,Apple Store,Shopping,"Lyon, FR"
TXN_003711,USER_038,22.71,2026-02-04 03:37:00,Google Play,Travel,"London, UK"
TXN_002101,USER_045,43.92,2026-02-04 03:54:00,Apple Store,Healthcare,"Brussels, BE"
TXN_002262,USER_017,4.67,2026-02-04 04:10:00,Apple Store,Healthcare,"Amsterdam, NL"
TXN_000997,USER_021,11.43,2026-02-04 04:20:00,Hotels.com,Subscription,"Lyon, FR"
TXN_001894,USER_020,48.45,2026-02-04 04:23:00,Airbnb,Transport,"Rome, IT"
TXN_000995,USER_023,1983.345992327648,2026-02-04 04:26:00,Shell Gas,Other,"Moscow, RU"
TXN_002530,USER_022,2390.579702362145,2026-02-04 04:42:00,Apple Store,Transport,"Moscow, RU"
TXN_001579,USER_017,11.13,2026-02-04 05:54:00,PayPal,Fuel,"Paris, FR"
TXN_001669,USER_027,4.08,2026-02-04 05:58:00,Walmart,Other,"Berlin, DE"
TXN_004367,USER_046,9.98,2026-02-04 06:08:00,Hertz,Travel,"Marseille, FR"
TXN_001600,USER_027,25.87,2026-02-04 06:29:00,Google Play,Subscription,"Marseille, FR"
TXN_003202,USER_032,21.24,2026-02-04 06:36:00,Steam,Fuel,"Brussels, BE"
TXN_001997,USER_004,5.55,2026-02-04 06:41:00,Apple Store,Healthcare,"Amsterdam, NL"
TXN_003586,USER_002,63.93,2026-02-04 06:55:00,McDonalds,Utilities,"Brussels, BE"
TXN_003443,USER_015,5.59,2026-02-04 07:11:00,Apple Store,Fuel,"Marseille, FR"
TXN_000587,USER_049,27.44,2026-02-04 07:13:00,Hotels.com,Transport,"Amsterdam, NL"
TXN_001461,USER_037,15.54,2026-02-04 07:19:00,Hertz,Fuel,"Amsterdam, NL"
TXN_000480,USER_025,7.32,2026-02-04 07:26:00,CVS,Shopping,"Lyon, FR"
TXN_004960,USER_044,94.38,2026-02-04 07:37:00,Starbucks,Entertainment,"Lyon, FR"
TXN_004504,USER_002,4.21,2026-02-04 07:56:00,Netflix,Travel,"Berlin, DE"
TXN_004242,USER_025,185.05,2026-02-04 08:08:00,Netflix,Other,"Madrid, ES"
TXN_000934,USER_050,20.23,2026-02-04 08:29:00,PayPal,Fuel,"Madrid, ES"
TXN_000173,USER_049,24.85,2026-02-04 08:40:00,Netflix,Other,"Paris, FR"
TXN_004609,USER_034,32.39,2026-02-04 08:43:00,Airbnb,Fuel,"Paris, FR"
TXN_003602,USER_008,7.43,2026-02-04 08:45:00,Delta Airlines,Other,"Lyon, FR"
TXN_001183,USER_037,20.59,2026-02-04 09:08:00,Hertz,Fuel,"Paris, FR"
TXN_002571,USER_019,13.74,2026-02-04 09:34:00,PayPal,Other,"Madrid, ES"
TXN_000565,USER_006,53.6,2026-02-04 09:56:00,Apple Store,Food,"New York, US"
TXN_002370,USER_025,24.9,2026-02-04 10:06:00,Hertz,Subscription,"Lagos, NG"
TXN_001442,USER_031,15.78,2026-02-04 10:11:00,McDonalds,Shopping,"Rome, IT"
TXN_002591,USER_022,269.96,2026-02-04 12:06:00,Amazon,Fuel,"London, UK"
TXN_002972,USER_047,19.27,2026-02-04 12:25:00,Walmart,Subscription,"Marseille, FR"
TXN_003073,USER_010,220.86,2026-02-04 12:36:00,Hotels.com,Fuel,"Madrid, ES"
TXN_004864,USER_013,2.67,2026-02-04 12:45:00,Netflix,Utilities,"London, UK"
TXN_003683,USER_050,2.88,2026-02-04 12:53:00,BestBuy,Food,"Madrid, ES"
TXN_000981,USER_001,9.8,2026-02-04 13:01:00,Steam,Other,"Lyon, FR"
TXN_003252,USER_024,45.23,2026-02-04 13:31:00,Google Play,Other,"Lyon, FR"
TXN_004830,USER_037,152.7,2026-02-04 13:45:00,Amazon,Subscription,"New York, US"
TXN_001452,USER_032,35.47,2026-02-04 13:49:00,McDonalds,Healthcare,"Amsterdam, NL"
TXN_003826,USER_045,6.95,2026-02-04 14:15:00,McDonalds,Transport,"Lyon, FR"
TXN_000454,USER_030,4.01,2026-02-04 15:39:00,Spotify,Shopping,"Madrid, ES"
TXN_002492,USER_047,147.21,2026-02-04 16:05:00,Delta Airlines,Travel,"Amsterdam, NL"
TXN_003063,USER_026,69.66,2026-02-04 16:12:00,Amazon,Shopping,"Rome, IT"
TXN_001388,USER_029,18.91,2026-02-04 16:30:00,Target,Fuel,"Madrid, ES"
TXN_003496,USER_048,20.38,2026-02-04 16:31:00,Airbnb,Food,"Brussels, BE"
TXN_001529,USER_019,49.32,2026-02-04 17:00:00,PayPal,Transport,"Madrid, ES"
TXN_002641,USER_044,9.02,2026-02-04 17:14:00,Delta Airlines,Subscription,"Madrid, ES"
TXN_000812,USER_046,69.98,2026-02-04 17:21:00,Whole Foods,Other,"Lagos, NG"
TXN_001785,USER_007,100.85,2026-02-04 17:23:00,McDonalds,Shopping,"Amsterdam, NL"
TXN_FRAUD_4762_0,USER_007,353.7170971839115,2026-02-04 17:23:00,McDonalds,Shopping,"Amsterdam, NL"
TXN_FRAUD_4762_1,USER_007,417.5441170024055,2026-02-04 17:28:00,McDonalds,Shopping,"Amsterdam, NL"
TXN_002418,USER_024,3.8,2026-02-04 17:29:00,Airbnb,Healthcare,"Berlin, DE"
TXN_FRAUD_4762_2,USER_007,477.53469766241307,2026-02-04 17:33:00,McDonalds,Shopping,"Amsterdam, NL"
TXN_000172,USER_015,101.2,2026-02-04 17:41:00,Whole Foods,Other,"Paris, FR"
TXN_001302,USER_030,9.83,2026-02-04 17:43:00,Hertz,Transport,"Amsterdam, NL"
TXN_000883,USER_020,23.23,2026-02-04 17:44:00,Google Play,Shopping,"Brussels, BE"
TXN_000352,USER_048,2.04,2026-02-04 17:58:00,Amazon,Transport,"Amsterdam, NL"
TXN_001270,USER_047,8.48,2026-02-04 18:25:00,Shell Gas,Fuel,"Berlin, DE"
TXN_003766,USER_032,3242.5024111577004,2026-02-04 18:40:00,Whole Foods,Utilities,"Marseille, FR"
TXN_FRAUD_4770_0,USER_041,487.6977680111633,2026-02-04 19:22:00,Airbnb,Fuel,"Marseille, FR"
TXN_002261,USER_041,171.41,2026-02-04 19:22:00,Airbnb,Fuel,"Marseille, FR"
TXN_FRAUD_4770_1,USER_041,399.6405155347888,2026-02-04 19:27:00,Airbnb,Fuel,"Marseille, FR"
TXN_FRAUD_4770_2,USER_041,330.0551883161336,2026-02-04 19:32:00,Airbnb,Fuel,"Marseille, FR"
TXN_001878,USER_032,61.13,2026-02-04 19:36:00,BestBuy,Shopping,"Paris, FR"
TXN_001180,USER_022,6.54,2026-02-04 20:18:00,Hotels.com,Shopping,"Marseille, FR"
TXN_FRAUD_4773_0,USER_011,327.66986169220127,2026-02-04 23:07:00,Whole Foods,Food,"Marseille, FR"
TXN_002230,USER_011,25.06,2026-02-04 23:07:00,Whole Foods,Food,"Marseille, FR"
TXN_FRAUD_4773_1,USER_011,100.96814287262363,2026-02-04 23:12:00,Whole Foods,Food,"Marseille, FR"
TXN_FRAUD_4773_2,USER_011,470.37861177235817,2026-02-04 23:17:00,Whole Foods,Food,"Marseille, FR"
TXN_001292,USER_022,187.41,2026-02-05 00:07:00,Steam,Shopping,"Lyon, FR"
TXN_004248,USER_040,22.01,2026-02-05 00:12:00,Delta Airlines,Travel,"Lyon, FR"
TXN_002916,USER_019,2817.740967206062,2026-02-05 02:27:00,Steam,Subscription,"Moscow, RU"
TXN_000443,USER_026,54.33,2026-02-05 03:20:00,Spotify,Food,"London, UK"
TXN_001487,USER_048,133.44,2026-02-05 03:36:00,Spotify,Healthcare,"Lagos, NG"
TXN_003864,USER_042,28.77,2026-02-05 05:29:00,Apple Store,Entertainment,"Amsterdam, NL"
TXN_004623,USER_029,3.33,2026-02-05 05:31:00,Google Play,Food,"Madrid, ES"
TXN_000855,USER_012,26.3,2026-02-05 05:52:00,McDonalds,Transport,"Brussels, BE"
TXN_001353,USER_014,50.96,2026-02-05 05:53:00,CVS,Travel,"Paris, FR"
TXN_003962,USER_004,62.93,2026-02-05 06:32:00,McDonalds,Transport,"Lagos, NG"
TXN_002494,USER_034,56.82,2026-02-05 07:01:00,CVS,Travel,"Brussels, BE"
TXN_000398,USER_040,74.2,2026-02-05 07:27:00,BestBuy,Transport,"Lyon, FR"
TXN_000246,USER_028,53.72,2026-02-05 07:54:00,Hotels.com,Subscription,"Lyon, FR"
TXN_003946,USER_015,83.39,2026-02-05 07:59:00,Target,Subscription,"London, UK"
TXN_004102,USER_043,61.37,2026-02-05 08:01:00,Uber,Transport,"Marseille, FR"
TXN_003919,USER_023,13.44,2026-02-05 08:06:00,Google Play,Subscription,"Paris, FR"
TXN_002108,USER_003,9.3,2026-02-05 08:12:00,Uber,Entertainment,"Amsterdam, NL"
TXN_000930,USER_033,158.72,2026-02-05 08:14:00,Starbucks,Other,"Lyon, FR"
TXN_001054,USER_034,5.56,2026-02-05 08:19:00,Hertz,Transport,"Amsterdam, NL"
TXN_003552,USER_047,21.95,2026-02-05 08:26:00,Airbnb,Entertainment,"Madrid, ES"
TXN_001887,USER_040,41.34,2026-02-05 08:30:00,Hotels.com,Fuel,"Madrid, ES"
TXN_001623,USER_026,60.73,2026-02-05 08:32:00,Hertz,Utilities,"Berlin, DE"
TXN_001570,USER_009,117.37,2026-02-05 08:45:00,Spotify,Entertainment,"Brussels, BE"
TXN_002780,USER_007,10.57,2026-02-05 08:58:00,CVS,Entertainment,"Marseille, FR"
TXN_003554,USER_035,324.19,2026-02-05 09:08:00,PayPal,Shopping,"Berlin, DE"
TXN_002625,USER_043,28.57,2026-02-05 09:28:00,Apple Store,Fuel,"Brussels, BE"
TXN_001793,USER_046,99.64,2026-02-05 10:17:00,Netflix,Entertainment,"Paris, FR"
TXN_000339,USER_050,41.13,2026-02-05 10:17:00,Hotels.com,Transport,"Marseille, FR"
TXN_003593,USER_006,61.61,2026-02-05 10:31:00,Apple Store,Transport,"Brussels, BE"
TXN_000734,USER_039,35.33,2026-02-05 10:32:00,Steam,Shopping,"Madrid, ES"
TXN_004079,USER_007,356.08,2026-02-05 10:45:00,Amazon,Shopping,"Brussels, BE"
TXN_001178,USER_008,13.59,2026-02-05 11:09:00,Apple Store,Healthcare,"Amsterdam, NL"
TXN_FRAUD_4806_0,USER_014,226.02451322976532,2026-02-05 11:29:00,Starbucks,Transport,"Brussels, BE"
TXN_002105,USER_014,13.92,2026-02-05 11:29:00,Starbucks,Transport,"Brussels, BE"
TXN_FRAUD_4806_1,USER_014,294.2804832628037,2026-02-05 11:34:00,Starbucks,Transport,"Brussels, BE"
TXN_FRAUD_4806_2,USER_014,334.4791746403747,2026-02-05 11:39:00,Starbucks,Transport,"Brussels, BE"
TXN_003236,USER_034,7.17,2026-02-05 12:05:00,CVS,Entertainment,"New York, US"
TXN_FRAUD_4807_0,USER_034,469.5215784450887,2026-02-05 12:05:00,CVS,Entertainment,"New York, US"
TXN_FRAUD_4807_1,USER_034,257.5226737091011,2026-02-05 12:10:00,CVS,Entertainment,"New York, US"
TXN_FRAUD_4807_2,USER_034,387.8716716700218,2026-02-05 12:15:00,CVS,Entertainment,"New York, US"
TXN_004323,USER_044,74.98,2026-02-05 12:19:00,Netflix,Fuel,"Berlin, DE"
TXN_001972,USER_033,15.66,2026-02-05 12:31:00,Hertz,Food,"Madrid, ES"
TXN_002187,USER_013,9.81,2026-02-05 12:42:00,Netflix,Healthcare,"Lyon, FR"
TXN_001118,USER_041,34.05,2026-02-05 13:02:00,PayPal,Entertainment,"Amsterdam, NL"
TXN_003566,USER_050,6.66,2026-02-05 13:05:00,Uber,Healthcare,"Amsterdam, NL"
TXN_004147,USER_041,42.15,2026-02-05 13:24:00,Spotify,Entertainment,"Lyon, FR"
TXN_004385,USER_021,58.81,2026-02-05 13:52:00,Apple Store,Transport,"Lyon, FR"
TXN_004080,USER_042,36.16,2026-02-05 14:34:00,BestBuy,Subscription,"Brussels, BE"
TXN_001769,USER_020,62.06,2026-02-05 14:42:00,Netflix,Entertainment,"Amsterdam, NL"
TXN_002176,USER_014,65.74,2026-02-05 15:14:00,Steam,Travel,"Rome, IT"
TXN_004054,USER_039,12.49,2026-02-05 15:27:00,BestBuy,Other,"Madrid, ES"
TXN_002540,USER_020,94.4,2026-02-05 15:29:00,Shell Gas,Transport,"London, UK"
TXN_000087,USER_035,69.49,2026-02-05 15:34:00,Shell Gas,Travel,"Madrid, ES"
TXN_003807,USER_004,15.74,2026-02-05 15:37:00,Hotels.com,Travel,"New York, US"
TXN_002326,USER_012,30.77,2026-02-05 17:34:00,Delta Airlines,Subscription,"New York, US"
TXN_002116,USER_040,35.96,2026-02-05 17:56:00,Airbnb,Travel,"Brussels, BE"
TXN_002104,USER_010,23.07,2026-02-05 18:17:00,Target,Food,"New York, US"
TXN_002373,USER_018,13.46,2026-02-05 19:05:00,Target,Entertainment,"Brussels, BE"
TXN_004056,USER_037,40.57,2026-02-05 19:12:00,Netflix,Entertainment,"New York, US"
TXN_003333,USER_048,265.42,2026-02-05 19:20:00,Uber,Healthcare,"Paris, FR"
TXN_002881,USER_004,31.59,2026-02-05 19:43:00,PayPal,Fuel,"Brussels, BE"
TXN_002383,USER_012,6.79,2026-02-05 20:20:00,Airbnb,Other,"Berlin, DE"
TXN_001954,USER_008,4.29,2026-02-05 20:23:00,PayPal,Food,"Berlin, DE"
TXN_002979,USER_042,9.91,2026-02-05 21:04:00,Spotify,Transport,"Lyon, FR"
TXN_001963,USER_001,53.42,2026-02-05 21:20:00,Starbucks,Transport,"Marseille, FR"
TXN_004601,USER_007,3491.308364415237,2026-02-06 00:19:00,BestBuy,Other,"Rome, IT"
TXN_004287,USER_002,102.11,2026-02-06 00:35:00,McDonalds,Shopping,"Paris, FR"
TXN_001937,USER_039,2801.1992872299375,2026-02-06 01:59:00,Amazon,Fuel,"Moscow, RU"
TXN_002649,USER_042,2477.546731060586,2026-02-06 02:52:00,Airbnb,Subscription,"Moscow, RU"
TXN_004874,USER_049,1599.4633661889548,2026-02-06 03:07:00,Walmart,Travel,"Moscow, RU"
TXN_000203,USER_011,58.46,2026-02-06 04:07:00,Amazon,Shopping,"Berlin, DE"
TXN_001805,USER_041,17.2,2026-02-06 04:31:00,Airbnb,Healthcare,"Berlin, DE"
TXN_002604,USER_048,1.42,2026-02-06 04:37:00,McDonalds,Utilities,"Brussels, BE"
TXN_003490,USER_045,8.65,2026-02-06 04:49:00,CVS,Shopping,"Brussels, BE"
TXN_004158,USER_028,63.12,2026-02-06 04:50:00,Netflix,Travel,"Paris, FR"
TXN_003862,USER_024,14.12,2026-02-06 04:52:00,Hotels.com,Other,"Amsterdam, NL"
TXN_003146,USER_050,125.71,2026-02-06 05:06:00,Shell Gas,Travel,"Brussels, BE"
TXN_001931,USER_018,413.4,2026-02-06 05:35:00,BestBuy,Other,"Marseille, FR"
TXN_FRAUD_4839_0,USER_018,417.8836625346561,2026-02-06 05:35:00,BestBuy,Other,"Marseille, FR"
TXN_FRAUD_4839_1,USER_018,438.62361452264395,2026-02-06 05:40:00,BestBuy,Other,"Marseille, FR"
TXN_FRAUD_4839_2,USER_018,383.6075939375404,2026-02-06 05:45:00,BestBuy,Other,"Marseille, FR"
TXN_000539,USER_019,13.61,2026-02-06 05:52:00,PayPal,Subscription,"Marseille, FR"
TXN_004164,USER_004,51.0,2026-02-06 06:11:00,Whole Foods,Subscription,"Paris, FR"
TXN_000382,USER_005,25.15,2026-02-06 06:51:00,McDonalds,Subscription,"Madrid, ES"
TXN_003596,USER_015,6.2,2026-02-06 07:02:00,Apple Store,Fuel,"Amsterdam, NL"
TXN_004060,USER_003,608.76,2026-02-06 07:03:00,Target,Food,"Berlin, DE"
TXN_001749,USER_025,9.74,2026-02-06 07:11:00,Apple Store,Other,"Madrid, ES"
TXN_002073,USER_050,36.64,2026-02-06 07:39:00,Uber,Food,"New York, US"
TXN_000781,USER_015,68.62,2026-02-06 07:44:00,Google Play,Utilities,"Marseille, FR"
TXN_004395,USER_002,3.41,2026-02-06 07:50:00,BestBuy,Shopping,"Brussels, BE"
TXN_000735,USER_022,1.03,2026-02-06 08:03:00,Walmart,Subscription,"London, UK"
TXN_003570,USER_046,217.37,2026-02-06 08:04:00,Delta Airlines,Utilities,"Marseille, FR"
TXN_000169,USER_030,213.46,2026-02-06 08:07:00,Steam,Utilities,"Brussels, BE"
TXN_002069,USER_031,177.53,2026-02-06 09:14:00,CVS,Travel,"Marseille, FR"
TXN_002779,USER_015,2.75,2026-02-06 09:21:00,McDonalds,Travel,"Marseille, FR"
TXN_004716,USER_019,74.51,2026-02-06 09:38:00,Shell Gas,Other,"New York, US"
TXN_004310,USER_033,21.38,2026-02-06 09:55:00,Google Play,Other,"Madrid, ES"
TXN_004624,USER_040,69.68,2026-02-06 09:55:00,Uber,Other,"Berlin, DE"
TXN_003747,USER_014,8.24,2026-02-06 10:20:00,Whole Foods,Other,"London, UK"
TXN_001408,USER_030,56.49,2026-02-06 11:56:00,Google Play,Transport,"Paris, FR"
TXN_001422,USER_009,13.22,2026-02-06 11:57:00,Uber,Utilities,"Marseille, FR"
TXN_FRAUD_4862_0,USER_009,274.56700375197534,2026-02-06 11:57:00,Uber,Utilities,"Marseille, FR"
TXN_FRAUD_4862_1,USER_009,375.89047434732856,2026-02-06 12:02:00,Uber,Utilities,"Marseille, FR"
TXN_004386,USER_029,5.85,2026-02-06 12:07:00,PayPal,Travel,"New York, US"
TXN_FRAUD_4862_2,USER_009,348.9342930002214,2026-02-06 12:07:00,Uber,Utilities,"Marseille, FR"
TXN_001169,USER_047,30.18,2026-02-06 12:26:00,Spotify,Healthcare,"Amsterdam, NL"
TXN_000646,USER_041,3.71,2026-02-06 12:44:00,Amazon,Travel,"Paris, FR"
TXN_002890,USER_027,17.04,2026-02-06 12:48:00,PayPal,Healthcare,"Madrid, ES"
TXN_004212,USER_005,35.02,2026-02-06 12:55:00,PayPal,Subscription,"Berlin, DE"
TXN_002466,USER_041,37.73,2026-02-06 13:03:00,Walmart,Utilities,"Lyon, FR"
TXN_003828,USER_031,22.9,2026-02-06 13:30:00,Hotels.com,Utilities,"Madrid, ES"
TXN_004665,USER_004,51.86,2026-02-06 14:09:00,Google Play,Entertainment,"London, UK"
TXN_000163,USER_029,51.13,2026-02-06 14:26:00,Hotels.com,Utilities,"Paris, FR"
TXN_001469,USER_006,37.26,2026-02-06 14:52:00,Spotify,Food,"Berlin, DE"
TXN_002054,USER_035,101.98,2026-02-06 15:05:00,Hertz,Food,"Paris, FR"
TXN_004550,USER_017,42.27,2026-02-06 15:08:00,Starbucks,Subscription,"New York, US"
TXN_001271,USER_044,190.89,2026-02-06 15:59:00,Apple Store,Fuel,"Paris, FR"
TXN_003880,USER_005,131.71,2026-02-06 16:21:00,Steam,Subscription,"Madrid, ES"
TXN_003985,USER_018,16.87,2026-02-06 16:31:00,Starbucks,Entertainment,"New York, US"
TXN_002958,USER_003,3.52,2026-02-06 16:31:00,Netflix,Healthcare,"Berlin, DE"
TXN_004097,USER_041,23.91,2026-02-06 16:53:00,Hotels.com,Transport,"Paris, FR"
TXN_000748,USER_017,25.77,2026-02-06 16:53:00,Spotify,Shopping,"Madrid, ES"
TXN_001581,USER_030,52.27,2026-02-06 17:13:00,CVS,Subscription,"London, UK"
TXN_002091,USER_005,25.66,2026-02-06 17:17:00,Hotels.com,Travel,"Madrid, ES"
TXN_001756,USER_034,15.93,2026-02-06 17:18:00,Hotels.com,Subscription,"London, UK"
TXN_004237,USER_017,54.9,2026-02-06 18:10:00,McDonalds,Other,"Berlin, DE"
TXN_001147,USER_021,1.11,2026-02-06 19:29:00,McDonalds,Food,"Lyon, FR"
TXN_004199,USER_048,26.49,2026-02-06 20:31:00,Steam,Fuel,"Paris, FR"
TXN_002078,USER_008,20.28,2026-02-06 22:33:00,Starbucks,Healthcare,"Paris, FR"
TXN_000543,USER_024,26.91,2026-02-06 23:45:00,Hertz,Other,"Lyon, FR"
TXN_004875,USER_015,21.52,2026-02-07 02:36:00,PayPal,Utilities,"Brussels, BE"
TXN_004837,USER_014,39.57,2026-02-07 03:25:00,Hertz,Entertainment,"Lyon, FR"
TXN_001934,USER_026,88.69,2026-02-07 03:49:00,Steam,Fuel,"Brussels, BE"
TXN_002487,USER_028,1608.2502267591412,2026-02-07 03:52:00,Steam,Transport,"Moscow, RU"
TXN_002264,USER_034,77.61,2026-02-07 05:09:00,CVS,Food,"Lagos, NG"
TXN_004989,USER_021,39.01,2026-02-07 05:14:00,Steam,Shopping,"New York, US"
TXN_002320,USER_007,16.04,2026-02-07 05:16:00,Steam,Transport,"Amsterdam, NL"
TXN_004762,USER_039,39.13,2026-02-07 05:29:00,PayPal,Healthcare,"Marseille, FR"
TXN_004250,USER_040,33.59,2026-02-07 05:45:00,McDonalds,Healthcare,"Madrid, ES"
TXN_002217,USER_018,126.41,2026-02-07 05:58:00,Starbucks,Other,"Rome, IT"
TXN_003033,USER_042,10.22,2026-02-07 06:02:00,Hotels.com,Shopping,"Paris, FR"
TXN_000603,USER_001,22.37,2026-02-07 06:09:00,BestBuy,Healthcare,"Marseille, FR"
TXN_000840,USER_020,86.58,2026-02-07 06:23:00,Apple Store,Fuel,"New York, US"
TXN_000681,USER_048,190.83,2026-02-07 07:10:00,Whole Foods,Shopping,"Berlin, DE"
TXN_003464,USER_041,4.95,2026-02-07 07:19:00,Netflix,Utilities,"Amsterdam, NL"
TXN_001370,USER_043,13.45,2026-02-07 07:21:00,Hertz,Subscription,"Rome, IT"
TXN_002872,USER_037,184.77,2026-02-07 07:22:00,Delta Airlines,Healthcare,"Brussels, BE"
TXN_001059,USER_040,7.29,2026-02-07 07:25:00,Netflix,Shopping,"Berlin, DE"
TXN_004977,USER_030,16.67,2026-02-07 07:26:00,Google Play,Entertainment,"Lyon, FR"
TXN_002242,USER_040,25.66,2026-02-07 07:33:00,Steam,Healthcare,"Madrid, ES"
TXN_001797,USER_023,120.0,2026-02-07 07:41:00,Spotify,Healthcare,"Amsterdam, NL"
TXN_001092,USER_028,13.51,2026-02-07 07:56:00,Starbucks,Subscription,"Brussels, BE"
TXN_003754,USER_044,190.87,2026-02-07 08:36:00,CVS,Other,"Brussels, BE"
TXN_001047,USER_035,8.87,2026-02-07 09:19:00,Shell Gas,Other,"Marseille, FR"
TXN_003102,USER_018,72.15,2026-02-07 09:24:00,Steam,Fuel,"Paris, FR"
TXN_004163,USER_037,9.88,2026-02-07 10:12:00,Uber,Travel,"New York, US"
TXN_000600,USER_047,143.6,2026-02-07 10:36:00,Uber,Healthcare,"Lyon, FR"
TXN_003737,USER_049,7.39,2026-02-07 10:42:00,Netflix,Other,"Lagos, NG"
TXN_001885,USER_030,109.4,2026-02-07 12:13:00,Starbucks,Shopping,"Amsterdam, NL"
TXN_002346,USER_028,55.48,2026-02-07 12:15:00,Hertz,Transport,"Lyon, FR"
TXN_004282,USER_050,14.6,2026-02-07 12:43:00,BestBuy,Food,"Rome, IT"
TXN_004028,USER_009,4.52,2026-02-07 12:44:00,BestBuy,Entertainment,"Berlin, DE"
TXN_001625,USER_010,8.11,2026-02-07 13:13:00,Airbnb,Entertainment,"Brussels, BE"
TXN_004696,USER_007,48.89,2026-02-07 13:26:00,Uber,Other,"New York, US"
TXN_002836,USER_046,96.3,2026-02-07 13:29:00,Hertz,Entertainment,"Rome, IT"
TXN_001840,USER_044,49.01,2026-02-07 13:34:00,Uber,Other,"Madrid, ES"
TXN_003931,USER_042,22.23,2026-02-07 13:36:00,Walmart,Food,"Lyon, FR"
TXN_000980,USER_008,8.71,2026-02-07 14:21:00,Airbnb,Travel,"Paris, FR"
TXN_001025,USER_018,58.28,2026-02-07 14:27:00,Hotels.com,Entertainment,"Berlin, DE"
TXN_000737,USER_032,63.32,2026-02-07 14:31:00,BestBuy,Entertainment,"Marseille, FR"
TXN_001690,USER_036,22.76,2026-02-07 14:33:00,Hotels.com,Healthcare,"Brussels, BE"
TXN_003380,USER_043,389.07,2026-02-07 14:34:00,Amazon,Subscription,"New York, US"
TXN_000829,USER_024,134.27,2026-02-07 14:54:00,Walmart,Transport,"Rome, IT"
TXN_002651,USER_029,44.74,2026-02-07 15:04:00,Whole Foods,Utilities,"Amsterdam, NL"
TXN_002313,USER_009,13.21,2026-02-07 15:08:00,Whole Foods,Other,"Berlin, DE"
TXN_FRAUD_4936_0,USER_009,299.3061442381734,2026-02-07 15:08:00,Whole Foods,Other,"Berlin, DE"
TXN_004554,USER_036,19.9,2026-02-07 15:09:00,BestBuy,Fuel,"Lyon, FR"
TXN_FRAUD_4936_1,USER_009,355.66331432265287,2026-02-07 15:13:00,Whole Foods,Other,"Berlin, DE"
TXN_004812,USER_003,7.17,2026-02-07 15:17:00,Hertz,Healthcare,"Paris, FR"
TXN_FRAUD_4936_2,USER_009,189.10880557607763,2026-02-07 15:18:00,Whole Foods,Other,"Berlin, DE"
TXN_001472,USER_002,15.94,2026-02-07 15:18:00,Whole Foods,Shopping,"Berlin, DE"
TXN_000304,USER_042,82.46,2026-02-07 15:30:00,Steam,Transport,"Amsterdam, NL"
TXN_003694,USER_013,75.53,2026-02-07 15:42:00,Google Play,Travel,"Madrid, ES"
TXN_000140,USER_039,4.78,2026-02-07 15:44:00,Netflix,Fuel,"Paris, FR"
TXN_003400,USER_048,18.7,2026-02-07 16:22:00,BestBuy,Fuel,"Rome, IT"
TXN_000728,USER_001,40.63,2026-02-07 16:27:00,Whole Foods,Fuel,"Madrid, ES"
TXN_002851,USER_037,35.49,2026-02-07 16:31:00,Steam,Healthcare,"Madrid, ES"
TXN_000947,USER_029,78.91,2026-02-07 16:58:00,BestBuy,Entertainment,"Brussels, BE"
TXN_001258,USER_017,54.99,2026-02-07 17:03:00,Hotels.com,Transport,"Brussels, BE"
TXN_001082,USER_045,4259.115033137385,2026-02-07 17:24:00,BestBuy,Other,"London, UK"
TXN_001959,USER_023,40.11,2026-02-07 17:24:00,Spotify,Fuel,"London, UK"
TXN_001413,USER_044,63.99,2026-02-07 17:32:00,Google Play,Food,"Brussels, BE"
TXN_001800,USER_026,2.62,2026-02-07 17:50:00,Uber,Transport,"London, UK"
TXN_001814,USER_029,44.42,2026-02-07 17:51:00,Delta Airlines,Food,"Madrid, ES"
TXN_002001,USER_017,29.11,2026-02-07 18:03:00,PayPal,Entertainment,"Rome, IT"
TXN_000650,USER_027,53.01,2026-02-07 18:45:00,Google Play,Subscription,"Lyon, FR"
TXN_004844,USER_004,74.52,2026-02-07 18:57:00,Target,Subscription,"Brussels, BE"
TXN_002840,USER_031,43.2,2026-02-07 23:57:00,Target,Travel,"Lyon, FR"
TXN_FRAUD_4956_0,USER_031,330.2138198686654,2026-02-07 23:57:00,Target,Travel,"Lyon, FR"
TXN_FRAUD_4956_1,USER_031,248.03115248922717,2026-02-08 00:02:00,Target,Travel,"Lyon, FR"
TXN_FRAUD_4956_2,USER_031,222.37893780332394,2026-02-08 00:07:00,Target,Travel,"Lyon, FR"
TXN_002308,USER_023,2665.2886219991406,2026-02-08 01:21:00,Steam,Fuel,"Beijing, CN"
TXN_001381,USER_042,2981.34932229509,2026-02-08 02:06:00,Hotels.com,Utilities,"Beijing, CN"
TXN_001148,USER_008,2715.307879747202,2026-02-08 02:16:00,Google Play,Food,"Moscow, RU"
TXN_002784,USER_017,1697.9327561644398,2026-02-08 02:23:00,Spotify,Entertainment,"Beijing, CN"
TXN_001203,USER_010,90.91,2026-02-08 04:39:00,Spotify,Other,"Lagos, NG"
TXN_004266,USER_015,37.69,2026-02-08 04:42:00,McDonalds,Food,"Lyon, FR"
TXN_002432,USER_008,22.45,2026-02-08 04:46:00,BestBuy,Subscription,"Madrid, ES"
TXN_000011,USER_013,2554.798520156222,2026-02-08 04:52:00,Walmart,Entertainment,"Beijing, CN"
TXN_002437,USER_007,36.4,2026-02-08 05:38:00,Delta Airlines,Travel,"New York, US"
TXN_003263,USER_010,48.25,2026-02-08 05:57:00,Walmart,Food,"Paris, FR"
TXN_001540,USER_021,26.76,2026-02-08 06:21:00,PayPal,Transport,"London, UK"
TXN_002358,USER_027,15.93,2026-02-08 06:27:00,Hotels.com,Utilities,"Lyon, FR"
TXN_004469,USER_004,5.87,2026-02-08 07:32:00,Hotels.com,Other,"London, UK"
TXN_003912,USER_019,30.77,2026-02-08 07:53:00,Starbucks,Subscription,"London, UK"
TXN_004398,USER_007,161.67,2026-02-08 07:53:00,Hertz,Other,"Madrid, ES"
TXN_002459,USER_006,13.51,2026-02-08 08:09:00,Google Play,Fuel,"Lyon, FR"
TXN_001861,USER_041,21.14,2026-02-08 08:31:00,Amazon,Transport,"London, UK"
TXN_000853,USER_041,114.38,2026-02-08 08:33:00,Google Play,Other,"Brussels, BE"
TXN_004403,USER_041,9.98,2026-02-08 09:24:00,Google Play,Fuel,"Marseille, FR"
TXN_001348,USER_011,19.55,2026-02-08 10:17:00,Whole Foods,Other,"Paris, FR"
TXN_001859,USER_033,67.93,2026-02-08 10:19:00,Google Play,Shopping,"Madrid, ES"
TXN_002587,USER_022,5.83,2026-02-08 10:25:00,Netflix,Entertainment,"Brussels, BE"
TXN_001207,USER_012,56.68,2026-02-08 10:26:00,Whole Foods,Subscription,"Amsterdam, NL"
TXN_002029,USER_033,23.33,2026-02-08 11:34:00,Delta Airlines,Utilities,"London, UK"
TXN_002802,USER_050,34.0,2026-02-08 12:19:00,Hertz,Other,"Amsterdam, NL"
TXN_004660,USER_005,298.73,2026-02-08 13:01:00,Apple Store,Entertainment,"Brussels, BE"
TXN_003923,USER_015,190.72,2026-02-08 13:45:00,Apple Store,Healthcare,"London, UK"
TXN_001315,USER_006,7.98,2026-02-08 14:29:00,Whole Foods,Utilities,"Madrid, ES"
TXN_002167,USER_040,27.89,2026-02-08 15:22:00,Target,Other,"Madrid, ES"
TXN_003724,USER_008,59.24,2026-02-08 16:00:00,Amazon,Shopping,"Amsterdam, NL"
TXN_004454,USER_008,43.2,2026-02-08 16:03:00,Apple Store,Fuel,"Rome, IT"
TXN_001421,USER_012,31.35,2026-02-08 16:07:00,Amazon,Food,"New York, US"
TXN_003635,USER_012,158.62,2026-02-08 16:22:00,BestBuy,Transport,"New York, US"
TXN_000564,USER_044,103.56,2026-02-08 16:39:00,Spotify,Other,"Amsterdam, NL"
TXN_004099,USER_023,246.84,2026-02-08 16:57:00,Delta Airlines,Healthcare,"Marseille, FR"
TXN_003663,USER_032,243.49,2026-02-08 17:45:00,Apple Store,Transport,"Amsterdam, NL"
TXN_001377,USER_036,44.81,2026-02-08 17:50:00,Apple Store,Travel,"Marseille, FR"
TXN_004171,USER_020,34.19,2026-02-08 18:04:00,Target,Utilities,"Amsterdam, NL"
TXN_003598,USER_036,16.21,2026-02-08 18:13:00,Google Play,Travel,"Paris, FR"
TXN_000946,USER_050,6.82,2026-02-08 18:13:00,Starbucks,Food,"New York, US"
TXN_002443,USER_014,127.31,2026-02-08 18:59:00,Walmart,Healthcare,"London, UK"
TXN_002035,USER_006,8.49,2026-02-08 19:44:00,Hertz,Utilities,"Marseille, FR"
TXN_002312,USER_037,17.85,2026-02-08 19:47:00,Delta Airlines,Fuel,"London, UK"
